date,ticker,close_price
2024-01-01,TECH01,390.94
2024-01-02,TECH01,396.34
2024-01-03,TECH01,403.17
2024-01-04,TECH01,389.13
2024-01-05,TECH01,380.13
2024-01-08,TECH01,381.12
2024-01-09,TECH01,379.06
2024-01-10,TECH01,379.06
2024-01-11,TECH01,373.36
2024-01-12,TECH01,
2024-01-15,TECH01,384.8
2024-01-16,TECH01,385.38
2024-01-17,TECH01,393.31
2024-01-18,TECH01,396.74
2024-01-19,TECH01,390.72
2024-01-22,TECH01,393.43
2024-01-23,TECH01,386.76
2024-01-24,TECH01,392.99
2024-01-25,TECH01,392.75
2024-01-26,TECH01,391.57
2024-01-29,TECH01,386.88
2024-01-30,TECH01,395.51
2024-01-31,TECH01,394.53
2024-02-01,TECH01,391.61
2024-02-02,TECH01,389.24
2024-02-05,TECH01,393.09
2024-02-06,TECH01,395.79
2024-02-07,TECH01,398.85
2024-02-08,TECH01,402.07
2024-02-09,TECH01,417.69
2024-02-12,TECH01,414.76
2024-02-13,TECH01,411.06
2024-02-14,TECH01,405.16
2024-02-15,TECH01,409.77
2024-02-16,TECH01,418.22
2024-02-19,TECH01,417.49
2024-02-20,TECH01,411.3
2024-02-21,TECH01,405.32
2024-02-22,TECH01,410.19
2024-02-23,TECH01,415.8
2024-02-26,TECH01,419.99
2024-02-27,TECH01,415.08
2024-02-28,TECH01,416.94
2024-02-29,TECH01,417.94
2024-03-01,TECH01,419.71
2024-03-04,TECH01,426.42
2024-03-05,TECH01,428.27
2024-03-06,TECH01,433.63
2024-03-07,TECH01,434.29
2024-03-08,TECH01,436.68
2024-03-11,TECH01,441.77
2024-03-12,TECH01,430.32
2024-03-13,TECH01,427.97
2024-03-14,TECH01,424.47
2024-03-15,TECH01,419.72
2024-03-18,TECH01,417.77
2024-03-19,TECH01,429.14
2024-03-20,TECH01,422.58
2024-03-21,TECH01,430.07
2024-03-22,TECH01,417.17
2024-03-25,TECH01,414.78
2024-03-26,TECH01,416.12
2024-03-27,TECH01,420.64
2024-03-28,TECH01,426.15
2024-03-29,TECH01,432.36
2024-04-01,TECH01,429.78
2024-04-02,TECH01,426.33
2024-04-03,TECH01,433.04
2024-04-04,TECH01,431.68
2024-04-05,TECH01,421.9
2024-04-08,TECH01,413.42
2024-04-09,TECH01,406.7
2024-04-10,TECH01,410.46
2024-04-11,TECH01,411.63
2024-04-12,TECH01,416.87
2024-04-15,TECH01,413.79
2024-04-16,TECH01,415.1
2024-04-17,TECH01,419.9
2024-04-18,TECH01,417.68
2024-04-19,TECH01,421.24
2024-04-22,TECH01,416.35
2024-04-23,TECH01,413.76
2024-04-24,TECH01,411.04
2024-04-25,TECH01,402.31
2024-04-26,TECH01,405.96
2024-04-29,TECH01,402.65
2024-04-30,TECH01,402.86
2024-05-01,TECH01,406.47
2024-05-02,TECH01,409.86
2024-05-03,TECH01,414.89
2024-05-06,TECH01,414.28
2024-05-07,TECH01,411.25
2024-05-08,TECH01,410.78
2024-05-09,TECH01,398.43
2024-05-10,TECH01,388.17
2024-05-13,TECH01,379.04
2024-05-14,TECH01,372.35
2024-05-15,TECH01,375.14
2024-05-16,TECH01,369.14
2024-05-17,TECH01,366.74
2024-05-20,TECH01,375.43
2024-05-21,TECH01,373.13
2024-05-22,TECH01,378.2
2024-05-23,TECH01,371.96
2024-05-24,TECH01,370.69
2024-05-27,TECH01,364.46
2024-05-28,TECH01,362.35
2024-05-29,TECH01,367.94
2024-05-30,TECH01,356.61
2024-05-31,TECH01,359.5
2024-06-03,TECH01,361.15
2024-06-04,TECH01,357.4
2024-06-05,TECH01,348.2
2024-06-06,TECH01,348.76
2024-06-07,TECH01,345.54
2024-06-10,TECH01,347.09
2024-06-11,TECH01,347.33
2024-06-12,TECH01,357.45
2024-06-13,TECH01,356.02
2024-06-14,TECH01,349.56
2024-06-17,TECH01,350.8
2024-06-18,TECH01,352.29
2024-06-19,TECH01,361.02
2024-06-20,TECH01,366.55
2024-06-21,TECH01,369.02
2024-06-24,TECH01,378.85
2024-06-25,TECH01,370.85
2024-06-26,TECH01,366.69
2024-06-27,TECH01,360.69
2024-06-28,TECH01,358.26
2024-07-01,TECH01,349.49
2024-07-02,TECH01,353.59
2024-07-03,TECH01,352.29
2024-07-04,TECH01,343.07
2024-07-05,TECH01,336.9
2024-07-08,TECH01,338.9
2024-07-09,TECH01,344.11
2024-07-10,TECH01,356.59
2024-07-11,TECH01,375.39
2024-07-12,TECH01,378.31
2024-07-15,TECH01,371.68
2024-07-16,TECH01,357.53
2024-07-17,TECH01,359.36
2024-07-18,TECH01,354.21
2024-07-19,TECH01,351.67
2024-07-22,TECH01,347.9
2024-07-23,TECH01,347.12
2024-07-24,TECH01,353.89
2024-07-25,TECH01,354.99
2024-07-26,TECH01,354.09
2024-07-29,TECH01,347.59
2024-07-30,TECH01,337.22
2024-07-31,TECH01,334.37
2024-08-01,TECH01,334.14
2024-08-02,TECH01,344.88
2024-08-05,TECH01,345.79
2024-08-06,TECH01,352.01
2024-08-07,TECH01,348.95
2024-08-08,TECH01,341.61
2024-08-09,TECH01,335.78
2024-08-12,TECH01,331.5
2024-08-13,TECH01,344.3
2024-08-14,TECH01,339.31
2024-08-15,TECH01,344.53
2024-08-16,TECH01,339.04
2024-08-19,TECH01,344.82
2024-08-20,TECH01,347.32
2024-08-21,TECH01,346.44
2024-08-22,TECH01,346.29
2024-08-23,TECH01,342.31
2024-08-26,TECH01,345.17
2024-08-27,TECH01,342.44
2024-08-28,TECH01,334.99
2024-08-29,TECH01,327.39
2024-08-30,TECH01,328.5
2024-09-02,TECH01,337.94
2024-09-03,TECH01,339.01
2024-09-04,TECH01,338.39
2024-09-05,TECH01,340.23
2024-09-06,TECH01,348.33
2024-09-09,TECH01,349.81
2024-09-10,TECH01,347.33
2024-09-11,TECH01,354.35
2024-09-12,TECH01,357.19
2024-09-13,TECH01,367.17
2024-09-16,TECH01,368.49
2024-09-17,TECH01,360.48
2024-09-18,TECH01,351.71
2024-09-19,TECH01,362.27
2024-09-20,TECH01,373.62
2024-09-23,TECH01,372.52
2024-09-24,TECH01,370.07
2024-09-25,TECH01,379.91
2024-09-26,TECH01,372.46
2024-09-27,TECH01,366.57
2024-09-30,TECH01,370.92
2024-10-01,TECH01,368.4
2024-10-02,TECH01,368.48
2024-10-03,TECH01,367.5
2024-10-04,TECH01,369.85
2024-10-07,TECH01,379.33
2024-10-08,TECH01,380.06
2024-10-09,TECH01,384.58
2024-10-10,TECH01,370.5
2024-10-11,TECH01,370.29
2024-10-14,TECH01,364.78
2024-10-15,TECH01,356.89
2024-10-16,TECH01,351.35
2024-10-17,TECH01,349.34
2024-10-18,TECH01,355.21
2024-10-21,TECH01,346.83
2024-10-22,TECH01,347.13
2024-10-23,TECH01,344.21
2024-10-24,TECH01,342.28
2024-10-25,TECH01,348.56
2024-10-28,TECH01,352.04
2024-10-29,TECH01,360.62
2024-10-30,TECH01,359.73
2024-10-31,TECH01,355.33
2024-11-01,TECH01,354.0
2024-11-04,TECH01,355.66
2024-11-05,TECH01,356.89
2024-11-06,TECH01,350.03
2024-11-07,TECH01,350.71
2024-11-08,TECH01,352.26
2024-11-11,TECH01,368.32
2024-11-12,TECH01,380.88
2024-11-13,TECH01,375.14
2024-11-14,TECH01,373.31
2024-11-15,TECH01,363.59
2024-11-18,TECH01,359.83
2024-11-19,TECH01,361.99
2024-11-20,TECH01,369.95
2024-11-21,TECH01,365.21
2024-11-22,TECH01,361.02
2024-11-25,TECH01,347.17
2024-11-26,TECH01,346.26
2024-11-27,TECH01,339.74
2024-11-28,TECH01,336.61
2024-11-29,TECH01,331.39
2024-12-02,TECH01,330.93
2024-12-03,TECH01,320.56
2024-12-04,TECH01,312.19
2024-12-05,TECH01,324.25
2024-12-06,TECH01,316.83
2024-12-09,TECH01,310.67
2024-12-10,TECH01,321.04
2024-12-11,TECH01,337.92
2024-12-12,TECH01,330.9
2024-12-13,TECH01,328.8
2024-12-16,TECH01,330.92
2024-12-17,TECH01,341.32
2024-12-18,TECH01,335.36
2024-12-19,TECH01,333.98
2024-12-20,TECH01,338.75
2024-12-23,TECH01,341.51
2024-12-24,TECH01,339.3
2024-12-25,TECH01,338.58
2024-12-26,TECH01,330.3
2024-12-27,TECH01,328.99
2024-12-30,TECH01,327.51
2024-12-31,TECH01,328.97
2025-01-01,TECH01,325.78
2025-01-02,TECH01,328.65
2025-01-03,TECH01,334.74
2025-01-06,TECH01,335.77
2025-01-07,TECH01,338.0
2025-01-08,TECH01,338.43
2025-01-09,TECH01,338.53
2025-01-10,TECH01,334.23
2025-01-13,TECH01,336.24
2025-01-14,TECH01,335.75
2025-01-15,TECH01,348.5
2025-01-16,TECH01,358.47
2025-01-17,TECH01,361.07
2025-01-20,TECH01,356.22
2025-01-21,TECH01,349.19
2025-01-22,TECH01,356.79
2025-01-23,TECH01,358.58
2025-01-24,TECH01,361.79
2025-01-27,TECH01,350.53
2025-01-28,TECH01,356.49
2025-01-29,TECH01,359.51
2025-01-30,TECH01,352.44
2025-01-31,TECH01,349.55
2025-02-03,TECH01,351.31
2025-02-04,TECH01,351.75
2025-02-05,TECH01,350.01
2025-02-06,TECH01,349.46
2025-02-07,TECH01,347.98
2025-02-10,TECH01,349.04
2025-02-11,TECH01,358.39
2025-02-12,TECH01,341.94
2025-02-13,TECH01,340.58
2025-02-14,TECH01,341.77
2025-02-17,TECH01,343.69
2025-02-18,TECH01,341.49
2025-02-19,TECH01,330.8
2025-02-20,TECH01,332.85
2025-02-21,TECH01,343.3
2025-02-24,TECH01,333.92
2025-02-25,TECH01,339.22
2025-02-26,TECH01,337.31
2025-02-27,TECH01,337.04
2025-02-28,TECH01,330.76
2025-03-03,TECH01,328.86
2025-03-04,TECH01,336.66
2025-03-05,TECH01,340.29
2025-03-06,TECH01,351.0
2025-03-07,TECH01,358.55
2025-03-10,TECH01,361.49
2025-03-11,TECH01,372.94
2025-03-12,TECH01,376.0
2025-03-13,TECH01,381.72
2025-03-14,TECH01,379.8
2025-03-17,TECH01,380.36
2025-03-18,TECH01,375.7
2025-03-19,TECH01,382.51
2025-03-20,TECH01,374.51
2025-03-21,TECH01,379.9
2025-03-24,TECH01,378.71
2025-03-25,TECH01,386.8
2025-03-26,TECH01,392.15
2025-03-27,TECH01,405.12
2025-03-28,TECH01,410.57
2025-03-31,TECH01,399.07
2025-04-01,TECH01,398.71
2025-04-02,TECH01,390.42
2025-04-03,TECH01,386.9
2025-04-04,TECH01,397.54
2025-04-07,TECH01,402.22
2025-04-08,TECH01,397.28
2025-04-09,TECH01,390.15
2025-04-10,TECH01,390.5
2025-04-11,TECH01,382.06
2025-04-14,TECH01,377.56
2025-04-15,TECH01,379.79
2025-04-16,TECH01,387.81
2025-04-17,TECH01,392.17
2025-04-18,TECH01,376.12
2025-04-21,TECH01,378.29
2025-04-22,TECH01,378.89
2025-04-23,TECH01,381.83
2025-04-24,TECH01,393.05
2025-04-25,TECH01,378.57
2025-04-28,TECH01,374.66
2025-04-29,TECH01,378.76
2025-04-30,TECH01,368.09
2025-05-01,TECH01,377.98
2025-05-02,TECH01,380.6
2025-05-05,TECH01,386.51
2025-05-06,TECH01,382.65
2025-05-07,TECH01,388.37
2025-05-08,TECH01,395.96
2025-05-09,TECH01,397.74
2025-05-12,TECH01,399.53
2025-05-13,TECH01,401.6
2025-05-14,TECH01,395.48
2025-05-15,TECH01,394.55
2025-05-16,TECH01,393.58
2025-05-19,TECH01,396.42
2025-05-20,TECH01,403.67
2025-05-21,TECH01,396.1
2025-05-22,TECH01,395.33
2025-05-23,TECH01,405.99
2025-05-26,TECH01,400.67
2025-05-27,TECH01,394.86
2025-05-28,TECH01,396.42
2025-05-29,TECH01,402.57
2025-05-30,TECH01,402.77
2025-06-02,TECH01,412.52
2025-06-03,TECH01,419.01
2025-06-04,TECH01,425.49
2025-06-05,TECH01,429.86
2025-06-06,TECH01,448.0
2025-06-09,TECH01,446.48
2025-06-10,TECH01,430.51
2025-06-11,TECH01,443.07
2025-06-12,TECH01,439.55
2025-06-13,TECH01,440.54
2025-06-16,TECH01,451.05
2025-06-17,TECH01,438.18
2025-06-18,TECH01,428.44
2025-06-19,TECH01,416.22
2025-06-20,TECH01,410.39
2025-06-23,TECH01,413.76
2025-06-24,TECH01,417.79
2025-06-25,TECH01,420.0
2025-06-26,TECH01,409.44
2025-06-27,TECH01,392.54
2025-06-30,TECH01,393.04
2025-07-01,TECH01,389.82
2025-07-02,TECH01,393.16
2025-07-03,TECH01,398.25
2025-07-04,TECH01,399.36
2025-07-07,TECH01,404.94
2025-07-08,TECH01,406.73
2025-07-09,TECH01,410.74
2025-07-10,TECH01,405.65
2025-07-11,TECH01,404.46
2025-07-14,TECH01,406.01
2025-07-15,TECH01,412.13
2025-07-16,TECH01,409.34
2025-07-17,TECH01,413.3
2025-07-18,TECH01,411.44
2025-07-21,TECH01,410.7
2025-07-22,TECH01,416.95
2025-07-23,TECH01,402.12
2025-07-24,TECH01,392.86
2025-07-25,TECH01,382.49
2025-07-28,TECH01,366.54
2025-07-29,TECH01,362.18
2025-07-30,TECH01,367.17
2025-07-31,TECH01,365.4
2025-08-01,TECH01,366.81
2025-08-04,TECH01,374.11
2025-08-05,TECH01,383.16
2025-08-06,TECH01,382.8
2025-08-07,TECH01,392.24
2025-08-08,TECH01,393.01
2025-08-11,TECH01,387.2
2025-08-12,TECH01,383.18
2025-08-13,TECH01,373.08
2025-08-14,TECH01,367.23
2025-08-15,TECH01,364.97
2025-08-18,TECH01,370.36
2025-08-19,TECH01,381.94
2025-08-20,TECH01,372.56
2025-08-21,TECH01,375.3
2025-08-22,TECH01,368.39
2025-08-25,TECH01,371.64
2025-08-26,TECH01,370.88
2025-08-27,TECH01,358.77
2025-08-28,TECH01,364.87
2025-08-29,TECH01,361.0
2025-09-01,TECH01,357.64
2025-09-02,TECH01,350.86
2025-09-03,TECH01,346.84
2025-09-04,TECH01,349.61
2025-09-05,TECH01,348.53
2025-09-08,TECH01,350.69
2025-09-09,TECH01,353.08
2025-09-10,TECH01,361.58
2025-09-11,TECH01,359.46
2025-09-12,TECH01,350.01
2025-09-15,TECH01,356.84
2025-09-16,TECH01,354.82
2025-09-17,TECH01,362.04
2025-09-18,TECH01,364.65
2025-09-19,TECH01,363.9
2025-09-22,TECH01,366.29
2025-09-23,TECH01,379.27
2025-09-24,TECH01,393.56
2025-09-25,TECH01,394.17
2025-09-26,TECH01,395.42
2025-09-29,TECH01,403.2
2025-09-30,TECH01,397.19
2025-10-01,TECH01,399.69
2025-10-02,TECH01,399.62
2025-10-03,TECH01,402.0
2025-10-06,TECH01,396.09
2025-10-07,TECH01,384.87
2025-10-08,TECH01,370.63
2025-10-09,TECH01,363.29
2025-10-10,TECH01,360.4
2025-10-13,TECH01,358.6
2025-10-14,TECH01,371.21
2025-10-15,TECH01,378.72
2025-10-16,TECH01,372.27
2025-10-17,TECH01,374.71
2025-10-20,TECH01,372.08
2025-10-21,TECH01,370.29
2025-10-22,TECH01,371.63
2025-10-23,TECH01,375.89
2025-10-24,TECH01,373.7
2025-10-27,TECH01,380.97
2025-10-28,TECH01,373.25
2025-10-29,TECH01,373.41
2025-10-30,TECH01,390.98
2025-10-31,TECH01,392.67
2025-11-03,TECH01,402.92
2025-11-04,TECH01,403.7
2025-11-05,TECH01,408.04
2025-11-06,TECH01,407.75
2025-11-07,TECH01,406.62
2025-11-10,TECH01,401.04
2025-11-11,TECH01,404.26
2025-11-12,TECH01,398.19
2025-11-13,TECH01,403.08
2025-11-14,TECH01,411.07
2025-11-17,TECH01,413.91
2025-11-18,TECH01,411.9
2025-11-19,TECH01,415.39
2025-11-20,TECH01,413.21
2025-11-21,TECH01,420.29
2025-11-24,TECH01,406.56
2025-11-25,TECH01,404.22
2025-11-26,TECH01,389.86
2025-11-27,TECH01,379.49
2025-11-28,TECH01,388.92
2025-12-01,TECH01,395.3
2025-12-02,TECH01,390.3
2025-12-03,TECH01,379.86
2025-12-04,TECH01,359.7
2025-12-05,TECH01,356.29
2025-12-08,TECH01,371.92
2025-12-09,TECH01,374.95
2025-12-10,TECH01,371.28
2025-12-11,TECH01,374.5
2025-12-12,TECH01,364.09
2025-12-15,TECH01,362.25
2025-12-16,TECH01,363.01
2025-12-17,TECH01,362.56
2025-12-18,TECH01,367.83
2025-12-19,TECH01,370.22
2025-12-22,TECH01,374.78
2025-12-23,TECH01,370.25
2025-12-24,TECH01,376.35
2025-12-25,TECH01,387.49
2025-12-26,TECH01,380.84
2025-12-29,TECH01,374.87
2025-12-30,TECH01,384.0
2025-12-31,TECH01,382.79
2026-01-01,TECH01,392.58
2026-01-02,TECH01,389.57
2026-01-05,TECH01,399.89
2026-01-06,TECH01,400.95
2026-01-07,TECH01,402.94
2026-01-08,TECH01,414.41
2026-01-09,TECH01,411.83
2026-01-12,TECH01,404.98
2026-01-13,TECH01,401.83
2026-01-14,TECH01,405.22
2026-01-15,TECH01,393.93
2026-01-16,TECH01,398.56
2026-01-19,TECH01,394.82
2026-01-20,TECH01,403.09
2026-01-21,TECH01,385.84
2026-01-22,TECH01,380.5
2026-01-23,TECH01,369.06
2026-01-26,TECH01,363.68
2026-01-27,TECH01,365.41
2026-01-28,TECH01,364.34
2026-01-29,TECH01,362.79
2026-01-30,TECH01,361.86
2026-02-02,TECH01,363.29
2026-02-03,TECH01,356.81
2026-02-04,TECH01,361.45
2026-02-05,TECH01,365.87
2026-02-06,TECH01,368.52
2026-02-09,TECH01,372.32
2026-02-10,TECH01,374.42
2026-02-11,TECH01,388.25
2026-02-12,TECH01,387.75
2026-02-13,TECH01,385.73
2026-02-16,TECH01,380.61
2026-02-17,TECH01,373.65
2026-02-18,TECH01,365.4
2026-02-19,TECH01,359.66
2026-02-20,TECH01,359.31
2026-02-23,TECH01,361.58
2026-02-24,TECH01,362.02
2026-02-25,TECH01,357.14
2026-02-26,TECH01,363.04
2026-02-27,TECH01,367.98
2026-03-02,TECH01,367.03
2024-01-01,TECH02,472.11
2024-01-02,TECH02,473.85
2024-01-03,TECH02,461.64
2024-01-04,TECH02,461.21
2024-01-05,TECH02,463.53
2024-01-08,TECH02,456.16
2024-01-09,TECH02,457.86
2024-01-10,TECH02,446.0
2024-01-11,TECH02,456.86
2024-01-12,TECH02,467.26
2024-01-15,TECH02,465.28
2024-01-16,TECH02,468.46
2024-01-17,TECH02,448.28
2024-01-18,TECH02,439.09
2024-01-19,TECH02,436.9
2024-01-22,TECH02,428.6
2024-01-23,TECH02,434.24
2024-01-24,TECH02,449.98
2024-01-25,TECH02,440.58
2024-01-26,TECH02,434.07
2024-01-29,TECH02,436.04
2024-01-30,TECH02,448.82
2024-01-31,TECH02,439.08
2024-02-01,TECH02,441.18
2024-02-02,TECH02,455.77
2024-02-05,TECH02,442.36
2024-02-06,TECH02,432.29
2024-02-07,TECH02,429.13
2024-02-08,TECH02,425.23
2024-02-09,TECH02,431.58
2024-02-12,TECH02,433.59
2024-02-13,TECH02,419.87
2024-02-14,TECH02,423.89
2024-02-15,TECH02,419.61
2024-02-16,TECH02,429.36
2024-02-19,TECH02,424.64
2024-02-20,TECH02,419.9
2024-02-21,TECH02,424.11
2024-02-22,TECH02,430.07
2024-02-23,TECH02,433.66
2024-02-26,TECH02,420.64
2024-02-27,TECH02,424.84
2024-02-28,TECH02,417.05
2024-02-29,TECH02,418.95
2024-03-01,TECH02,408.33
2024-03-04,TECH02,411.74
2024-03-05,TECH02,405.88
2024-03-06,TECH02,396.63
2024-03-07,TECH02,401.85
2024-03-08,TECH02,403.72
2024-03-11,TECH02,399.38
2024-03-12,TECH02,409.93
2024-03-13,TECH02,406.8
2024-03-14,TECH02,407.16
2024-03-15,TECH02,409.25
2024-03-18,TECH02,404.81
2024-03-19,TECH02,408.36
2024-03-20,TECH02,404.56
2024-03-21,TECH02,401.69
2024-03-22,TECH02,411.66
2024-03-25,TECH02,404.07
2024-03-26,TECH02,386.65
2024-03-27,TECH02,397.97
2024-03-28,TECH02,416.36
2024-03-29,TECH02,413.44
2024-04-01,TECH02,399.15
2024-04-02,TECH02,397.04
2024-04-03,TECH02,395.12
2024-04-04,TECH02,393.88
2024-04-05,TECH02,386.11
2024-04-08,TECH02,390.25
2024-04-09,TECH02,394.05
2024-04-10,TECH02,383.57
2024-04-11,TECH02,388.51
2024-04-12,TECH02,402.99
2024-04-15,TECH02,404.35
2024-04-16,TECH02,402.02
2024-04-17,TECH02,401.11
2024-04-18,TECH02,405.68
2024-04-19,TECH02,393.16
2024-04-22,TECH02,394.44
2024-04-23,TECH02,391.79
2024-04-24,TECH02,404.94
2024-04-25,TECH02,403.79
2024-04-26,TECH02,416.03
2024-04-29,TECH02,407.89
2024-04-30,TECH02,412.33
2024-05-01,TECH02,414.82
2024-05-02,TECH02,408.45
2024-05-03,TECH02,409.88
2024-05-06,TECH02,418.95
2024-05-07,TECH02,416.63
2024-05-08,TECH02,404.07
2024-05-09,TECH02,404.06
2024-05-10,TECH02,397.62
2024-05-13,TECH02,395.29
2024-05-14,TECH02,394.83
2024-05-15,TECH02,382.83
2024-05-16,TECH02,371.81
2024-05-17,TECH02,375.14
2024-05-20,TECH02,371.73
2024-05-21,TECH02,354.68
2024-05-22,TECH02,359.8
2024-05-23,TECH02,361.67
2024-05-24,TECH02,357.13
2024-05-27,TECH02,348.77
2024-05-28,TECH02,354.12
2024-05-29,TECH02,356.46
2024-05-30,TECH02,371.85
2024-05-31,TECH02,374.77
2024-06-03,TECH02,377.5
2024-06-04,TECH02,376.48
2024-06-05,TECH02,382.13
2024-06-06,TECH02,386.54
2024-06-07,TECH02,395.37
2024-06-10,TECH02,391.78
2024-06-11,TECH02,388.82
2024-06-12,TECH02,385.59
2024-06-13,TECH02,391.19
2024-06-14,TECH02,401.86
2024-06-17,TECH02,398.66
2024-06-18,TECH02,395.73
2024-06-19,TECH02,398.09
2024-06-20,TECH02,396.45
2024-06-21,TECH02,403.36
2024-06-24,TECH02,387.13
2024-06-25,TECH02,381.49
2024-06-26,TECH02,376.23
2024-06-27,TECH02,360.63
2024-06-28,TECH02,354.48
2024-07-01,TECH02,348.75
2024-07-02,TECH02,347.59
2024-07-03,TECH02,354.66
2024-07-04,TECH02,353.2
2024-07-05,TECH02,346.75
2024-07-08,TECH02,346.5
2024-07-09,TECH02,353.15
2024-07-10,TECH02,347.05
2024-07-11,TECH02,341.47
2024-07-12,TECH02,345.0
2024-07-15,TECH02,343.73
2024-07-16,TECH02,347.84
2024-07-17,TECH02,347.86
2024-07-18,TECH02,352.36
2024-07-19,TECH02,345.9
2024-07-22,TECH02,345.92
2024-07-23,TECH02,344.72
2024-07-24,TECH02,337.28
2024-07-25,TECH02,327.88
2024-07-26,TECH02,332.03
2024-07-29,TECH02,330.03
2024-07-30,TECH02,324.06
2024-07-31,TECH02,323.59
2024-08-01,TECH02,330.26
2024-08-02,TECH02,316.8
2024-08-05,TECH02,308.36
2024-08-06,TECH02,303.33
2024-08-07,TECH02,311.4
2024-08-08,TECH02,313.08
2024-08-09,TECH02,317.5
2024-08-12,TECH02,311.08
2024-08-13,TECH02,304.9
2024-08-14,TECH02,307.45
2024-08-15,TECH02,307.87
2024-08-16,TECH02,311.0
2024-08-19,TECH02,310.04
2024-08-20,TECH02,311.69
2024-08-21,TECH02,312.67
2024-08-22,TECH02,317.14
2024-08-23,TECH02,321.84
2024-08-26,TECH02,312.55
2024-08-27,TECH02,300.0
2024-08-28,TECH02,305.5
2024-08-29,TECH02,312.13
2024-08-30,TECH02,306.49
2024-09-02,TECH02,296.32
2024-09-03,TECH02,296.93
2024-09-04,TECH02,302.0
2024-09-05,TECH02,311.86
2024-09-06,TECH02,314.85
2024-09-09,TECH02,312.84
2024-09-10,TECH02,307.91
2024-09-11,TECH02,308.06
2024-09-12,TECH02,306.49
2024-09-13,TECH02,300.99
2024-09-16,TECH02,312.18
2024-09-17,TECH02,322.3
2024-09-18,TECH02,328.99
2024-09-19,TECH02,323.63
2024-09-20,TECH02,328.71
2024-09-23,TECH02,332.59
2024-09-24,TECH02,335.34
2024-09-25,TECH02,342.99
2024-09-26,TECH02,347.01
2024-09-27,TECH02,351.74
2024-09-30,TECH02,355.88
2024-10-01,TECH02,358.17
2024-10-02,TECH02,346.78
2024-10-03,TECH02,347.4
2024-10-04,TECH02,344.03
2024-10-07,TECH02,336.21
2024-10-08,TECH02,346.48
2024-10-09,TECH02,357.37
2024-10-10,TECH02,366.22
2024-10-11,TECH02,368.01
2024-10-14,TECH02,377.07
2024-10-15,TECH02,377.27
2024-10-16,TECH02,378.76
2024-10-17,TECH02,371.42
2024-10-18,TECH02,374.18
2024-10-21,TECH02,374.7
2024-10-22,TECH02,366.03
2024-10-23,TECH02,365.8
2024-10-24,TECH02,365.38
2024-10-25,TECH02,377.32
2024-10-28,TECH02,383.5
2024-10-29,TECH02,383.7
2024-10-30,TECH02,385.53
2024-10-31,TECH02,385.95
2024-11-01,TECH02,384.66
2024-11-04,TECH02,377.28
2024-11-05,TECH02,376.37
2024-11-06,TECH02,371.43
2024-11-07,TECH02,363.18
2024-11-08,TECH02,366.63
2024-11-11,TECH02,369.32
2024-11-12,TECH02,357.55
2024-11-13,TECH02,356.87
2024-11-14,TECH02,363.37
2024-11-15,TECH02,370.41
2024-11-18,TECH02,377.36
2024-11-19,TECH02,377.74
2024-11-20,TECH02,372.11
2024-11-21,TECH02,364.96
2024-11-22,TECH02,367.33
2024-11-25,TECH02,369.95
2024-11-26,TECH02,378.64
2024-11-27,TECH02,386.25
2024-11-28,TECH02,385.44
2024-11-29,TECH02,376.93
2024-12-02,TECH02,374.87
2024-12-03,TECH02,376.45
2024-12-04,TECH02,375.2
2024-12-05,TECH02,371.41
2024-12-06,TECH02,373.21
2024-12-09,TECH02,369.93
2024-12-10,TECH02,365.86
2024-12-11,TECH02,368.02
2024-12-12,TECH02,365.47
2024-12-13,TECH02,367.19
2024-12-16,TECH02,369.1
2024-12-17,TECH02,361.64
2024-12-18,TECH02,358.62
2024-12-19,TECH02,368.01
2024-12-20,TECH02,360.42
2024-12-23,TECH02,346.8
2024-12-24,TECH02,335.28
2024-12-25,TECH02,335.55
2024-12-26,TECH02,335.84
2024-12-27,TECH02,335.23
2024-12-30,TECH02,342.66
2024-12-31,TECH02,326.28
2025-01-01,TECH02,328.7
2025-01-02,TECH02,338.04
2025-01-03,TECH02,331.28
2025-01-06,TECH02,329.11
2025-01-07,TECH02,324.75
2025-01-08,TECH02,319.62
2025-01-09,TECH02,317.84
2025-01-10,TECH02,326.1
2025-01-13,TECH02,336.98
2025-01-14,TECH02,335.05
2025-01-15,TECH02,346.63
2025-01-16,TECH02,346.96
2025-01-17,TECH02,358.02
2025-01-20,TECH02,357.52
2025-01-21,TECH02,358.47
2025-01-22,TECH02,360.94
2025-01-23,TECH02,381.7
2025-01-24,TECH02,387.66
2025-01-27,TECH02,382.85
2025-01-28,TECH02,389.64
2025-01-29,TECH02,387.22
2025-01-30,TECH02,383.92
2025-01-31,TECH02,390.31
2025-02-03,TECH02,390.65
2025-02-04,TECH02,392.73
2025-02-05,TECH02,392.94
2025-02-06,TECH02,395.44
2025-02-07,TECH02,398.58
2025-02-10,TECH02,384.81
2025-02-11,TECH02,389.54
2025-02-12,TECH02,382.77
2025-02-13,TECH02,372.95
2025-02-14,TECH02,372.67
2025-02-17,TECH02,373.34
2025-02-18,TECH02,368.79
2025-02-19,TECH02,374.42
2025-02-20,TECH02,365.49
2025-02-21,TECH02,362.92
2025-02-24,TECH02,359.21
2025-02-25,TECH02,359.02
2025-02-26,TECH02,360.93
2025-02-27,TECH02,354.49
2025-02-28,TECH02,359.21
2025-03-03,TECH02,359.73
2025-03-04,TECH02,347.59
2025-03-05,TECH02,335.44
2025-03-06,TECH02,335.46
2025-03-07,TECH02,334.23
2025-03-10,TECH02,333.71
2025-03-11,TECH02,333.64
2025-03-12,TECH02,335.09
2025-03-13,TECH02,340.91
2025-03-14,TECH02,334.19
2025-03-17,TECH02,327.24
2025-03-18,TECH02,320.9
2025-03-19,TECH02,322.67
2025-03-20,TECH02,330.0
2025-03-21,TECH02,327.53
2025-03-24,TECH02,312.88
2025-03-25,TECH02,303.38
2025-03-26,TECH02,298.92
2025-03-27,TECH02,296.01
2025-03-28,TECH02,293.92
2025-03-31,TECH02,294.21
2025-04-01,TECH02,292.65
2025-04-02,TECH02,298.27
2025-04-03,TECH02,294.73
2025-04-04,TECH02,290.24
2025-04-07,TECH02,292.83
2025-04-08,TECH02,284.82
2025-04-09,TECH02,286.91
2025-04-10,TECH02,287.52
2025-04-11,TECH02,286.85
2025-04-14,TECH02,295.13
2025-04-15,TECH02,291.92
2025-04-16,TECH02,302.83
2025-04-17,TECH02,301.69
2025-04-18,TECH02,294.85
2025-04-21,TECH02,295.31
2025-04-22,TECH02,289.67
2025-04-23,TECH02,285.84
2025-04-24,TECH02,287.97
2025-04-25,TECH02,290.94
2025-04-28,TECH02,287.76
2025-04-29,TECH02,292.97
2025-04-30,TECH02,299.16
2025-05-01,TECH02,306.98
2025-05-02,TECH02,310.0
2025-05-05,TECH02,317.7
2025-05-06,TECH02,307.04
2025-05-07,TECH02,305.37
2025-05-08,TECH02,300.7
2025-05-09,TECH02,301.44
2025-05-12,TECH02,298.43
2025-05-13,TECH02,297.62
2025-05-14,TECH02,307.8
2025-05-15,TECH02,306.95
2025-05-16,TECH02,309.33
2025-05-19,TECH02,308.13
2025-05-20,TECH02,308.64
2025-05-21,TECH02,308.76
2025-05-22,TECH02,311.35
2025-05-23,TECH02,317.97
2025-05-26,TECH02,327.5
2025-05-27,TECH02,329.42
2025-05-28,TECH02,333.01
2025-05-29,TECH02,326.22
2025-05-30,TECH02,325.8
2025-06-02,TECH02,331.41
2025-06-03,TECH02,336.67
2025-06-04,TECH02,338.06
2025-06-05,TECH02,343.55
2025-06-06,TECH02,346.69
2025-06-09,TECH02,354.29
2025-06-10,TECH02,356.24
2025-06-11,TECH02,354.06
2025-06-12,TECH02,356.31
2025-06-13,TECH02,337.62
2025-06-16,TECH02,340.05
2025-06-17,TECH02,317.82
2025-06-18,TECH02,308.06
2025-06-19,TECH02,310.65
2025-06-20,TECH02,313.42
2025-06-23,TECH02,306.95
2025-06-24,TECH02,303.11
2025-06-25,TECH02,310.68
2025-06-26,TECH02,308.07
2025-06-27,TECH02,320.6
2025-06-30,TECH02,320.68
2025-07-01,TECH02,323.13
2025-07-02,TECH02,332.63
2025-07-03,TECH02,333.52
2025-07-04,TECH02,327.6
2025-07-07,TECH02,327.05
2025-07-08,TECH02,326.94
2025-07-09,TECH02,319.01
2025-07-10,TECH02,317.63
2025-07-11,TECH02,313.49
2025-07-14,TECH02,318.8
2025-07-15,TECH02,319.09
2025-07-16,TECH02,317.56
2025-07-17,TECH02,317.05
2025-07-18,TECH02,318.42
2025-07-21,TECH02,322.05
2025-07-22,TECH02,316.35
2025-07-23,TECH02,310.51
2025-07-24,TECH02,316.78
2025-07-25,TECH02,314.52
2025-07-28,TECH02,306.6
2025-07-29,TECH02,309.14
2025-07-30,TECH02,311.81
2025-07-31,TECH02,303.31
2025-08-01,TECH02,304.66
2025-08-04,TECH02,308.78
2025-08-05,TECH02,310.96
2025-08-06,TECH02,314.59
2025-08-07,TECH02,306.73
2025-08-08,TECH02,308.65
2025-08-11,TECH02,307.06
2025-08-12,TECH02,304.48
2025-08-13,TECH02,309.35
2025-08-14,TECH02,317.68
2025-08-15,TECH02,328.03
2025-08-18,TECH02,335.89
2025-08-19,TECH02,335.33
2025-08-20,TECH02,337.56
2025-08-21,TECH02,342.32
2025-08-22,TECH02,343.17
2025-08-25,TECH02,344.08
2025-08-26,TECH02,349.29
2025-08-27,TECH02,349.02
2025-08-28,TECH02,344.54
2025-08-29,TECH02,342.07
2025-09-01,TECH02,346.08
2025-09-02,TECH02,346.2
2025-09-03,TECH02,348.43
2025-09-04,TECH02,352.73
2025-09-05,TECH02,350.46
2025-09-08,TECH02,355.33
2025-09-09,TECH02,357.86
2025-09-10,TECH02,350.02
2025-09-11,TECH02,359.21
2025-09-12,TECH02,356.08
2025-09-15,TECH02,345.58
2025-09-16,TECH02,339.18
2025-09-17,TECH02,333.05
2025-09-18,TECH02,333.46
2025-09-19,TECH02,331.92
2025-09-22,TECH02,330.01
2025-09-23,TECH02,333.79
2025-09-24,TECH02,335.93
2025-09-25,TECH02,337.94
2025-09-26,TECH02,340.53
2025-09-29,TECH02,344.41
2025-09-30,TECH02,331.45
2025-10-01,TECH02,329.37
2025-10-02,TECH02,316.55
2025-10-03,TECH02,316.85
2025-10-06,TECH02,316.92
2025-10-07,TECH02,322.97
2025-10-08,TECH02,329.98
2025-10-09,TECH02,331.28
2025-10-10,TECH02,328.39
2025-10-13,TECH02,331.36
2025-10-14,TECH02,328.31
2025-10-15,TECH02,328.4
2025-10-16,TECH02,334.33
2025-10-17,TECH02,331.07
2025-10-20,TECH02,335.97
2025-10-21,TECH02,340.17
2025-10-22,TECH02,334.43
2025-10-23,TECH02,340.39
2025-10-24,TECH02,344.77
2025-10-27,TECH02,345.51
2025-10-28,TECH02,340.87
2025-10-29,TECH02,335.7
2025-10-30,TECH02,332.55
2025-10-31,TECH02,335.9
2025-11-03,TECH02,330.22
2025-11-04,TECH02,332.92
2025-11-05,TECH02,325.58
2025-11-06,TECH02,324.48
2025-11-07,TECH02,325.22
2025-11-10,TECH02,339.63
2025-11-11,TECH02,331.31
2025-11-12,TECH02,340.19
2025-11-13,TECH02,341.21
2025-11-14,TECH02,343.84
2025-11-17,TECH02,344.68
2025-11-18,TECH02,347.54
2025-11-19,TECH02,346.68
2025-11-20,TECH02,355.86
2025-11-21,TECH02,353.04
2025-11-24,TECH02,360.34
2025-11-25,TECH02,356.27
2025-11-26,TECH02,355.99
2025-11-27,TECH02,349.23
2025-11-28,TECH02,352.19
2025-12-01,TECH02,361.46
2025-12-02,TECH02,361.07
2025-12-03,TECH02,359.9
2025-12-04,TECH02,352.78
2025-12-05,TECH02,351.43
2025-12-08,TECH02,341.46
2025-12-09,TECH02,335.95
2025-12-10,TECH02,337.43
2025-12-11,TECH02,345.54
2025-12-12,TECH02,363.11
2025-12-15,TECH02,359.39
2025-12-16,TECH02,368.78
2025-12-17,TECH02,370.51
2025-12-18,TECH02,369.61
2025-12-19,TECH02,372.6
2025-12-22,TECH02,373.13
2025-12-23,TECH02,373.98
2025-12-24,TECH02,371.35
2025-12-25,TECH02,362.11
2025-12-26,TECH02,352.16
2025-12-29,TECH02,356.41
2025-12-30,TECH02,354.74
2025-12-31,TECH02,351.04
2026-01-01,TECH02,351.2
2026-01-02,TECH02,356.33
2026-01-05,TECH02,357.59
2026-01-06,TECH02,353.48
2026-01-07,TECH02,361.38
2026-01-08,TECH02,371.77
2026-01-09,TECH02,375.19
2026-01-12,TECH02,381.87
2026-01-13,TECH02,390.53
2026-01-14,TECH02,398.59
2026-01-15,TECH02,403.11
2026-01-16,TECH02,407.58
2026-01-19,TECH02,411.51
2026-01-20,TECH02,403.51
2026-01-21,TECH02,408.72
2026-01-22,TECH02,398.86
2026-01-23,TECH02,393.28
2026-01-26,TECH02,402.62
2026-01-27,TECH02,408.83
2026-01-28,TECH02,419.9
2026-01-29,TECH02,417.98
2026-01-30,TECH02,409.43
2026-02-02,TECH02,407.78
2026-02-03,TECH02,408.65
2026-02-04,TECH02,409.36
2026-02-05,TECH02,417.83
2026-02-06,TECH02,415.24
2026-02-09,TECH02,418.0
2026-02-10,TECH02,410.68
2026-02-11,TECH02,414.14
2026-02-12,TECH02,414.28
2026-02-13,TECH02,408.82
2026-02-16,TECH02,407.2
2026-02-17,TECH02,405.98
2026-02-18,TECH02,404.12
2026-02-19,TECH02,417.13
2026-02-20,TECH02,416.52
2026-02-23,TECH02,414.81
2026-02-24,TECH02,399.28
2026-02-25,TECH02,392.97
2026-02-26,TECH02,391.23
2026-02-27,TECH02,386.51
2026-03-02,TECH02,396.24
2024-01-01,TECH03,232.86
2024-01-02,TECH03,233.19
2024-01-03,TECH03,233.42
2024-01-04,TECH03,233.11
2024-01-05,TECH03,233.2
2024-01-08,TECH03,240.48
2024-01-09,TECH03,230.51
2024-01-10,TECH03,222.28
2024-01-11,TECH03,220.17
2024-01-12,TECH03,220.3
2024-01-15,TECH03,223.1
2024-01-16,TECH03,225.07
2024-01-17,TECH03,223.58
2024-01-18,TECH03,227.74
2024-01-19,TECH03,232.04
2024-01-22,TECH03,232.87
2024-01-23,TECH03,236.98
2024-01-24,TECH03,238.21
2024-01-25,TECH03,235.88
2024-01-26,TECH03,238.91
2024-01-29,TECH03,239.46
2024-01-30,TECH03,239.54
2024-01-31,TECH03,245.96
2024-02-01,TECH03,235.18
2024-02-02,TECH03,229.25
2024-02-05,TECH03,224.42
2024-02-06,TECH03,223.02
2024-02-07,TECH03,222.07
2024-02-08,TECH03,216.11
2024-02-09,TECH03,212.34
2024-02-12,TECH03,209.11
2024-02-13,TECH03,218.43
2024-02-14,TECH03,225.58
2024-02-15,TECH03,223.97
2024-02-16,TECH03,222.57
2024-02-19,TECH03,218.04
2024-02-20,TECH03,210.61
2024-02-21,TECH03,210.23
2024-02-22,TECH03,206.52
2024-02-23,TECH03,206.27
2024-02-26,TECH03,200.39
2024-02-27,TECH03,197.7
2024-02-28,TECH03,198.29
2024-02-29,TECH03,199.65
2024-03-01,TECH03,201.21
2024-03-04,TECH03,196.49
2024-03-05,TECH03,199.57
2024-03-06,TECH03,196.76
2024-03-07,TECH03,199.06
2024-03-08,TECH03,199.08
2024-03-11,TECH03,194.21
2024-03-12,TECH03,193.16
2024-03-13,TECH03,194.49
2024-03-14,TECH03,196.69
2024-03-15,TECH03,196.25
2024-03-18,TECH03,201.72
2024-03-19,TECH03,205.44
2024-03-20,TECH03,204.55
2024-03-21,TECH03,207.38
2024-03-22,TECH03,214.66
2024-03-25,TECH03,222.3
2024-03-26,TECH03,217.45
2024-03-27,TECH03,213.89
2024-03-28,TECH03,219.67
2024-03-29,TECH03,215.55
2024-04-01,TECH03,210.49
2024-04-02,TECH03,208.71
2024-04-03,TECH03,210.35
2024-04-04,TECH03,210.02
2024-04-05,TECH03,207.63
2024-04-08,TECH03,205.17
2024-04-09,TECH03,202.6
2024-04-10,TECH03,199.45
2024-04-11,TECH03,207.7
2024-04-12,TECH03,208.88
2024-04-15,TECH03,212.28
2024-04-16,TECH03,210.47
2024-04-17,TECH03,209.83
2024-04-18,TECH03,207.2
2024-04-19,TECH03,197.37
2024-04-22,TECH03,192.53
2024-04-23,TECH03,186.32
2024-04-24,TECH03,178.83
2024-04-25,TECH03,175.03
2024-04-26,TECH03,179.26
2024-04-29,TECH03,179.17
2024-04-30,TECH03,183.39
2024-05-01,TECH03,184.8
2024-05-02,TECH03,187.46
2024-05-03,TECH03,184.47
2024-05-06,TECH03,186.27
2024-05-07,TECH03,188.77
2024-05-08,TECH03,186.86
2024-05-09,TECH03,188.8
2024-05-10,TECH03,190.78
2024-05-13,TECH03,188.95
2024-05-14,TECH03,185.19
2024-05-15,TECH03,181.3
2024-05-16,TECH03,181.64
2024-05-17,TECH03,182.76
2024-05-20,TECH03,180.21
2024-05-21,TECH03,180.35
2024-05-22,TECH03,182.25
2024-05-23,TECH03,184.34
2024-05-24,TECH03,189.54
2024-05-27,TECH03,193.95
2024-05-28,TECH03,190.52
2024-05-29,TECH03,196.35
2024-05-30,TECH03,194.53
2024-05-31,TECH03,198.25
2024-06-03,TECH03,198.55
2024-06-04,TECH03,197.14
2024-06-05,TECH03,190.78
2024-06-06,TECH03,190.25
2024-06-07,TECH03,184.97
2024-06-10,TECH03,188.24
2024-06-11,TECH03,193.44
2024-06-12,TECH03,190.72
2024-06-13,TECH03,191.81
2024-06-14,TECH03,189.37
2024-06-17,TECH03,187.28
2024-06-18,TECH03,189.95
2024-06-19,TECH03,189.87
2024-06-20,TECH03,195.88
2024-06-21,TECH03,194.24
2024-06-24,TECH03,197.79
2024-06-25,TECH03,198.19
2024-06-26,TECH03,201.09
2024-06-27,TECH03,199.53
2024-06-28,TECH03,199.42
2024-07-01,TECH03,199.06
2024-07-02,TECH03,196.13
2024-07-03,TECH03,198.52
2024-07-04,TECH03,200.9
2024-07-05,TECH03,203.11
2024-07-08,TECH03,208.79
2024-07-09,TECH03,214.3
2024-07-10,TECH03,212.92
2024-07-11,TECH03,214.41
2024-07-12,TECH03,212.07
2024-07-15,TECH03,212.22
2024-07-16,TECH03,210.0
2024-07-17,TECH03,216.18
2024-07-18,TECH03,217.66
2024-07-19,TECH03,216.87
2024-07-22,TECH03,221.6
2024-07-23,TECH03,213.01
2024-07-24,TECH03,205.35
2024-07-25,TECH03,208.35
2024-07-26,TECH03,208.64
2024-07-29,TECH03,209.64
2024-07-30,TECH03,204.7
2024-07-31,TECH03,204.68
2024-08-01,TECH03,212.12
2024-08-02,TECH03,215.33
2024-08-05,TECH03,216.05
2024-08-06,TECH03,214.41
2024-08-07,TECH03,212.95
2024-08-08,TECH03,204.85
2024-08-09,TECH03,205.87
2024-08-12,TECH03,209.06
2024-08-13,TECH03,203.19
2024-08-14,TECH03,200.84
2024-08-15,TECH03,196.71
2024-08-16,TECH03,193.35
2024-08-19,TECH03,193.6
2024-08-20,TECH03,186.39
2024-08-21,TECH03,188.51
2024-08-22,TECH03,191.12
2024-08-23,TECH03,190.32
2024-08-26,TECH03,181.88
2024-08-27,TECH03,178.67
2024-08-28,TECH03,182.69
2024-08-29,TECH03,173.61
2024-08-30,TECH03,172.57
2024-09-02,TECH03,168.96
2024-09-03,TECH03,171.46
2024-09-04,TECH03,169.42
2024-09-05,TECH03,170.71
2024-09-06,TECH03,172.5
2024-09-09,TECH03,178.25
2024-09-10,TECH03,177.65
2024-09-11,TECH03,178.91
2024-09-12,TECH03,174.18
2024-09-13,TECH03,177.96
2024-09-16,TECH03,175.58
2024-09-17,TECH03,173.86
2024-09-18,TECH03,173.84
2024-09-19,TECH03,169.0
2024-09-20,TECH03,169.75
2024-09-23,TECH03,172.76
2024-09-24,TECH03,173.72
2024-09-25,TECH03,168.8
2024-09-26,TECH03,168.48
2024-09-27,TECH03,170.78
2024-09-30,TECH03,165.06
2024-10-01,TECH03,161.91
2024-10-02,TECH03,164.52
2024-10-03,TECH03,165.37
2024-10-04,TECH03,166.64
2024-10-07,TECH03,172.27
2024-10-08,TECH03,173.77
2024-10-09,TECH03,175.88
2024-10-10,TECH03,184.52
2024-10-11,TECH03,183.86
2024-10-14,TECH03,181.28
2024-10-15,TECH03,182.73
2024-10-16,TECH03,184.23
2024-10-17,TECH03,182.54
2024-10-18,TECH03,179.2
2024-10-21,TECH03,186.7
2024-10-22,TECH03,187.86
2024-10-23,TECH03,185.44
2024-10-24,TECH03,188.55
2024-10-25,TECH03,188.24
2024-10-28,TECH03,187.44
2024-10-29,TECH03,189.39
2024-10-30,TECH03,185.04
2024-10-31,TECH03,186.27
2024-11-01,TECH03,192.74
2024-11-04,TECH03,194.42
2024-11-05,TECH03,193.16
2024-11-06,TECH03,191.45
2024-11-07,TECH03,190.1
2024-11-08,TECH03,189.29
2024-11-11,TECH03,188.06
2024-11-12,TECH03,191.21
2024-11-13,TECH03,185.31
2024-11-14,TECH03,188.24
2024-11-15,TECH03,187.01
2024-11-18,TECH03,188.33
2024-11-19,TECH03,184.57
2024-11-20,TECH03,189.04
2024-11-21,TECH03,193.33
2024-11-22,TECH03,196.73
2024-11-25,TECH03,191.42
2024-11-26,TECH03,194.34
2024-11-27,TECH03,195.81
2024-11-28,TECH03,190.21
2024-11-29,TECH03,190.19
2024-12-02,TECH03,191.49
2024-12-03,TECH03,193.47
2024-12-04,TECH03,194.14
2024-12-05,TECH03,195.22
2024-12-06,TECH03,200.46
2024-12-09,TECH03,204.94
2024-12-10,TECH03,194.42
2024-12-11,TECH03,193.37
2024-12-12,TECH03,192.86
2024-12-13,TECH03,186.83
2024-12-16,TECH03,187.21
2024-12-17,TECH03,191.47
2024-12-18,TECH03,187.78
2024-12-19,TECH03,188.98
2024-12-20,TECH03,185.92
2024-12-23,TECH03,183.72
2024-12-24,TECH03,188.66
2024-12-25,TECH03,186.88
2024-12-26,TECH03,188.49
2024-12-27,TECH03,182.2
2024-12-30,TECH03,188.36
2024-12-31,TECH03,190.46
2025-01-01,TECH03,189.89
2025-01-02,TECH03,191.92
2025-01-03,TECH03,187.1
2025-01-06,TECH03,191.14
2025-01-07,TECH03,190.08
2025-01-08,TECH03,189.44
2025-01-09,TECH03,187.82
2025-01-10,TECH03,185.92
2025-01-13,TECH03,188.3
2025-01-14,TECH03,189.22
2025-01-15,TECH03,191.5
2025-01-16,TECH03,191.52
2025-01-17,TECH03,193.35
2025-01-20,TECH03,191.95
2025-01-21,TECH03,199.71
2025-01-22,TECH03,194.14
2025-01-23,TECH03,198.6
2025-01-24,TECH03,203.55
2025-01-27,TECH03,200.49
2025-01-28,TECH03,208.59
2025-01-29,TECH03,212.39
2025-01-30,TECH03,216.17
2025-01-31,TECH03,216.35
2025-02-03,TECH03,215.56
2025-02-04,TECH03,214.82
2025-02-05,TECH03,216.39
2025-02-06,TECH03,221.91
2025-02-07,TECH03,222.7
2025-02-10,TECH03,219.12
2025-02-11,TECH03,222.43
2025-02-12,TECH03,226.19
2025-02-13,TECH03,228.92
2025-02-14,TECH03,232.06
2025-02-17,TECH03,231.0
2025-02-18,TECH03,227.21
2025-02-19,TECH03,223.73
2025-02-20,TECH03,217.21
2025-02-21,TECH03,218.2
2025-02-24,TECH03,217.94
2025-02-25,TECH03,216.28
2025-02-26,TECH03,204.83
2025-02-27,TECH03,200.3
2025-02-28,TECH03,204.4
2025-03-03,TECH03,202.01
2025-03-04,TECH03,203.39
2025-03-05,TECH03,198.36
2025-03-06,TECH03,203.55
2025-03-07,TECH03,203.08
2025-03-10,TECH03,204.21
2025-03-11,TECH03,212.82
2025-03-12,TECH03,218.69
2025-03-13,TECH03,217.55
2025-03-14,TECH03,215.29
2025-03-17,TECH03,214.09
2025-03-18,TECH03,216.12
2025-03-19,TECH03,215.78
2025-03-20,TECH03,214.31
2025-03-21,TECH03,220.03
2025-03-24,TECH03,219.65
2025-03-25,TECH03,228.8
2025-03-26,TECH03,229.25
2025-03-27,TECH03,236.68
2025-03-28,TECH03,238.27
2025-03-31,TECH03,242.48
2025-04-01,TECH03,239.39
2025-04-02,TECH03,235.78
2025-04-03,TECH03,237.8
2025-04-04,TECH03,242.1
2025-04-07,TECH03,242.35
2025-04-08,TECH03,236.81
2025-04-09,TECH03,231.09
2025-04-10,TECH03,225.22
2025-04-11,TECH03,218.12
2025-04-14,TECH03,218.62
2025-04-15,TECH03,223.11
2025-04-16,TECH03,223.12
2025-04-17,TECH03,214.11
2025-04-18,TECH03,213.44
2025-04-21,TECH03,212.88
2025-04-22,TECH03,220.97
2025-04-23,TECH03,215.24
2025-04-24,TECH03,213.79
2025-04-25,TECH03,220.42
2025-04-28,TECH03,222.27
2025-04-29,TECH03,224.59
2025-04-30,TECH03,225.13
2025-05-01,TECH03,226.53
2025-05-02,TECH03,229.77
2025-05-05,TECH03,226.49
2025-05-06,TECH03,230.14
2025-05-07,TECH03,224.52
2025-05-08,TECH03,225.91
2025-05-09,TECH03,226.71
2025-05-12,TECH03,224.26
2025-05-13,TECH03,224.24
2025-05-14,TECH03,221.79
2025-05-15,TECH03,217.58
2025-05-16,TECH03,216.26
2025-05-19,TECH03,212.03
2025-05-20,TECH03,213.32
2025-05-21,TECH03,208.97
2025-05-22,TECH03,211.71
2025-05-23,TECH03,207.27
2025-05-26,TECH03,205.22
2025-05-27,TECH03,202.98
2025-05-28,TECH03,207.88
2025-05-29,TECH03,209.18
2025-05-30,TECH03,208.44
2025-06-02,TECH03,210.38
2025-06-03,TECH03,202.46
2025-06-04,TECH03,202.36
2025-06-05,TECH03,209.7
2025-06-06,TECH03,210.26
2025-06-09,TECH03,210.58
2025-06-10,TECH03,212.72
2025-06-11,TECH03,216.22
2025-06-12,TECH03,208.51
2025-06-13,TECH03,202.26
2025-06-16,TECH03,203.08
2025-06-17,TECH03,200.53
2025-06-18,TECH03,205.33
2025-06-19,TECH03,204.22
2025-06-20,TECH03,197.17
2025-06-23,TECH03,192.73
2025-06-24,TECH03,183.25
2025-06-25,TECH03,182.53
2025-06-26,TECH03,181.97
2025-06-27,TECH03,180.63
2025-06-30,TECH03,184.19
2025-07-01,TECH03,188.22
2025-07-02,TECH03,187.7
2025-07-03,TECH03,180.55
2025-07-04,TECH03,182.61
2025-07-07,TECH03,184.49
2025-07-08,TECH03,185.57
2025-07-09,TECH03,188.9
2025-07-10,TECH03,185.0
2025-07-11,TECH03,191.74
2025-07-14,TECH03,188.49
2025-07-15,TECH03,191.09
2025-07-16,TECH03,185.34
2025-07-17,TECH03,182.3
2025-07-18,TECH03,187.33
2025-07-21,TECH03,186.5
2025-07-22,TECH03,189.38
2025-07-23,TECH03,190.24
2025-07-24,TECH03,189.94
2025-07-25,TECH03,194.66
2025-07-28,TECH03,193.89
2025-07-29,TECH03,187.73
2025-07-30,TECH03,185.07
2025-07-31,TECH03,186.97
2025-08-01,TECH03,188.35
2025-08-04,TECH03,183.1
2025-08-05,TECH03,180.76
2025-08-06,TECH03,178.93
2025-08-07,TECH03,177.8
2025-08-08,TECH03,173.45
2025-08-11,TECH03,171.54
2025-08-12,TECH03,169.34
2025-08-13,TECH03,171.75
2025-08-14,TECH03,174.3
2025-08-15,TECH03,173.89
2025-08-18,TECH03,172.72
2025-08-19,TECH03,173.21
2025-08-20,TECH03,170.71
2025-08-21,TECH03,167.24
2025-08-22,TECH03,164.46
2025-08-25,TECH03,162.63
2025-08-26,TECH03,159.27
2025-08-27,TECH03,159.78
2025-08-28,TECH03,161.93
2025-08-29,TECH03,157.35
2025-09-01,TECH03,157.47
2025-09-02,TECH03,156.9
2025-09-03,TECH03,157.91
2025-09-04,TECH03,157.92
2025-09-05,TECH03,153.83
2025-09-08,TECH03,150.38
2025-09-09,TECH03,150.51
2025-09-10,TECH03,153.34
2025-09-11,TECH03,147.28
2025-09-12,TECH03,148.24
2025-09-15,TECH03,151.46
2025-09-16,TECH03,151.08
2025-09-17,TECH03,152.63
2025-09-18,TECH03,150.74
2025-09-19,TECH03,150.46
2025-09-22,TECH03,146.12
2025-09-23,TECH03,139.99
2025-09-24,TECH03,142.41
2025-09-25,TECH03,139.93
2025-09-26,TECH03,138.82
2025-09-29,TECH03,135.4
2025-09-30,TECH03,132.01
2025-10-01,TECH03,131.63
2025-10-02,TECH03,129.94
2025-10-03,TECH03,130.87
2025-10-06,TECH03,131.97
2025-10-07,TECH03,132.77
2025-10-08,TECH03,133.38
2025-10-09,TECH03,137.21
2025-10-10,TECH03,134.62
2025-10-13,TECH03,134.52
2025-10-14,TECH03,137.31
2025-10-15,TECH03,140.47
2025-10-16,TECH03,136.92
2025-10-17,TECH03,136.19
2025-10-20,TECH03,139.56
2025-10-21,TECH03,140.88
2025-10-22,TECH03,141.42
2025-10-23,TECH03,140.91
2025-10-24,TECH03,139.97
2025-10-27,TECH03,140.74
2025-10-28,TECH03,140.14
2025-10-29,TECH03,140.08
2025-10-30,TECH03,140.32
2025-10-31,TECH03,138.65
2025-11-03,TECH03,140.02
2025-11-04,TECH03,147.41
2025-11-05,TECH03,142.74
2025-11-06,TECH03,143.61
2025-11-07,TECH03,141.69
2025-11-10,TECH03,143.2
2025-11-11,TECH03,143.37
2025-11-12,TECH03,145.38
2025-11-13,TECH03,148.5
2025-11-14,TECH03,149.05
2025-11-17,TECH03,152.14
2025-11-18,TECH03,145.76
2025-11-19,TECH03,149.98
2025-11-20,TECH03,151.04
2025-11-21,TECH03,154.01
2025-11-24,TECH03,150.68
2025-11-25,TECH03,148.47
2025-11-26,TECH03,148.9
2025-11-27,TECH03,148.9
2025-11-28,TECH03,149.71
2025-12-01,TECH03,152.67
2025-12-02,TECH03,147.87
2025-12-03,TECH03,150.5
2025-12-04,TECH03,150.57
2025-12-05,TECH03,150.06
2025-12-08,TECH03,146.14
2025-12-09,TECH03,147.5
2025-12-10,TECH03,141.14
2025-12-11,TECH03,142.83
2025-12-12,TECH03,139.03
2025-12-15,TECH03,139.21
2025-12-16,TECH03,138.95
2025-12-17,TECH03,141.92
2025-12-18,TECH03,141.51
2025-12-19,TECH03,139.78
2025-12-22,TECH03,138.55
2025-12-23,TECH03,141.76
2025-12-24,TECH03,143.17
2025-12-25,TECH03,142.22
2025-12-26,TECH03,141.66
2025-12-29,TECH03,137.71
2025-12-30,TECH03,138.71
2025-12-31,TECH03,134.36
2026-01-01,TECH03,136.22
2026-01-02,TECH03,136.57
2026-01-05,TECH03,142.48
2026-01-06,TECH03,139.7
2026-01-07,TECH03,139.49
2026-01-08,TECH03,144.04
2026-01-09,TECH03,147.18
2026-01-12,TECH03,145.38
2026-01-13,TECH03,146.01
2026-01-14,TECH03,146.05
2026-01-15,TECH03,146.84
2026-01-16,TECH03,145.04
2026-01-19,TECH03,144.85
2026-01-20,TECH03,140.72
2026-01-21,TECH03,141.11
2026-01-22,TECH03,142.29
2026-01-23,TECH03,141.75
2026-01-26,TECH03,137.68
2026-01-27,TECH03,140.17
2026-01-28,TECH03,141.13
2026-01-29,TECH03,139.33
2026-01-30,TECH03,138.67
2026-02-02,TECH03,134.96
2026-02-03,TECH03,132.51
2026-02-04,TECH03,131.27
2026-02-05,TECH03,134.21
2026-02-06,TECH03,132.7
2026-02-09,TECH03,134.27
2026-02-10,TECH03,133.01
2026-02-11,TECH03,133.65
2026-02-12,TECH03,133.35
2026-02-13,TECH03,135.48
2026-02-16,TECH03,134.22
2026-02-17,TECH03,130.46
2026-02-18,TECH03,127.25
2026-02-19,TECH03,126.07
2026-02-20,TECH03,123.28
2026-02-23,TECH03,124.22
2026-02-24,TECH03,123.22
2026-02-25,TECH03,128.52
2026-02-26,TECH03,124.54
2026-02-27,TECH03,125.04
2026-03-02,TECH03,122.53
2024-01-01,TECH04,370.56
2024-01-02,TECH04,355.16
2024-01-03,TECH04,356.78
2024-01-04,TECH04,369.11
2024-01-05,TECH04,366.21
2024-01-08,TECH04,368.03
2024-01-09,TECH04,374.93
2024-01-10,TECH04,373.93
2024-01-11,TECH04,370.14
2024-01-12,TECH04,355.09
2024-01-15,TECH04,359.29
2024-01-16,TECH04,358.66
2024-01-17,TECH04,352.23
2024-01-18,TECH04,353.14
2024-01-19,TECH04,349.54
2024-01-22,TECH04,346.32
2024-01-23,TECH04,350.2
2024-01-24,TECH04,341.87
2024-01-25,TECH04,348.42
2024-01-26,TECH04,339.76
2024-01-29,TECH04,335.81
2024-01-30,TECH04,347.53
2024-01-31,TECH04,354.69
2024-02-01,TECH04,355.42
2024-02-02,TECH04,349.51
2024-02-05,TECH04,346.28
2024-02-06,TECH04,346.84
2024-02-07,TECH04,347.18
2024-02-08,TECH04,346.72
2024-02-09,TECH04,346.63
2024-02-12,TECH04,345.39
2024-02-13,TECH04,336.53
2024-02-14,TECH04,333.5
2024-02-15,TECH04,339.1
2024-02-16,TECH04,330.85
2024-02-19,TECH04,329.82
2024-02-20,TECH04,325.05
2024-02-21,TECH04,325.8
2024-02-22,TECH04,323.62
2024-02-23,TECH04,332.32
2024-02-26,TECH04,335.45
2024-02-27,TECH04,327.63
2024-02-28,TECH04,331.69
2024-02-29,TECH04,327.16
2024-03-01,TECH04,323.86
2024-03-04,TECH04,325.79
2024-03-05,TECH04,323.0
2024-03-06,TECH04,328.29
2024-03-07,TECH04,323.81
2024-03-08,TECH04,320.3
2024-03-11,TECH04,316.61
2024-03-12,TECH04,313.48
2024-03-13,TECH04,319.78
2024-03-14,TECH04,323.49
2024-03-15,TECH04,333.55
2024-03-18,TECH04,347.26
2024-03-19,TECH04,340.92
2024-03-20,TECH04,341.46
2024-03-21,TECH04,334.33
2024-03-22,TECH04,329.75
2024-03-25,TECH04,326.11
2024-03-26,TECH04,320.0
2024-03-27,TECH04,314.04
2024-03-28,TECH04,313.32
2024-03-29,TECH04,306.55
2024-04-01,TECH04,311.29
2024-04-02,TECH04,306.24
2024-04-03,TECH04,321.82
2024-04-04,TECH04,319.3
2024-04-05,TECH04,319.81
2024-04-08,TECH04,312.45
2024-04-09,TECH04,322.14
2024-04-10,TECH04,328.73
2024-04-11,TECH04,330.58
2024-04-12,TECH04,322.67
2024-04-15,TECH04,323.99
2024-04-16,TECH04,317.55
2024-04-17,TECH04,326.0
2024-04-18,TECH04,330.85
2024-04-19,TECH04,331.51
2024-04-22,TECH04,317.08
2024-04-23,TECH04,311.56
2024-04-24,TECH04,315.51
2024-04-25,TECH04,322.49
2024-04-26,TECH04,329.03
2024-04-29,TECH04,319.7
2024-04-30,TECH04,321.53
2024-05-01,TECH04,327.5
2024-05-02,TECH04,317.82
2024-05-03,TECH04,317.87
2024-05-06,TECH04,319.54
2024-05-07,TECH04,317.9
2024-05-08,TECH04,307.4
2024-05-09,TECH04,305.69
2024-05-10,TECH04,303.98
2024-05-13,TECH04,303.26
2024-05-14,TECH04,300.28
2024-05-15,TECH04,297.97
2024-05-16,TECH04,297.85
2024-05-17,TECH04,300.31
2024-05-20,TECH04,298.75
2024-05-21,TECH04,296.64
2024-05-22,TECH04,297.22
2024-05-23,TECH04,287.04
2024-05-24,TECH04,289.59
2024-05-27,TECH04,289.67
2024-05-28,TECH04,289.96
2024-05-29,TECH04,295.07
2024-05-30,TECH04,284.78
2024-05-31,TECH04,274.75
2024-06-03,TECH04,276.19
2024-06-04,TECH04,276.23
2024-06-05,TECH04,277.16
2024-06-06,TECH04,274.94
2024-06-07,TECH04,278.31
2024-06-10,TECH04,283.07
2024-06-11,TECH04,285.62
2024-06-12,TECH04,284.36
2024-06-13,TECH04,273.66
2024-06-14,TECH04,277.53
2024-06-17,TECH04,283.72
2024-06-18,TECH04,287.09
2024-06-19,TECH04,282.63
2024-06-20,TECH04,286.15
2024-06-21,TECH04,290.66
2024-06-24,TECH04,298.91
2024-06-25,TECH04,294.28
2024-06-26,TECH04,293.17
2024-06-27,TECH04,297.2
2024-06-28,TECH04,297.6
2024-07-01,TECH04,291.7
2024-07-02,TECH04,293.97
2024-07-03,TECH04,297.12
2024-07-04,TECH04,297.68
2024-07-05,TECH04,298.94
2024-07-08,TECH04,297.64
2024-07-09,TECH04,305.65
2024-07-10,TECH04,300.79
2024-07-11,TECH04,297.7
2024-07-12,TECH04,297.85
2024-07-15,TECH04,302.65
2024-07-16,TECH04,294.58
2024-07-17,TECH04,287.72
2024-07-18,TECH04,277.25
2024-07-19,TECH04,277.5
2024-07-22,TECH04,272.0
2024-07-23,TECH04,270.2
2024-07-24,TECH04,273.49
2024-07-25,TECH04,270.42
2024-07-26,TECH04,271.63
2024-07-29,TECH04,270.24
2024-07-30,TECH04,273.59
2024-07-31,TECH04,276.02
2024-08-01,TECH04,272.66
2024-08-02,TECH04,271.91
2024-08-05,TECH04,277.1
2024-08-06,TECH04,279.15
2024-08-07,TECH04,272.21
2024-08-08,TECH04,275.51
2024-08-09,TECH04,270.21
2024-08-12,TECH04,277.16
2024-08-13,TECH04,282.36
2024-08-14,TECH04,283.91
2024-08-15,TECH04,284.8
2024-08-16,TECH04,283.82
2024-08-19,TECH04,287.37
2024-08-20,TECH04,285.54
2024-08-21,TECH04,286.83
2024-08-22,TECH04,291.42
2024-08-23,TECH04,288.56
2024-08-26,TECH04,285.45
2024-08-27,TECH04,279.4
2024-08-28,TECH04,274.13
2024-08-29,TECH04,265.19
2024-08-30,TECH04,268.75
2024-09-02,TECH04,277.58
2024-09-03,TECH04,284.79
2024-09-04,TECH04,276.54
2024-09-05,TECH04,280.23
2024-09-06,TECH04,287.48
2024-09-09,TECH04,285.21
2024-09-10,TECH04,285.81
2024-09-11,TECH04,275.57
2024-09-12,TECH04,276.97
2024-09-13,TECH04,271.76
2024-09-16,TECH04,272.81
2024-09-17,TECH04,265.23
2024-09-18,TECH04,267.9
2024-09-19,TECH04,272.92
2024-09-20,TECH04,269.16
2024-09-23,TECH04,263.73
2024-09-24,TECH04,253.57
2024-09-25,TECH04,252.43
2024-09-26,TECH04,249.87
2024-09-27,TECH04,242.96
2024-09-30,TECH04,245.02
2024-10-01,TECH04,243.11
2024-10-02,TECH04,238.47
2024-10-03,TECH04,236.16
2024-10-04,TECH04,240.79
2024-10-07,TECH04,243.47
2024-10-08,TECH04,242.98
2024-10-09,TECH04,245.76
2024-10-10,TECH04,240.7
2024-10-11,TECH04,240.91
2024-10-14,TECH04,241.62
2024-10-15,TECH04,239.65
2024-10-16,TECH04,241.6
2024-10-17,TECH04,238.28
2024-10-18,TECH04,240.54
2024-10-21,TECH04,243.0
2024-10-22,TECH04,230.31
2024-10-23,TECH04,235.31
2024-10-24,TECH04,222.48
2024-10-25,TECH04,220.08
2024-10-28,TECH04,224.2
2024-10-29,TECH04,222.99
2024-10-30,TECH04,217.17
2024-10-31,TECH04,212.96
2024-11-01,TECH04,216.96
2024-11-04,TECH04,209.52
2024-11-05,TECH04,213.84
2024-11-06,TECH04,213.7
2024-11-07,TECH04,209.17
2024-11-08,TECH04,207.04
2024-11-11,TECH04,203.31
2024-11-12,TECH04,206.54
2024-11-13,TECH04,209.33
2024-11-14,TECH04,202.91
2024-11-15,TECH04,201.5
2024-11-18,TECH04,198.43
2024-11-19,TECH04,203.11
2024-11-20,TECH04,198.23
2024-11-21,TECH04,204.02
2024-11-22,TECH04,203.96
2024-11-25,TECH04,199.75
2024-11-26,TECH04,197.38
2024-11-27,TECH04,194.59
2024-11-28,TECH04,190.18
2024-11-29,TECH04,190.56
2024-12-02,TECH04,186.41
2024-12-03,TECH04,179.15
2024-12-04,TECH04,177.98
2024-12-05,TECH04,172.26
2024-12-06,TECH04,169.98
2024-12-09,TECH04,167.25
2024-12-10,TECH04,164.67
2024-12-11,TECH04,170.65
2024-12-12,TECH04,170.88
2024-12-13,TECH04,171.68
2024-12-16,TECH04,166.25
2024-12-17,TECH04,164.34
2024-12-18,TECH04,165.03
2024-12-19,TECH04,162.03
2024-12-20,TECH04,164.73
2024-12-23,TECH04,161.21
2024-12-24,TECH04,160.43
2024-12-25,TECH04,158.78
2024-12-26,TECH04,159.3
2024-12-27,TECH04,157.51
2024-12-30,TECH04,156.79
2024-12-31,TECH04,156.17
2025-01-01,TECH04,154.16
2025-01-02,TECH04,155.55
2025-01-03,TECH04,156.26
2025-01-06,TECH04,156.06
2025-01-07,TECH04,154.9
2025-01-08,TECH04,157.16
2025-01-09,TECH04,156.54
2025-01-10,TECH04,155.73
2025-01-13,TECH04,156.07
2025-01-14,TECH04,160.88
2025-01-15,TECH04,157.05
2025-01-16,TECH04,159.27
2025-01-17,TECH04,153.89
2025-01-20,TECH04,154.54
2025-01-21,TECH04,158.97
2025-01-22,TECH04,160.41
2025-01-23,TECH04,160.95
2025-01-24,TECH04,159.38
2025-01-27,TECH04,159.51
2025-01-28,TECH04,158.84
2025-01-29,TECH04,156.64
2025-01-30,TECH04,155.87
2025-01-31,TECH04,156.47
2025-02-03,TECH04,154.36
2025-02-04,TECH04,152.16
2025-02-05,TECH04,148.48
2025-02-06,TECH04,149.57
2025-02-07,TECH04,151.09
2025-02-10,TECH04,151.76
2025-02-11,TECH04,154.44
2025-02-12,TECH04,154.73
2025-02-13,TECH04,155.87
2025-02-14,TECH04,156.77
2025-02-17,TECH04,156.56
2025-02-18,TECH04,155.11
2025-02-19,TECH04,161.34
2025-02-20,TECH04,160.08
2025-02-21,TECH04,158.21
2025-02-24,TECH04,159.49
2025-02-25,TECH04,160.26
2025-02-26,TECH04,156.26
2025-02-27,TECH04,159.46
2025-02-28,TECH04,159.24
2025-03-03,TECH04,156.1
2025-03-04,TECH04,159.49
2025-03-05,TECH04,161.33
2025-03-06,TECH04,157.71
2025-03-07,TECH04,162.8
2025-03-10,TECH04,164.78
2025-03-11,TECH04,164.8
2025-03-12,TECH04,169.57
2025-03-13,TECH04,170.1
2025-03-14,TECH04,170.07
2025-03-17,TECH04,168.1
2025-03-18,TECH04,169.91
2025-03-19,TECH04,171.42
2025-03-20,TECH04,171.51
2025-03-21,TECH04,169.13
2025-03-24,TECH04,169.57
2025-03-25,TECH04,169.41
2025-03-26,TECH04,165.4
2025-03-27,TECH04,161.06
2025-03-28,TECH04,162.75
2025-03-31,TECH04,155.18
2025-04-01,TECH04,155.8
2025-04-02,TECH04,154.5
2025-04-03,TECH04,158.19
2025-04-04,TECH04,156.83
2025-04-07,TECH04,158.74
2025-04-08,TECH04,157.65
2025-04-09,TECH04,158.02
2025-04-10,TECH04,160.17
2025-04-11,TECH04,158.88
2025-04-14,TECH04,161.78
2025-04-15,TECH04,158.93
2025-04-16,TECH04,159.82
2025-04-17,TECH04,162.53
2025-04-18,TECH04,164.5
2025-04-21,TECH04,170.23
2025-04-22,TECH04,167.94
2025-04-23,TECH04,163.82
2025-04-24,TECH04,160.94
2025-04-25,TECH04,162.9
2025-04-28,TECH04,164.41
2025-04-29,TECH04,164.76
2025-04-30,TECH04,161.48
2025-05-01,TECH04,163.76
2025-05-02,TECH04,160.2
2025-05-05,TECH04,163.59
2025-05-06,TECH04,172.05
2025-05-07,TECH04,173.24
2025-05-08,TECH04,175.11
2025-05-09,TECH04,173.61
2025-05-12,TECH04,168.0
2025-05-13,TECH04,166.23
2025-05-14,TECH04,163.01
2025-05-15,TECH04,158.81
2025-05-16,TECH04,163.78
2025-05-19,TECH04,164.64
2025-05-20,TECH04,165.81
2025-05-21,TECH04,164.94
2025-05-22,TECH04,164.48
2025-05-23,TECH04,167.38
2025-05-26,TECH04,167.33
2025-05-27,TECH04,168.98
2025-05-28,TECH04,168.44
2025-05-29,TECH04,167.45
2025-05-30,TECH04,163.26
2025-06-02,TECH04,157.5
2025-06-03,TECH04,156.8
2025-06-04,TECH04,157.01
2025-06-05,TECH04,153.42
2025-06-06,TECH04,153.37
2025-06-09,TECH04,153.57
2025-06-10,TECH04,147.65
2025-06-11,TECH04,145.26
2025-06-12,TECH04,146.37
2025-06-13,TECH04,147.44
2025-06-16,TECH04,144.42
2025-06-17,TECH04,144.87
2025-06-18,TECH04,147.58
2025-06-19,TECH04,149.69
2025-06-20,TECH04,149.48
2025-06-23,TECH04,148.27
2025-06-24,TECH04,146.63
2025-06-25,TECH04,147.91
2025-06-26,TECH04,148.47
2025-06-27,TECH04,150.2
2025-06-30,TECH04,150.6
2025-07-01,TECH04,152.87
2025-07-02,TECH04,153.17
2025-07-03,TECH04,155.38
2025-07-04,TECH04,157.86
2025-07-07,TECH04,155.63
2025-07-08,TECH04,150.61
2025-07-09,TECH04,154.84
2025-07-10,TECH04,155.6
2025-07-11,TECH04,150.84
2025-07-14,TECH04,148.95
2025-07-15,TECH04,151.06
2025-07-16,TECH04,150.35
2025-07-17,TECH04,149.01
2025-07-18,TECH04,152.81
2025-07-21,TECH04,149.98
2025-07-22,TECH04,147.87
2025-07-23,TECH04,148.47
2025-07-24,TECH04,149.56
2025-07-25,TECH04,150.94
2025-07-28,TECH04,153.46
2025-07-29,TECH04,154.06
2025-07-30,TECH04,155.46
2025-07-31,TECH04,154.78
2025-08-01,TECH04,155.0
2025-08-04,TECH04,155.35
2025-08-05,TECH04,156.0
2025-08-06,TECH04,158.21
2025-08-07,TECH04,159.84
2025-08-08,TECH04,160.02
2025-08-11,TECH04,157.74
2025-08-12,TECH04,157.97
2025-08-13,TECH04,157.94
2025-08-14,TECH04,158.54
2025-08-15,TECH04,164.88
2025-08-18,TECH04,163.38
2025-08-19,TECH04,164.67
2025-08-20,TECH04,167.89
2025-08-21,TECH04,168.23
2025-08-22,TECH04,175.36
2025-08-25,TECH04,174.22
2025-08-26,TECH04,175.29
2025-08-27,TECH04,172.82
2025-08-28,TECH04,171.78
2025-08-29,TECH04,172.6
2025-09-01,TECH04,175.28
2025-09-02,TECH04,176.34
2025-09-03,TECH04,180.39
2025-09-04,TECH04,180.14
2025-09-05,TECH04,179.11
2025-09-08,TECH04,187.89
2025-09-09,TECH04,189.28
2025-09-10,TECH04,186.88
2025-09-11,TECH04,184.6
2025-09-12,TECH04,181.53
2025-09-15,TECH04,184.64
2025-09-16,TECH04,183.48
2025-09-17,TECH04,183.96
2025-09-18,TECH04,183.8
2025-09-19,TECH04,186.28
2025-09-22,TECH04,183.5
2025-09-23,TECH04,180.0
2025-09-24,TECH04,180.78
2025-09-25,TECH04,182.79
2025-09-26,TECH04,183.94
2025-09-29,TECH04,181.31
2025-09-30,TECH04,183.58
2025-10-01,TECH04,181.18
2025-10-02,TECH04,179.53
2025-10-03,TECH04,176.53
2025-10-06,TECH04,180.72
2025-10-07,TECH04,182.84
2025-10-08,TECH04,184.88
2025-10-09,TECH04,189.09
2025-10-10,TECH04,198.72
2025-10-13,TECH04,192.66
2025-10-14,TECH04,190.16
2025-10-15,TECH04,188.11
2025-10-16,TECH04,185.28
2025-10-17,TECH04,181.75
2025-10-20,TECH04,180.82
2025-10-21,TECH04,176.91
2025-10-22,TECH04,178.03
2025-10-23,TECH04,178.25
2025-10-24,TECH04,179.85
2025-10-27,TECH04,181.55
2025-10-28,TECH04,183.57
2025-10-29,TECH04,182.39
2025-10-30,TECH04,189.41
2025-10-31,TECH04,190.27
2025-11-03,TECH04,183.95
2025-11-04,TECH04,180.68
2025-11-05,TECH04,175.08
2025-11-06,TECH04,175.18
2025-11-07,TECH04,174.85
2025-11-10,TECH04,173.43
2025-11-11,TECH04,179.76
2025-11-12,TECH04,181.59
2025-11-13,TECH04,184.02
2025-11-14,TECH04,180.99
2025-11-17,TECH04,177.79
2025-11-18,TECH04,177.96
2025-11-19,TECH04,178.57
2025-11-20,TECH04,172.65
2025-11-21,TECH04,172.15
2025-11-24,TECH04,172.24
2025-11-25,TECH04,171.63
2025-11-26,TECH04,169.16
2025-11-27,TECH04,167.57
2025-11-28,TECH04,167.09
2025-12-01,TECH04,167.41
2025-12-02,TECH04,169.29
2025-12-03,TECH04,172.63
2025-12-04,TECH04,171.77
2025-12-05,TECH04,170.41
2025-12-08,TECH04,171.8
2025-12-09,TECH04,173.74
2025-12-10,TECH04,172.44
2025-12-11,TECH04,174.94
2025-12-12,TECH04,178.08
2025-12-15,TECH04,182.27
2025-12-16,TECH04,188.16
2025-12-17,TECH04,185.28
2025-12-18,TECH04,185.39
2025-12-19,TECH04,185.48
2025-12-22,TECH04,185.21
2025-12-23,TECH04,183.1
2025-12-24,TECH04,178.26
2025-12-25,TECH04,178.61
2025-12-26,TECH04,176.19
2025-12-29,TECH04,176.52
2025-12-30,TECH04,174.05
2025-12-31,TECH04,170.65
2026-01-01,TECH04,171.42
2026-01-02,TECH04,171.94
2026-01-05,TECH04,173.79
2026-01-06,TECH04,180.68
2026-01-07,TECH04,181.63
2026-01-08,TECH04,183.27
2026-01-09,TECH04,179.77
2026-01-12,TECH04,175.66
2026-01-13,TECH04,180.72
2026-01-14,TECH04,177.77
2026-01-15,TECH04,174.48
2026-01-16,TECH04,174.41
2026-01-19,TECH04,174.18
2026-01-20,TECH04,171.4
2026-01-21,TECH04,170.51
2026-01-22,TECH04,174.34
2026-01-23,TECH04,171.86
2026-01-26,TECH04,167.6
2026-01-27,TECH04,170.5
2026-01-28,TECH04,172.06
2026-01-29,TECH04,170.19
2026-01-30,TECH04,165.39
2026-02-02,TECH04,163.23
2026-02-03,TECH04,163.11
2026-02-04,TECH04,166.58
2026-02-05,TECH04,163.53
2026-02-06,TECH04,163.33
2026-02-09,TECH04,165.36
2026-02-10,TECH04,158.32
2026-02-11,TECH04,161.32
2026-02-12,TECH04,157.93
2026-02-13,TECH04,158.92
2026-02-16,TECH04,159.68
2026-02-17,TECH04,162.84
2026-02-18,TECH04,164.5
2026-02-19,TECH04,157.51
2026-02-20,TECH04,155.34
2026-02-23,TECH04,155.77
2026-02-24,TECH04,155.27
2026-02-25,TECH04,156.65
2026-02-26,TECH04,158.92
2026-02-27,TECH04,160.71
2026-03-02,TECH04,160.14
2024-01-01,TECH05,271.17
2024-01-02,TECH05,273.28
2024-01-03,TECH05,268.0
2024-01-04,TECH05,271.13
2024-01-05,TECH05,275.64
2024-01-08,TECH05,276.36
2024-01-09,TECH05,261.2
2024-01-10,TECH05,255.27
2024-01-11,TECH05,264.01
2024-01-12,TECH05,261.49
2024-01-15,TECH05,252.23
2024-01-16,TECH05,257.92
2024-01-17,TECH05,258.05
2024-01-18,TECH05,263.26
2024-01-19,TECH05,264.66
2024-01-22,TECH05,266.92
2024-01-23,TECH05,268.74
2024-01-24,TECH05,272.2
2024-01-25,TECH05,283.44
2024-01-26,TECH05,288.48
2024-01-29,TECH05,280.36
2024-01-30,TECH05,282.7
2024-01-31,TECH05,288.59
2024-02-01,TECH05,294.92
2024-02-02,TECH05,292.75
2024-02-05,TECH05,298.97
2024-02-06,TECH05,304.06
2024-02-07,TECH05,318.23
2024-02-08,TECH05,314.03
2024-02-09,TECH05,311.25
2024-02-12,TECH05,309.63
2024-02-13,TECH05,306.99
2024-02-14,TECH05,302.17
2024-02-15,TECH05,287.23
2024-02-16,TECH05,285.07
2024-02-19,TECH05,287.05
2024-02-20,TECH05,284.59
2024-02-21,TECH05,294.59
2024-02-22,TECH05,294.75
2024-02-23,TECH05,301.68
2024-02-26,TECH05,303.19
2024-02-27,TECH05,307.8
2024-02-28,TECH05,309.43
2024-02-29,TECH05,317.15
2024-03-01,TECH05,317.57
2024-03-04,TECH05,320.5
2024-03-05,TECH05,322.71
2024-03-06,TECH05,321.13
2024-03-07,TECH05,323.57
2024-03-08,TECH05,336.68
2024-03-11,TECH05,335.14
2024-03-12,TECH05,337.77
2024-03-13,TECH05,345.52
2024-03-14,TECH05,352.71
2024-03-15,TECH05,352.89
2024-03-18,TECH05,337.86
2024-03-19,TECH05,341.1
2024-03-20,TECH05,327.58
2024-03-21,TECH05,336.34
2024-03-22,TECH05,337.47
2024-03-25,TECH05,343.65
2024-03-26,TECH05,338.17
2024-03-27,TECH05,328.82
2024-03-28,TECH05,330.46
2024-03-29,TECH05,330.36
2024-04-01,TECH05,327.54
2024-04-02,TECH05,328.13
2024-04-03,TECH05,344.58
2024-04-04,TECH05,349.86
2024-04-05,TECH05,356.57
2024-04-08,TECH05,362.1
2024-04-09,TECH05,371.85
2024-04-10,TECH05,370.69
2024-04-11,TECH05,357.09
2024-04-12,TECH05,355.98
2024-04-15,TECH05,361.29
2024-04-16,TECH05,355.09
2024-04-17,TECH05,354.07
2024-04-18,TECH05,349.77
2024-04-19,TECH05,359.33
2024-04-22,TECH05,364.29
2024-04-23,TECH05,368.67
2024-04-24,TECH05,372.9
2024-04-25,TECH05,372.76
2024-04-26,TECH05,374.2
2024-04-29,TECH05,366.33
2024-04-30,TECH05,352.02
2024-05-01,TECH05,353.08
2024-05-02,TECH05,355.25
2024-05-03,TECH05,363.08
2024-05-06,TECH05,373.46
2024-05-07,TECH05,384.13
2024-05-08,TECH05,377.34
2024-05-09,TECH05,375.06
2024-05-10,TECH05,378.42
2024-05-13,TECH05,395.78
2024-05-14,TECH05,406.44
2024-05-15,TECH05,414.75
2024-05-16,TECH05,411.98
2024-05-17,TECH05,405.56
2024-05-20,TECH05,411.44
2024-05-21,TECH05,403.41
2024-05-22,TECH05,401.8
2024-05-23,TECH05,401.09
2024-05-24,TECH05,412.71
2024-05-27,TECH05,410.2
2024-05-28,TECH05,392.31
2024-05-29,TECH05,395.99
2024-05-30,TECH05,391.13
2024-05-31,TECH05,391.55
2024-06-03,TECH05,391.05
2024-06-04,TECH05,389.24
2024-06-05,TECH05,394.9
2024-06-06,TECH05,384.12
2024-06-07,TECH05,380.66
2024-06-10,TECH05,385.46
2024-06-11,TECH05,381.32
2024-06-12,TECH05,370.39
2024-06-13,TECH05,374.96
2024-06-14,TECH05,382.65
2024-06-17,TECH05,382.45
2024-06-18,TECH05,369.07
2024-06-19,TECH05,373.87
2024-06-20,TECH05,362.81
2024-06-21,TECH05,364.94
2024-06-24,TECH05,359.22
2024-06-25,TECH05,351.83
2024-06-26,TECH05,349.13
2024-06-27,TECH05,348.09
2024-06-28,TECH05,344.15
2024-07-01,TECH05,347.9
2024-07-02,TECH05,345.21
2024-07-03,TECH05,351.41
2024-07-04,TECH05,353.29
2024-07-05,TECH05,348.96
2024-07-08,TECH05,343.63
2024-07-09,TECH05,333.54
2024-07-10,TECH05,335.39
2024-07-11,TECH05,333.35
2024-07-12,TECH05,319.21
2024-07-15,TECH05,316.23
2024-07-16,TECH05,311.2
2024-07-17,TECH05,320.12
2024-07-18,TECH05,310.4
2024-07-19,TECH05,302.44
2024-07-22,TECH05,308.57
2024-07-23,TECH05,316.2
2024-07-24,TECH05,312.06
2024-07-25,TECH05,308.6
2024-07-26,TECH05,312.12
2024-07-29,TECH05,299.14
2024-07-30,TECH05,289.2
2024-07-31,TECH05,287.83
2024-08-01,TECH05,295.95
2024-08-02,TECH05,293.71
2024-08-05,TECH05,294.34
2024-08-06,TECH05,300.43
2024-08-07,TECH05,311.91
2024-08-08,TECH05,308.77
2024-08-09,TECH05,308.77
2024-08-12,TECH05,318.99
2024-08-13,TECH05,310.34
2024-08-14,TECH05,316.18
2024-08-15,TECH05,310.48
2024-08-16,TECH05,311.14
2024-08-19,TECH05,309.88
2024-08-20,TECH05,304.63
2024-08-21,TECH05,299.33
2024-08-22,TECH05,300.91
2024-08-23,TECH05,306.39
2024-08-26,TECH05,305.76
2024-08-27,TECH05,306.24
2024-08-28,TECH05,309.48
2024-08-29,TECH05,304.16
2024-08-30,TECH05,308.3
2024-09-02,TECH05,312.94
2024-09-03,TECH05,327.7
2024-09-04,TECH05,325.58
2024-09-05,TECH05,323.0
2024-09-06,TECH05,327.56
2024-09-09,TECH05,332.49
2024-09-10,TECH05,329.39
2024-09-11,TECH05,327.1
2024-09-12,TECH05,330.38
2024-09-13,TECH05,325.56
2024-09-16,TECH05,323.25
2024-09-17,TECH05,323.87
2024-09-18,TECH05,329.77
2024-09-19,TECH05,326.28
2024-09-20,TECH05,315.56
2024-09-23,TECH05,304.77
2024-09-24,TECH05,297.95
2024-09-25,TECH05,291.0
2024-09-26,TECH05,290.27
2024-09-27,TECH05,284.15
2024-09-30,TECH05,280.64
2024-10-01,TECH05,276.81
2024-10-02,TECH05,274.7
2024-10-03,TECH05,281.32
2024-10-04,TECH05,284.76
2024-10-07,TECH05,284.93
2024-10-08,TECH05,282.65
2024-10-09,TECH05,280.53
2024-10-10,TECH05,282.27
2024-10-11,TECH05,285.32
2024-10-14,TECH05,280.75
2024-10-15,TECH05,281.02
2024-10-16,TECH05,270.82
2024-10-17,TECH05,271.94
2024-10-18,TECH05,275.75
2024-10-21,TECH05,274.44
2024-10-22,TECH05,283.5
2024-10-23,TECH05,279.08
2024-10-24,TECH05,280.26
2024-10-25,TECH05,280.16
2024-10-28,TECH05,279.74
2024-10-29,TECH05,279.25
2024-10-30,TECH05,279.87
2024-10-31,TECH05,284.23
2024-11-01,TECH05,291.36
2024-11-04,TECH05,291.44
2024-11-05,TECH05,295.8
2024-11-06,TECH05,292.15
2024-11-07,TECH05,296.27
2024-11-08,TECH05,292.3
2024-11-11,TECH05,298.12
2024-11-12,TECH05,310.07
2024-11-13,TECH05,309.49
2024-11-14,TECH05,297.36
2024-11-15,TECH05,294.52
2024-11-18,TECH05,301.14
2024-11-19,TECH05,304.23
2024-11-20,TECH05,305.68
2024-11-21,TECH05,311.32
2024-11-22,TECH05,314.13
2024-11-25,TECH05,321.11
2024-11-26,TECH05,326.52
2024-11-27,TECH05,335.56
2024-11-28,TECH05,337.83
2024-11-29,TECH05,343.44
2024-12-02,TECH05,341.64
2024-12-03,TECH05,338.05
2024-12-04,TECH05,348.53
2024-12-05,TECH05,349.99
2024-12-06,TECH05,355.17
2024-12-09,TECH05,356.07
2024-12-10,TECH05,352.41
2024-12-11,TECH05,352.59
2024-12-12,TECH05,361.81
2024-12-13,TECH05,365.53
2024-12-16,TECH05,354.38
2024-12-17,TECH05,353.12
2024-12-18,TECH05,364.55
2024-12-19,TECH05,363.26
2024-12-20,TECH05,351.59
2024-12-23,TECH05,363.68
2024-12-24,TECH05,368.26
2024-12-25,TECH05,367.9
2024-12-26,TECH05,365.55
2024-12-27,TECH05,372.78
2024-12-30,TECH05,369.26
2024-12-31,TECH05,377.0
2025-01-01,TECH05,380.79
2025-01-02,TECH05,382.59
2025-01-03,TECH05,383.7
2025-01-06,TECH05,382.61
2025-01-07,TECH05,389.93
2025-01-08,TECH05,383.97
2025-01-09,TECH05,372.87
2025-01-10,TECH05,377.11
2025-01-13,TECH05,381.51
2025-01-14,TECH05,384.92
2025-01-15,TECH05,387.86
2025-01-16,TECH05,385.74
2025-01-17,TECH05,391.32
2025-01-20,TECH05,391.12
2025-01-21,TECH05,387.81
2025-01-22,TECH05,385.75
2025-01-23,TECH05,399.89
2025-01-24,TECH05,387.52
2025-01-27,TECH05,391.13
2025-01-28,TECH05,379.42
2025-01-29,TECH05,378.8
2025-01-30,TECH05,375.95
2025-01-31,TECH05,361.96
2025-02-03,TECH05,364.6
2025-02-04,TECH05,362.22
2025-02-05,TECH05,348.64
2025-02-06,TECH05,354.01
2025-02-07,TECH05,363.26
2025-02-10,TECH05,373.11
2025-02-11,TECH05,375.64
2025-02-12,TECH05,376.06
2025-02-13,TECH05,385.16
2025-02-14,TECH05,396.94
2025-02-17,TECH05,405.16
2025-02-18,TECH05,398.42
2025-02-19,TECH05,399.98
2025-02-20,TECH05,403.26
2025-02-21,TECH05,390.25
2025-02-24,TECH05,393.66
2025-02-25,TECH05,409.89
2025-02-26,TECH05,414.73
2025-02-27,TECH05,425.86
2025-02-28,TECH05,427.39
2025-03-03,TECH05,426.95
2025-03-04,TECH05,430.01
2025-03-05,TECH05,423.82
2025-03-06,TECH05,416.6
2025-03-07,TECH05,426.22
2025-03-10,TECH05,436.88
2025-03-11,TECH05,429.21
2025-03-12,TECH05,436.82
2025-03-13,TECH05,436.27
2025-03-14,TECH05,439.07
2025-03-17,TECH05,442.84
2025-03-18,TECH05,450.89
2025-03-19,TECH05,451.7
2025-03-20,TECH05,463.3
2025-03-21,TECH05,466.02
2025-03-24,TECH05,471.4
2025-03-25,TECH05,464.47
2025-03-26,TECH05,482.65
2025-03-27,TECH05,486.88
2025-03-28,TECH05,493.28
2025-03-31,TECH05,479.14
2025-04-01,TECH05,472.19
2025-04-02,TECH05,482.86
2025-04-03,TECH05,485.49
2025-04-04,TECH05,468.92
2025-04-07,TECH05,477.82
2025-04-08,TECH05,473.29
2025-04-09,TECH05,485.45
2025-04-10,TECH05,484.83
2025-04-11,TECH05,486.76
2025-04-14,TECH05,497.24
2025-04-15,TECH05,489.35
2025-04-16,TECH05,480.76
2025-04-17,TECH05,479.2
2025-04-18,TECH05,486.48
2025-04-21,TECH05,474.97
2025-04-22,TECH05,460.85
2025-04-23,TECH05,467.82
2025-04-24,TECH05,462.89
2025-04-25,TECH05,459.76
2025-04-28,TECH05,444.53
2025-04-29,TECH05,439.23
2025-04-30,TECH05,439.3
2025-05-01,TECH05,446.79
2025-05-02,TECH05,440.72
2025-05-05,TECH05,454.0
2025-05-06,TECH05,448.54
2025-05-07,TECH05,443.16
2025-05-08,TECH05,455.56
2025-05-09,TECH05,457.43
2025-05-12,TECH05,453.02
2025-05-13,TECH05,451.89
2025-05-14,TECH05,463.03
2025-05-15,TECH05,475.39
2025-05-16,TECH05,468.55
2025-05-19,TECH05,468.33
2025-05-20,TECH05,469.23
2025-05-21,TECH05,461.04
2025-05-22,TECH05,460.72
2025-05-23,TECH05,460.9
2025-05-26,TECH05,470.5
2025-05-27,TECH05,480.86
2025-05-28,TECH05,478.16
2025-05-29,TECH05,476.46
2025-05-30,TECH05,482.3
2025-06-02,TECH05,477.36
2025-06-03,TECH05,482.57
2025-06-04,TECH05,481.95
2025-06-05,TECH05,473.68
2025-06-06,TECH05,465.67
2025-06-09,TECH05,477.93
2025-06-10,TECH05,476.73
2025-06-11,TECH05,490.95
2025-06-12,TECH05,486.56
2025-06-13,TECH05,489.26
2025-06-16,TECH05,510.47
2025-06-17,TECH05,500.91
2025-06-18,TECH05,483.95
2025-06-19,TECH05,495.3
2025-06-20,TECH05,488.08
2025-06-23,TECH05,488.04
2025-06-24,TECH05,483.04
2025-06-25,TECH05,485.52
2025-06-26,TECH05,477.36
2025-06-27,TECH05,475.96
2025-06-30,TECH05,479.95
2025-07-01,TECH05,471.39
2025-07-02,TECH05,465.59
2025-07-03,TECH05,462.82
2025-07-04,TECH05,451.05
2025-07-07,TECH05,447.76
2025-07-08,TECH05,448.85
2025-07-09,TECH05,445.75
2025-07-10,TECH05,443.71
2025-07-11,TECH05,443.68
2025-07-14,TECH05,438.58
2025-07-15,TECH05,444.17
2025-07-16,TECH05,455.78
2025-07-17,TECH05,452.11
2025-07-18,TECH05,456.19
2025-07-21,TECH05,454.36
2025-07-22,TECH05,457.49
2025-07-23,TECH05,470.52
2025-07-24,TECH05,474.97
2025-07-25,TECH05,459.95
2025-07-28,TECH05,463.85
2025-07-29,TECH05,474.28
2025-07-30,TECH05,472.53
2025-07-31,TECH05,481.14
2025-08-01,TECH05,475.31
2025-08-04,TECH05,462.74
2025-08-05,TECH05,464.05
2025-08-06,TECH05,449.52
2025-08-07,TECH05,447.72
2025-08-08,TECH05,458.22
2025-08-11,TECH05,442.61
2025-08-12,TECH05,432.55
2025-08-13,TECH05,424.64
2025-08-14,TECH05,424.28
2025-08-15,TECH05,421.62
2025-08-18,TECH05,432.36
2025-08-19,TECH05,439.92
2025-08-20,TECH05,443.97
2025-08-21,TECH05,445.27
2025-08-22,TECH05,448.56
2025-08-25,TECH05,441.73
2025-08-26,TECH05,448.68
2025-08-27,TECH05,439.83
2025-08-28,TECH05,446.58
2025-08-29,TECH05,456.25
2025-09-01,TECH05,458.12
2025-09-02,TECH05,456.8
2025-09-03,TECH05,460.23
2025-09-04,TECH05,436.66
2025-09-05,TECH05,439.17
2025-09-08,TECH05,438.4
2025-09-09,TECH05,438.14
2025-09-10,TECH05,443.84
2025-09-11,TECH05,443.38
2025-09-12,TECH05,434.41
2025-09-15,TECH05,433.43
2025-09-16,TECH05,434.09
2025-09-17,TECH05,435.12
2025-09-18,TECH05,436.52
2025-09-19,TECH05,444.81
2025-09-22,TECH05,436.25
2025-09-23,TECH05,437.76
2025-09-24,TECH05,448.06
2025-09-25,TECH05,434.2
2025-09-26,TECH05,435.74
2025-09-29,TECH05,431.28
2025-09-30,TECH05,428.53
2025-10-01,TECH05,421.68
2025-10-02,TECH05,420.52
2025-10-03,TECH05,434.58
2025-10-06,TECH05,424.82
2025-10-07,TECH05,416.0
2025-10-08,TECH05,406.38
2025-10-09,TECH05,419.14
2025-10-10,TECH05,415.78
2025-10-13,TECH05,415.71
2025-10-14,TECH05,412.82
2025-10-15,TECH05,405.92
2025-10-16,TECH05,404.33
2025-10-17,TECH05,422.34
2025-10-20,TECH05,433.05
2025-10-21,TECH05,426.53
2025-10-22,TECH05,431.63
2025-10-23,TECH05,425.3
2025-10-24,TECH05,411.83
2025-10-27,TECH05,419.51
2025-10-28,TECH05,428.4
2025-10-29,TECH05,436.59
2025-10-30,TECH05,433.03
2025-10-31,TECH05,431.86
2025-11-03,TECH05,437.82
2025-11-04,TECH05,441.03
2025-11-05,TECH05,438.04
2025-11-06,TECH05,425.41
2025-11-07,TECH05,426.41
2025-11-10,TECH05,434.82
2025-11-11,TECH05,425.57
2025-11-12,TECH05,430.59
2025-11-13,TECH05,433.29
2025-11-14,TECH05,439.27
2025-11-17,TECH05,446.3
2025-11-18,TECH05,440.85
2025-11-19,TECH05,428.16
2025-11-20,TECH05,424.17
2025-11-21,TECH05,431.09
2025-11-24,TECH05,427.01
2025-11-25,TECH05,421.81
2025-11-26,TECH05,408.1
2025-11-27,TECH05,421.1
2025-11-28,TECH05,427.49
2025-12-01,TECH05,433.54
2025-12-02,TECH05,441.22
2025-12-03,TECH05,445.93
2025-12-04,TECH05,444.11
2025-12-05,TECH05,442.93
2025-12-08,TECH05,439.65
2025-12-09,TECH05,460.64
2025-12-10,TECH05,465.38
2025-12-11,TECH05,461.64
2025-12-12,TECH05,465.64
2025-12-15,TECH05,457.31
2025-12-16,TECH05,469.83
2025-12-17,TECH05,464.38
2025-12-18,TECH05,468.71
2025-12-19,TECH05,477.85
2025-12-22,TECH05,481.3
2025-12-23,TECH05,482.26
2025-12-24,TECH05,482.5
2025-12-25,TECH05,482.15
2025-12-26,TECH05,477.29
2025-12-29,TECH05,473.57
2025-12-30,TECH05,486.33
2025-12-31,TECH05,485.53
2026-01-01,TECH05,478.8
2026-01-02,TECH05,474.5
2026-01-05,TECH05,484.04
2026-01-06,TECH05,490.07
2026-01-07,TECH05,495.16
2026-01-08,TECH05,493.01
2026-01-09,TECH05,498.25
2026-01-12,TECH05,492.63
2026-01-13,TECH05,490.47
2026-01-14,TECH05,499.18
2026-01-15,TECH05,507.19
2026-01-16,TECH05,498.37
2026-01-19,TECH05,490.85
2026-01-20,TECH05,491.96
2026-01-21,TECH05,507.39
2026-01-22,TECH05,490.05
2026-01-23,TECH05,492.65
2026-01-26,TECH05,480.59
2026-01-27,TECH05,475.25
2026-01-28,TECH05,472.28
2026-01-29,TECH05,468.84
2026-01-30,TECH05,464.48
2026-02-02,TECH05,464.68
2026-02-03,TECH05,460.34
2026-02-04,TECH05,448.36
2026-02-05,TECH05,454.79
2026-02-06,TECH05,461.09
2026-02-09,TECH05,468.23
2026-02-10,TECH05,455.38
2026-02-11,TECH05,457.97
2026-02-12,TECH05,463.68
2026-02-13,TECH05,455.21
2026-02-16,TECH05,455.42
2026-02-17,TECH05,454.61
2026-02-18,TECH05,469.82
2026-02-19,TECH05,486.23
2026-02-20,TECH05,471.81
2026-02-23,TECH05,493.13
2026-02-24,TECH05,485.16
2026-02-25,TECH05,493.87
2026-02-26,TECH05,502.64
2026-02-27,TECH05,493.78
2026-03-02,TECH05,498.32
2024-01-01,BANK01,225.07
2024-01-02,BANK01,226.07
2024-01-03,BANK01,231.01
2024-01-04,BANK01,231.39
2024-01-05,BANK01,230.76
2024-01-08,BANK01,235.38
2024-01-09,BANK01,237.91
2024-01-10,BANK01,241.12
2024-01-11,BANK01,238.3
2024-01-12,BANK01,233.89
2024-01-15,BANK01,231.57
2024-01-16,BANK01,229.05
2024-01-17,BANK01,232.36
2024-01-18,BANK01,236.52
2024-01-19,BANK01,235.93
2024-01-22,BANK01,242.07
2024-01-23,BANK01,248.11
2024-01-24,BANK01,249.27
2024-01-25,BANK01,245.66
2024-01-26,BANK01,252.7
2024-01-29,BANK01,252.5
2024-01-30,BANK01,253.14
2024-01-31,BANK01,251.67
2024-02-01,BANK01,247.72
2024-02-02,BANK01,241.24
2024-02-05,BANK01,244.06
2024-02-06,BANK01,240.7
2024-02-07,BANK01,254.02
2024-02-08,BANK01,249.13
2024-02-09,BANK01,243.57
2024-02-12,BANK01,245.88
2024-02-13,BANK01,252.72
2024-02-14,BANK01,253.09
2024-02-15,BANK01,255.77
2024-02-16,BANK01,247.36
2024-02-19,BANK01,244.42
2024-02-20,BANK01,239.77
2024-02-21,BANK01,231.66
2024-02-22,BANK01,232.22
2024-02-23,BANK01,222.92
2024-02-26,BANK01,217.68
2024-02-27,BANK01,215.64
2024-02-28,BANK01,212.48
2024-02-29,BANK01,214.06
2024-03-01,BANK01,215.3
2024-03-04,BANK01,218.83
2024-03-05,BANK01,221.86
2024-03-06,BANK01,226.48
2024-03-07,BANK01,226.54
2024-03-08,BANK01,227.84
2024-03-11,BANK01,230.01
2024-03-12,BANK01,230.66
2024-03-13,BANK01,229.08
2024-03-14,BANK01,227.78
2024-03-15,BANK01,224.5
2024-03-18,BANK01,226.27
2024-03-19,BANK01,225.95
2024-03-20,BANK01,223.33
2024-03-21,BANK01,220.73
2024-03-22,BANK01,215.99
2024-03-25,BANK01,219.86
2024-03-26,BANK01,220.23
2024-03-27,BANK01,216.88
2024-03-28,BANK01,220.1
2024-03-29,BANK01,217.95
2024-04-01,BANK01,212.5
2024-04-02,BANK01,216.47
2024-04-03,BANK01,214.44
2024-04-04,BANK01,212.92
2024-04-05,BANK01,213.14
2024-04-08,BANK01,217.59
2024-04-09,BANK01,217.74
2024-04-10,BANK01,213.1
2024-04-11,BANK01,215.25
2024-04-12,BANK01,213.44
2024-04-15,BANK01,220.75
2024-04-16,BANK01,220.82
2024-04-17,BANK01,212.0
2024-04-18,BANK01,213.43
2024-04-19,BANK01,220.96
2024-04-22,BANK01,227.3
2024-04-23,BANK01,234.85
2024-04-24,BANK01,230.61
2024-04-25,BANK01,234.47
2024-04-26,BANK01,231.49
2024-04-29,BANK01,232.5
2024-04-30,BANK01,227.24
2024-05-01,BANK01,224.67
2024-05-02,BANK01,222.0
2024-05-03,BANK01,225.66
2024-05-06,BANK01,228.98
2024-05-07,BANK01,230.19
2024-05-08,BANK01,224.66
2024-05-09,BANK01,223.47
2024-05-10,BANK01,220.54
2024-05-13,BANK01,224.06
2024-05-14,BANK01,228.88
2024-05-15,BANK01,233.3
2024-05-16,BANK01,230.19
2024-05-17,BANK01,218.91
2024-05-20,BANK01,212.02
2024-05-21,BANK01,217.5
2024-05-22,BANK01,216.0
2024-05-23,BANK01,213.14
2024-05-24,BANK01,219.51
2024-05-27,BANK01,224.58
2024-05-28,BANK01,224.74
2024-05-29,BANK01,223.62
2024-05-30,BANK01,223.16
2024-05-31,BANK01,224.14
2024-06-03,BANK01,230.66
2024-06-04,BANK01,232.48
2024-06-05,BANK01,235.59
2024-06-06,BANK01,240.62
2024-06-07,BANK01,235.63
2024-06-10,BANK01,238.9
2024-06-11,BANK01,237.7
2024-06-12,BANK01,227.01
2024-06-13,BANK01,218.38
2024-06-14,BANK01,214.44
2024-06-17,BANK01,216.56
2024-06-18,BANK01,217.07
2024-06-19,BANK01,217.85
2024-06-20,BANK01,225.57
2024-06-21,BANK01,220.48
2024-06-24,BANK01,220.44
2024-06-25,BANK01,221.72
2024-06-26,BANK01,218.84
2024-06-27,BANK01,219.02
2024-06-28,BANK01,212.78
2024-07-01,BANK01,218.24
2024-07-02,BANK01,215.63
2024-07-03,BANK01,223.58
2024-07-04,BANK01,223.52
2024-07-05,BANK01,227.72
2024-07-08,BANK01,227.57
2024-07-09,BANK01,227.51
2024-07-10,BANK01,225.19
2024-07-11,BANK01,225.74
2024-07-12,BANK01,227.1
2024-07-15,BANK01,223.96
2024-07-16,BANK01,223.52
2024-07-17,BANK01,221.14
2024-07-18,BANK01,230.36
2024-07-19,BANK01,230.05
2024-07-22,BANK01,236.52
2024-07-23,BANK01,235.76
2024-07-24,BANK01,236.93
2024-07-25,BANK01,231.37
2024-07-26,BANK01,229.57
2024-07-29,BANK01,230.51
2024-07-30,BANK01,237.16
2024-07-31,BANK01,238.18
2024-08-01,BANK01,244.18
2024-08-02,BANK01,247.07
2024-08-05,BANK01,254.39
2024-08-06,BANK01,254.19
2024-08-07,BANK01,265.2
2024-08-08,BANK01,262.97
2024-08-09,BANK01,259.42
2024-08-12,BANK01,253.85
2024-08-13,BANK01,264.57
2024-08-14,BANK01,268.55
2024-08-15,BANK01,267.02
2024-08-16,BANK01,273.1
2024-08-19,BANK01,276.57
2024-08-20,BANK01,286.44
2024-08-21,BANK01,278.54
2024-08-22,BANK01,277.29
2024-08-23,BANK01,275.07
2024-08-26,BANK01,265.38
2024-08-27,BANK01,270.52
2024-08-28,BANK01,269.29
2024-08-29,BANK01,272.95
2024-08-30,BANK01,284.63
2024-09-02,BANK01,282.91
2024-09-03,BANK01,280.85
2024-09-04,BANK01,281.53
2024-09-05,BANK01,286.62
2024-09-06,BANK01,283.78
2024-09-09,BANK01,280.64
2024-09-10,BANK01,286.07
2024-09-11,BANK01,288.1
2024-09-12,BANK01,277.59
2024-09-13,BANK01,271.55
2024-09-16,BANK01,278.97
2024-09-17,BANK01,281.07
2024-09-18,BANK01,277.3
2024-09-19,BANK01,276.53
2024-09-20,BANK01,276.68
2024-09-23,BANK01,280.42
2024-09-24,BANK01,273.65
2024-09-25,BANK01,269.59
2024-09-26,BANK01,271.0
2024-09-27,BANK01,270.59
2024-09-30,BANK01,273.46
2024-10-01,BANK01,267.49
2024-10-02,BANK01,269.29
2024-10-03,BANK01,274.66
2024-10-04,BANK01,277.15
2024-10-07,BANK01,277.93
2024-10-08,BANK01,277.53
2024-10-09,BANK01,273.44
2024-10-10,BANK01,273.17
2024-10-11,BANK01,279.45
2024-10-14,BANK01,278.93
2024-10-15,BANK01,274.55
2024-10-16,BANK01,272.2
2024-10-17,BANK01,273.26
2024-10-18,BANK01,271.51
2024-10-21,BANK01,273.96
2024-10-22,BANK01,276.62
2024-10-23,BANK01,281.13
2024-10-24,BANK01,288.42
2024-10-25,BANK01,293.68
2024-10-28,BANK01,288.82
2024-10-29,BANK01,284.21
2024-10-30,BANK01,283.91
2024-10-31,BANK01,281.69
2024-11-01,BANK01,276.0
2024-11-04,BANK01,273.89
2024-11-05,BANK01,271.64
2024-11-06,BANK01,268.43
2024-11-07,BANK01,266.99
2024-11-08,BANK01,272.73
2024-11-11,BANK01,273.79
2024-11-12,BANK01,286.05
2024-11-13,BANK01,287.02
2024-11-14,BANK01,285.6
2024-11-15,BANK01,285.71
2024-11-18,BANK01,287.12
2024-11-19,BANK01,289.45
2024-11-20,BANK01,300.36
2024-11-21,BANK01,295.88
2024-11-22,BANK01,300.54
2024-11-25,BANK01,301.76
2024-11-26,BANK01,293.31
2024-11-27,BANK01,297.47
2024-11-28,BANK01,304.35
2024-11-29,BANK01,299.74
2024-12-02,BANK01,299.78
2024-12-03,BANK01,290.56
2024-12-04,BANK01,284.07
2024-12-05,BANK01,289.51
2024-12-06,BANK01,287.17
2024-12-09,BANK01,281.52
2024-12-10,BANK01,282.77
2024-12-11,BANK01,280.2
2024-12-12,BANK01,277.91
2024-12-13,BANK01,281.69
2024-12-16,BANK01,275.88
2024-12-17,BANK01,271.47
2024-12-18,BANK01,272.3
2024-12-19,BANK01,277.14
2024-12-20,BANK01,283.4
2024-12-23,BANK01,280.09
2024-12-24,BANK01,284.9
2024-12-25,BANK01,280.96
2024-12-26,BANK01,290.28
2024-12-27,BANK01,284.44
2024-12-30,BANK01,291.33
2024-12-31,BANK01,287.98
2025-01-01,BANK01,298.5
2025-01-02,BANK01,301.77
2025-01-03,BANK01,296.34
2025-01-06,BANK01,293.64
2025-01-07,BANK01,297.86
2025-01-08,BANK01,303.59
2025-01-09,BANK01,303.3
2025-01-10,BANK01,303.63
2025-01-13,BANK01,307.87
2025-01-14,BANK01,308.69
2025-01-15,BANK01,301.59
2025-01-16,BANK01,297.27
2025-01-17,BANK01,298.62
2025-01-20,BANK01,305.24
2025-01-21,BANK01,314.21
2025-01-22,BANK01,318.71
2025-01-23,BANK01,320.46
2025-01-24,BANK01,324.87
2025-01-27,BANK01,321.07
2025-01-28,BANK01,320.28
2025-01-29,BANK01,315.63
2025-01-30,BANK01,
2025-01-31,BANK01,310.57
2025-02-03,BANK01,311.7
2025-02-04,BANK01,315.66
2025-02-05,BANK01,318.85
2025-02-06,BANK01,320.34
2025-02-07,BANK01,323.65
2025-02-10,BANK01,323.5
2025-02-11,BANK01,326.0
2025-02-12,BANK01,321.83
2025-02-13,BANK01,324.07
2025-02-14,BANK01,328.07
2025-02-17,BANK01,324.21
2025-02-18,BANK01,324.61
2025-02-19,BANK01,321.07
2025-02-20,BANK01,318.12
2025-02-21,BANK01,311.77
2025-02-24,BANK01,318.97
2025-02-25,BANK01,325.18
2025-02-26,BANK01,328.43
2025-02-27,BANK01,340.19
2025-02-28,BANK01,339.13
2025-03-03,BANK01,357.74
2025-03-04,BANK01,356.38
2025-03-05,BANK01,358.12
2025-03-06,BANK01,355.67
2025-03-07,BANK01,358.16
2025-03-10,BANK01,363.65
2025-03-11,BANK01,363.01
2025-03-12,BANK01,374.73
2025-03-13,BANK01,376.46
2025-03-14,BANK01,378.4
2025-03-17,BANK01,372.33
2025-03-18,BANK01,375.24
2025-03-19,BANK01,374.45
2025-03-20,BANK01,370.46
2025-03-21,BANK01,365.4
2025-03-24,BANK01,383.08
2025-03-25,BANK01,381.38
2025-03-26,BANK01,371.49
2025-03-27,BANK01,366.93
2025-03-28,BANK01,366.7
2025-03-31,BANK01,370.42
2025-04-01,BANK01,374.23
2025-04-02,BANK01,
2025-04-03,BANK01,374.62
2025-04-04,BANK01,377.02
2025-04-07,BANK01,371.19
2025-04-08,BANK01,367.16
2025-04-09,BANK01,361.21
2025-04-10,BANK01,353.59
2025-04-11,BANK01,360.47
2025-04-14,BANK01,365.05
2025-04-15,BANK01,371.57
2025-04-16,BANK01,371.95
2025-04-17,BANK01,377.26
2025-04-18,BANK01,365.41
2025-04-21,BANK01,371.2
2025-04-22,BANK01,372.49
2025-04-23,BANK01,376.81
2025-04-24,BANK01,379.5
2025-04-25,BANK01,372.87
2025-04-28,BANK01,362.93
2025-04-29,BANK01,358.39
2025-04-30,BANK01,362.14
2025-05-01,BANK01,366.74
2025-05-02,BANK01,357.82
2025-05-05,BANK01,351.61
2025-05-06,BANK01,347.14
2025-05-07,BANK01,345.01
2025-05-08,BANK01,336.66
2025-05-09,BANK01,328.14
2025-05-12,BANK01,323.39
2025-05-13,BANK01,323.98
2025-05-14,BANK01,317.2
2025-05-15,BANK01,316.63
2025-05-16,BANK01,322.76
2025-05-19,BANK01,315.29
2025-05-20,BANK01,314.22
2025-05-21,BANK01,320.11
2025-05-22,BANK01,317.79
2025-05-23,BANK01,314.61
2025-05-26,BANK01,321.29
2025-05-27,BANK01,319.61
2025-05-28,BANK01,326.06
2025-05-29,BANK01,328.68
2025-05-30,BANK01,326.75
2025-06-02,BANK01,329.67
2025-06-03,BANK01,331.67
2025-06-04,BANK01,337.86
2025-06-05,BANK01,334.63
2025-06-06,BANK01,334.98
2025-06-09,BANK01,334.71
2025-06-10,BANK01,339.05
2025-06-11,BANK01,332.9
2025-06-12,BANK01,339.09
2025-06-13,BANK01,342.04
2025-06-16,BANK01,334.03
2025-06-17,BANK01,341.4
2025-06-18,BANK01,355.23
2025-06-19,BANK01,361.74
2025-06-20,BANK01,371.14
2025-06-23,BANK01,371.82
2025-06-24,BANK01,360.81
2025-06-25,BANK01,348.95
2025-06-26,BANK01,350.65
2025-06-27,BANK01,347.02
2025-06-30,BANK01,341.41
2025-07-01,BANK01,341.13
2025-07-02,BANK01,345.01
2025-07-03,BANK01,336.09
2025-07-04,BANK01,333.48
2025-07-07,BANK01,342.64
2025-07-08,BANK01,336.11
2025-07-09,BANK01,341.48
2025-07-10,BANK01,338.6
2025-07-11,BANK01,342.03
2025-07-14,BANK01,348.89
2025-07-15,BANK01,353.65
2025-07-16,BANK01,359.54
2025-07-17,BANK01,352.19
2025-07-18,BANK01,359.36
2025-07-21,BANK01,353.95
2025-07-22,BANK01,355.71
2025-07-23,BANK01,357.47
2025-07-24,BANK01,360.7
2025-07-25,BANK01,363.0
2025-07-28,BANK01,357.59
2025-07-29,BANK01,349.01
2025-07-30,BANK01,354.6
2025-07-31,BANK01,355.89
2025-08-01,BANK01,
2025-08-04,BANK01,363.17
2025-08-05,BANK01,354.1
2025-08-06,BANK01,360.36
2025-08-07,BANK01,358.07
2025-08-08,BANK01,360.38
2025-08-11,BANK01,356.29
2025-08-12,BANK01,366.94
2025-08-13,BANK01,361.26
2025-08-14,BANK01,359.17
2025-08-15,BANK01,359.98
2025-08-18,BANK01,353.01
2025-08-19,BANK01,355.21
2025-08-20,BANK01,365.63
2025-08-21,BANK01,362.51
2025-08-22,BANK01,365.2
2025-08-25,BANK01,347.23
2025-08-26,BANK01,347.09
2025-08-27,BANK01,345.24
2025-08-28,BANK01,340.26
2025-08-29,BANK01,346.98
2025-09-01,BANK01,345.05
2025-09-02,BANK01,344.05
2025-09-03,BANK01,341.82
2025-09-04,BANK01,330.13
2025-09-05,BANK01,323.5
2025-09-08,BANK01,329.19
2025-09-09,BANK01,316.79
2025-09-10,BANK01,312.51
2025-09-11,BANK01,310.36
2025-09-12,BANK01,320.19
2025-09-15,BANK01,324.72
2025-09-16,BANK01,321.56
2025-09-17,BANK01,329.21
2025-09-18,BANK01,324.92
2025-09-19,BANK01,330.92
2025-09-22,BANK01,322.92
2025-09-23,BANK01,329.26
2025-09-24,BANK01,326.95
2025-09-25,BANK01,320.99
2025-09-26,BANK01,319.84
2025-09-29,BANK01,321.53
2025-09-30,BANK01,318.76
2025-10-01,BANK01,322.04
2025-10-02,BANK01,318.75
2025-10-03,BANK01,322.41
2025-10-06,BANK01,325.07
2025-10-07,BANK01,324.81
2025-10-08,BANK01,322.33
2025-10-09,BANK01,323.31
2025-10-10,BANK01,326.6
2025-10-13,BANK01,338.82
2025-10-14,BANK01,344.65
2025-10-15,BANK01,350.81
2025-10-16,BANK01,370.42
2025-10-17,BANK01,373.97
2025-10-20,BANK01,377.35
2025-10-21,BANK01,382.24
2025-10-22,BANK01,375.41
2025-10-23,BANK01,372.53
2025-10-24,BANK01,369.25
2025-10-27,BANK01,373.66
2025-10-28,BANK01,372.6
2025-10-29,BANK01,373.64
2025-10-30,BANK01,381.07
2025-10-31,BANK01,387.1
2025-11-03,BANK01,386.09
2025-11-04,BANK01,381.55
2025-11-05,BANK01,389.46
2025-11-06,BANK01,395.0
2025-11-07,BANK01,383.7
2025-11-10,BANK01,381.65
2025-11-11,BANK01,382.9
2025-11-12,BANK01,388.39
2025-11-13,BANK01,394.87
2025-11-14,BANK01,397.0
2025-11-17,BANK01,401.3
2025-11-18,BANK01,401.89
2025-11-19,BANK01,397.13
2025-11-20,BANK01,395.38
2025-11-21,BANK01,395.64
2025-11-24,BANK01,395.51
2025-11-25,BANK01,382.21
2025-11-26,BANK01,379.59
2025-11-27,BANK01,380.08
2025-11-28,BANK01,378.27
2025-12-01,BANK01,376.71
2025-12-02,BANK01,380.13
2025-12-03,BANK01,372.86
2025-12-04,BANK01,362.04
2025-12-05,BANK01,359.88
2025-12-08,BANK01,364.94
2025-12-09,BANK01,376.14
2025-12-10,BANK01,381.54
2025-12-11,BANK01,371.58
2025-12-12,BANK01,370.13
2025-12-15,BANK01,371.95
2025-12-16,BANK01,373.25
2025-12-17,BANK01,376.99
2025-12-18,BANK01,370.88
2025-12-19,BANK01,371.42
2025-12-22,BANK01,374.35
2025-12-23,BANK01,380.02
2025-12-24,BANK01,374.62
2025-12-25,BANK01,372.41
2025-12-26,BANK01,354.4
2025-12-29,BANK01,350.54
2025-12-30,BANK01,347.33
2025-12-31,BANK01,341.06
2026-01-01,BANK01,342.18
2026-01-02,BANK01,341.94
2026-01-05,BANK01,328.14
2026-01-06,BANK01,329.51
2026-01-07,BANK01,324.1
2026-01-08,BANK01,327.03
2026-01-09,BANK01,319.59
2026-01-12,BANK01,319.85
2026-01-13,BANK01,318.32
2026-01-14,BANK01,320.15
2026-01-15,BANK01,320.97
2026-01-16,BANK01,319.59
2026-01-19,BANK01,310.85
2026-01-20,BANK01,302.68
2026-01-21,BANK01,299.58
2026-01-22,BANK01,299.63
2026-01-23,BANK01,296.44
2026-01-26,BANK01,299.86
2026-01-27,BANK01,298.45
2026-01-28,BANK01,293.35
2026-01-29,BANK01,291.97
2026-01-30,BANK01,293.25
2026-02-02,BANK01,295.05
2026-02-03,BANK01,305.11
2026-02-04,BANK01,301.53
2026-02-05,BANK01,301.22
2026-02-06,BANK01,303.62
2026-02-09,BANK01,303.59
2026-02-10,BANK01,300.94
2026-02-11,BANK01,292.64
2026-02-12,BANK01,290.04
2026-02-13,BANK01,284.52
2026-02-16,BANK01,275.76
2026-02-17,BANK01,271.9
2026-02-18,BANK01,266.85
2026-02-19,BANK01,269.74
2026-02-20,BANK01,272.74
2026-02-23,BANK01,268.38
2026-02-24,BANK01,267.2
2026-02-25,BANK01,258.35
2026-02-26,BANK01,256.13
2026-02-27,BANK01,258.04
2026-03-02,BANK01,261.95
2024-01-01,BANK02,253.76
2024-01-02,BANK02,246.91
2024-01-03,BANK02,241.44
2024-01-04,BANK02,244.59
2024-01-05,BANK02,252.02
2024-01-08,BANK02,254.34
2024-01-09,BANK02,254.23
2024-01-10,BANK02,244.26
2024-01-11,BANK02,235.44
2024-01-12,BANK02,236.06
2024-01-15,BANK02,234.61
2024-01-16,BANK02,230.01
2024-01-17,BANK02,230.35
2024-01-18,BANK02,230.9
2024-01-19,BANK02,234.89
2024-01-22,BANK02,235.54
2024-01-23,BANK02,240.82
2024-01-24,BANK02,240.93
2024-01-25,BANK02,240.5
2024-01-26,BANK02,245.18
2024-01-29,BANK02,240.93
2024-01-30,BANK02,253.21
2024-01-31,BANK02,255.0
2024-02-01,BANK02,256.82
2024-02-02,BANK02,259.33
2024-02-05,BANK02,268.17
2024-02-06,BANK02,272.07
2024-02-07,BANK02,264.29
2024-02-08,BANK02,271.05
2024-02-09,BANK02,269.47
2024-02-12,BANK02,270.07
2024-02-13,BANK02,263.93
2024-02-14,BANK02,266.51
2024-02-15,BANK02,263.46
2024-02-16,BANK02,264.02
2024-02-19,BANK02,262.75
2024-02-20,BANK02,271.93
2024-02-21,BANK02,281.72
2024-02-22,BANK02,282.04
2024-02-23,BANK02,282.45
2024-02-26,BANK02,280.63
2024-02-27,BANK02,286.3
2024-02-28,BANK02,284.69
2024-02-29,BANK02,282.62
2024-03-01,BANK02,287.68
2024-03-04,BANK02,284.98
2024-03-05,BANK02,284.87
2024-03-06,BANK02,276.85
2024-03-07,BANK02,280.44
2024-03-08,BANK02,290.32
2024-03-11,BANK02,294.18
2024-03-12,BANK02,302.01
2024-03-13,BANK02,297.5
2024-03-14,BANK02,298.85
2024-03-15,BANK02,293.87
2024-03-18,BANK02,292.75
2024-03-19,BANK02,296.91
2024-03-20,BANK02,297.54
2024-03-21,BANK02,290.07
2024-03-22,BANK02,283.29
2024-03-25,BANK02,276.33
2024-03-26,BANK02,278.86
2024-03-27,BANK02,289.3
2024-03-28,BANK02,296.48
2024-03-29,BANK02,286.45
2024-04-01,BANK02,293.87
2024-04-02,BANK02,298.91
2024-04-03,BANK02,290.68
2024-04-04,BANK02,289.18
2024-04-05,BANK02,294.97
2024-04-08,BANK02,297.99
2024-04-09,BANK02,291.05
2024-04-10,BANK02,294.34
2024-04-11,BANK02,283.1
2024-04-12,BANK02,282.05
2024-04-15,BANK02,287.91
2024-04-16,BANK02,288.1
2024-04-17,BANK02,285.6
2024-04-18,BANK02,290.25
2024-04-19,BANK02,295.43
2024-04-22,BANK02,302.49
2024-04-23,BANK02,307.34
2024-04-24,BANK02,313.41
2024-04-25,BANK02,317.64
2024-04-26,BANK02,319.26
2024-04-29,BANK02,319.87
2024-04-30,BANK02,318.6
2024-05-01,BANK02,311.74
2024-05-02,BANK02,306.47
2024-05-03,BANK02,305.01
2024-05-06,BANK02,306.43
2024-05-07,BANK02,314.46
2024-05-08,BANK02,314.32
2024-05-09,BANK02,320.09
2024-05-10,BANK02,326.41
2024-05-13,BANK02,325.15
2024-05-14,BANK02,328.72
2024-05-15,BANK02,327.38
2024-05-16,BANK02,335.27
2024-05-17,BANK02,339.21
2024-05-20,BANK02,332.04
2024-05-21,BANK02,333.11
2024-05-22,BANK02,343.09
2024-05-23,BANK02,342.07
2024-05-24,BANK02,344.93
2024-05-27,BANK02,348.43
2024-05-28,BANK02,342.03
2024-05-29,BANK02,345.28
2024-05-30,BANK02,336.72
2024-05-31,BANK02,333.03
2024-06-03,BANK02,339.57
2024-06-04,BANK02,341.86
2024-06-05,BANK02,340.09
2024-06-06,BANK02,342.92
2024-06-07,BANK02,342.65
2024-06-10,BANK02,342.83
2024-06-11,BANK02,346.99
2024-06-12,BANK02,342.55
2024-06-13,BANK02,342.9
2024-06-14,BANK02,341.08
2024-06-17,BANK02,331.44
2024-06-18,BANK02,326.05
2024-06-19,BANK02,335.35
2024-06-20,BANK02,337.78
2024-06-21,BANK02,329.83
2024-06-24,BANK02,320.78
2024-06-25,BANK02,320.23
2024-06-26,BANK02,329.33
2024-06-27,BANK02,328.32
2024-06-28,BANK02,336.14
2024-07-01,BANK02,338.37
2024-07-02,BANK02,341.34
2024-07-03,BANK02,333.24
2024-07-04,BANK02,338.96
2024-07-05,BANK02,337.02
2024-07-08,BANK02,342.36
2024-07-09,BANK02,337.44
2024-07-10,BANK02,338.62
2024-07-11,BANK02,340.87
2024-07-12,BANK02,340.02
2024-07-15,BANK02,342.6
2024-07-16,BANK02,
2024-07-17,BANK02,337.18
2024-07-18,BANK02,347.03
2024-07-19,BANK02,353.68
2024-07-22,BANK02,348.94
2024-07-23,BANK02,352.62
2024-07-24,BANK02,348.01
2024-07-25,BANK02,340.69
2024-07-26,BANK02,347.14
2024-07-29,BANK02,336.59
2024-07-30,BANK02,342.31
2024-07-31,BANK02,340.85
2024-08-01,BANK02,339.66
2024-08-02,BANK02,342.27
2024-08-05,BANK02,345.95
2024-08-06,BANK02,340.91
2024-08-07,BANK02,345.41
2024-08-08,BANK02,346.22
2024-08-09,BANK02,338.5
2024-08-12,BANK02,337.57
2024-08-13,BANK02,346.06
2024-08-14,BANK02,356.61
2024-08-15,BANK02,361.32
2024-08-16,BANK02,353.69
2024-08-19,BANK02,356.91
2024-08-20,BANK02,362.49
2024-08-21,BANK02,367.33
2024-08-22,BANK02,372.63
2024-08-23,BANK02,375.18
2024-08-26,BANK02,374.8
2024-08-27,BANK02,370.81
2024-08-28,BANK02,358.26
2024-08-29,BANK02,360.55
2024-08-30,BANK02,361.87
2024-09-02,BANK02,365.61
2024-09-03,BANK02,356.92
2024-09-04,BANK02,361.17
2024-09-05,BANK02,374.63
2024-09-06,BANK02,375.27
2024-09-09,BANK02,374.97
2024-09-10,BANK02,377.17
2024-09-11,BANK02,391.08
2024-09-12,BANK02,383.99
2024-09-13,BANK02,385.51
2024-09-16,BANK02,380.08
2024-09-17,BANK02,376.45
2024-09-18,BANK02,376.23
2024-09-19,BANK02,385.46
2024-09-20,BANK02,398.07
2024-09-23,BANK02,401.4
2024-09-24,BANK02,398.8
2024-09-25,BANK02,416.82
2024-09-26,BANK02,413.73
2024-09-27,BANK02,409.61
2024-09-30,BANK02,396.64
2024-10-01,BANK02,406.73
2024-10-02,BANK02,413.94
2024-10-03,BANK02,432.08
2024-10-04,BANK02,421.4
2024-10-07,BANK02,432.59
2024-10-08,BANK02,433.26
2024-10-09,BANK02,439.68
2024-10-10,BANK02,426.77
2024-10-11,BANK02,438.18
2024-10-14,BANK02,444.51
2024-10-15,BANK02,444.33
2024-10-16,BANK02,449.63
2024-10-17,BANK02,443.57
2024-10-18,BANK02,439.07
2024-10-21,BANK02,435.54
2024-10-22,BANK02,421.15
2024-10-23,BANK02,427.81
2024-10-24,BANK02,437.11
2024-10-25,BANK02,431.72
2024-10-28,BANK02,434.56
2024-10-29,BANK02,432.61
2024-10-30,BANK02,435.3
2024-10-31,BANK02,430.51
2024-11-01,BANK02,423.79
2024-11-04,BANK02,431.95
2024-11-05,BANK02,431.58
2024-11-06,BANK02,447.42
2024-11-07,BANK02,447.93
2024-11-08,BANK02,440.59
2024-11-11,BANK02,450.46
2024-11-12,BANK02,455.71
2024-11-13,BANK02,461.81
2024-11-14,BANK02,471.84
2024-11-15,BANK02,466.44
2024-11-18,BANK02,465.51
2024-11-19,BANK02,464.21
2024-11-20,BANK02,453.57
2024-11-21,BANK02,451.55
2024-11-22,BANK02,462.55
2024-11-25,BANK02,464.66
2024-11-26,BANK02,453.54
2024-11-27,BANK02,440.98
2024-11-28,BANK02,454.32
2024-11-29,BANK02,453.72
2024-12-02,BANK02,448.57
2024-12-03,BANK02,446.49
2024-12-04,BANK02,434.75
2024-12-05,BANK02,446.02
2024-12-06,BANK02,443.0
2024-12-09,BANK02,454.04
2024-12-10,BANK02,454.59
2024-12-11,BANK02,466.43
2024-12-12,BANK02,468.72
2024-12-13,BANK02,476.06
2024-12-16,BANK02,482.37
2024-12-17,BANK02,487.92
2024-12-18,BANK02,491.13
2024-12-19,BANK02,489.22
2024-12-20,BANK02,506.23
2024-12-23,BANK02,498.12
2024-12-24,BANK02,498.3
2024-12-25,BANK02,498.59
2024-12-26,BANK02,502.35
2024-12-27,BANK02,498.62
2024-12-30,BANK02,501.59
2024-12-31,BANK02,500.22
2025-01-01,BANK02,486.12
2025-01-02,BANK02,486.35
2025-01-03,BANK02,476.86
2025-01-06,BANK02,462.12
2025-01-07,BANK02,463.4
2025-01-08,BANK02,467.61
2025-01-09,BANK02,472.18
2025-01-10,BANK02,477.14
2025-01-13,BANK02,460.69
2025-01-14,BANK02,449.54
2025-01-15,BANK02,465.64
2025-01-16,BANK02,457.0
2025-01-17,BANK02,462.17
2025-01-20,BANK02,456.59
2025-01-21,BANK02,457.38
2025-01-22,BANK02,452.31
2025-01-23,BANK02,457.01
2025-01-24,BANK02,458.28
2025-01-27,BANK02,454.72
2025-01-28,BANK02,446.26
2025-01-29,BANK02,448.54
2025-01-30,BANK02,438.88
2025-01-31,BANK02,442.39
2025-02-03,BANK02,463.44
2025-02-04,BANK02,474.84
2025-02-05,BANK02,481.13
2025-02-06,BANK02,480.53
2025-02-07,BANK02,463.9
2025-02-10,BANK02,453.0
2025-02-11,BANK02,463.6
2025-02-12,BANK02,457.15
2025-02-13,BANK02,451.53
2025-02-14,BANK02,450.32
2025-02-17,BANK02,441.84
2025-02-18,BANK02,432.22
2025-02-19,BANK02,431.96
2025-02-20,BANK02,425.15
2025-02-21,BANK02,419.61
2025-02-24,BANK02,413.84
2025-02-25,BANK02,417.85
2025-02-26,BANK02,416.23
2025-02-27,BANK02,415.02
2025-02-28,BANK02,419.6
2025-03-03,BANK02,418.66
2025-03-04,BANK02,416.68
2025-03-05,BANK02,420.34
2025-03-06,BANK02,425.52
2025-03-07,BANK02,424.52
2025-03-10,BANK02,425.26
2025-03-11,BANK02,419.41
2025-03-12,BANK02,413.04
2025-03-13,BANK02,418.88
2025-03-14,BANK02,422.36
2025-03-17,BANK02,425.95
2025-03-18,BANK02,428.23
2025-03-19,BANK02,428.71
2025-03-20,BANK02,434.21
2025-03-21,BANK02,441.65
2025-03-24,BANK02,449.03
2025-03-25,BANK02,448.35
2025-03-26,BANK02,459.68
2025-03-27,BANK02,461.71
2025-03-28,BANK02,467.1
2025-03-31,BANK02,469.61
2025-04-01,BANK02,471.84
2025-04-02,BANK02,465.73
2025-04-03,BANK02,471.75
2025-04-04,BANK02,496.06
2025-04-07,BANK02,492.86
2025-04-08,BANK02,493.64
2025-04-09,BANK02,489.82
2025-04-10,BANK02,485.66
2025-04-11,BANK02,499.31
2025-04-14,BANK02,493.41
2025-04-15,BANK02,489.35
2025-04-16,BANK02,475.51
2025-04-17,BANK02,469.17
2025-04-18,BANK02,454.88
2025-04-21,BANK02,460.19
2025-04-22,BANK02,483.52
2025-04-23,BANK02,480.48
2025-04-24,BANK02,466.21
2025-04-25,BANK02,473.9
2025-04-28,BANK02,467.84
2025-04-29,BANK02,478.92
2025-04-30,BANK02,476.63
2025-05-01,BANK02,471.36
2025-05-02,BANK02,469.99
2025-05-05,BANK02,476.54
2025-05-06,BANK02,474.73
2025-05-07,BANK02,470.63
2025-05-08,BANK02,469.09
2025-05-09,BANK02,458.49
2025-05-12,BANK02,461.9
2025-05-13,BANK02,447.19
2025-05-14,BANK02,443.75
2025-05-15,BANK02,449.94
2025-05-16,BANK02,452.53
2025-05-19,BANK02,457.48
2025-05-20,BANK02,457.08
2025-05-21,BANK02,466.84
2025-05-22,BANK02,474.75
2025-05-23,BANK02,478.71
2025-05-26,BANK02,486.84
2025-05-27,BANK02,493.56
2025-05-28,BANK02,489.81
2025-05-29,BANK02,478.11
2025-05-30,BANK02,481.87
2025-06-02,BANK02,486.75
2025-06-03,BANK02,496.45
2025-06-04,BANK02,488.23
2025-06-05,BANK02,480.41
2025-06-06,BANK02,484.53
2025-06-09,BANK02,484.06
2025-06-10,BANK02,467.77
2025-06-11,BANK02,471.07
2025-06-12,BANK02,455.5
2025-06-13,BANK02,447.89
2025-06-16,BANK02,458.92
2025-06-17,BANK02,474.13
2025-06-18,BANK02,463.9
2025-06-19,BANK02,461.29
2025-06-20,BANK02,461.78
2025-06-23,BANK02,476.73
2025-06-24,BANK02,472.64
2025-06-25,BANK02,468.73
2025-06-26,BANK02,481.93
2025-06-27,BANK02,478.83
2025-06-30,BANK02,485.19
2025-07-01,BANK02,472.44
2025-07-02,BANK02,471.12
2025-07-03,BANK02,457.19
2025-07-04,BANK02,448.64
2025-07-07,BANK02,455.56
2025-07-08,BANK02,455.28
2025-07-09,BANK02,452.8
2025-07-10,BANK02,446.84
2025-07-11,BANK02,445.2
2025-07-14,BANK02,447.74
2025-07-15,BANK02,455.8
2025-07-16,BANK02,434.4
2025-07-17,BANK02,428.03
2025-07-18,BANK02,429.38
2025-07-21,BANK02,428.74
2025-07-22,BANK02,431.99
2025-07-23,BANK02,434.2
2025-07-24,BANK02,431.94
2025-07-25,BANK02,427.98
2025-07-28,BANK02,426.21
2025-07-29,BANK02,435.15
2025-07-30,BANK02,429.55
2025-07-31,BANK02,429.19
2025-08-01,BANK02,430.74
2025-08-04,BANK02,442.97
2025-08-05,BANK02,440.71
2025-08-06,BANK02,448.44
2025-08-07,BANK02,458.52
2025-08-08,BANK02,458.13
2025-08-11,BANK02,456.53
2025-08-12,BANK02,453.97
2025-08-13,BANK02,452.01
2025-08-14,BANK02,459.1
2025-08-15,BANK02,461.14
2025-08-18,BANK02,463.24
2025-08-19,BANK02,453.99
2025-08-20,BANK02,446.22
2025-08-21,BANK02,463.57
2025-08-22,BANK02,462.23
2025-08-25,BANK02,455.92
2025-08-26,BANK02,467.8
2025-08-27,BANK02,470.32
2025-08-28,BANK02,475.35
2025-08-29,BANK02,474.31
2025-09-01,BANK02,471.73
2025-09-02,BANK02,470.44
2025-09-03,BANK02,458.87
2025-09-04,BANK02,458.28
2025-09-05,BANK02,460.86
2025-09-08,BANK02,476.35
2025-09-09,BANK02,477.23
2025-09-10,BANK02,457.32
2025-09-11,BANK02,456.68
2025-09-12,BANK02,479.34
2025-09-15,BANK02,486.96
2025-09-16,BANK02,480.0
2025-09-17,BANK02,485.25
2025-09-18,BANK02,478.91
2025-09-19,BANK02,467.39
2025-09-22,BANK02,464.6
2025-09-23,BANK02,465.5
2025-09-24,BANK02,449.95
2025-09-25,BANK02,440.78
2025-09-26,BANK02,441.0
2025-09-29,BANK02,437.89
2025-09-30,BANK02,441.13
2025-10-01,BANK02,431.62
2025-10-02,BANK02,437.3
2025-10-03,BANK02,428.11
2025-10-06,BANK02,440.9
2025-10-07,BANK02,427.41
2025-10-08,BANK02,419.13
2025-10-09,BANK02,422.41
2025-10-10,BANK02,435.19
2025-10-13,BANK02,437.79
2025-10-14,BANK02,442.36
2025-10-15,BANK02,442.63
2025-10-16,BANK02,434.58
2025-10-17,BANK02,430.88
2025-10-20,BANK02,421.61
2025-10-21,BANK02,412.03
2025-10-22,BANK02,415.13
2025-10-23,BANK02,406.87
2025-10-24,BANK02,409.33
2025-10-27,BANK02,399.86
2025-10-28,BANK02,402.11
2025-10-29,BANK02,398.7
2025-10-30,BANK02,408.91
2025-10-31,BANK02,411.42
2025-11-03,BANK02,420.69
2025-11-04,BANK02,415.09
2025-11-05,BANK02,415.64
2025-11-06,BANK02,408.42
2025-11-07,BANK02,405.51
2025-11-10,BANK02,403.71
2025-11-11,BANK02,398.56
2025-11-12,BANK02,389.96
2025-11-13,BANK02,380.15
2025-11-14,BANK02,364.26
2025-11-17,BANK02,357.44
2025-11-18,BANK02,361.59
2025-11-19,BANK02,351.29
2025-11-20,BANK02,342.75
2025-11-21,BANK02,353.9
2025-11-24,BANK02,349.95
2025-11-25,BANK02,352.08
2025-11-26,BANK02,356.25
2025-11-27,BANK02,360.61
2025-11-28,BANK02,350.83
2025-12-01,BANK02,349.48
2025-12-02,BANK02,339.41
2025-12-03,BANK02,354.45
2025-12-04,BANK02,344.38
2025-12-05,BANK02,337.99
2025-12-08,BANK02,331.76
2025-12-09,BANK02,322.92
2025-12-10,BANK02,330.88
2025-12-11,BANK02,345.41
2025-12-12,BANK02,342.56
2025-12-15,BANK02,334.52
2025-12-16,BANK02,321.15
2025-12-17,BANK02,319.83
2025-12-18,BANK02,318.11
2025-12-19,BANK02,314.47
2025-12-22,BANK02,315.82
2025-12-23,BANK02,318.16
2025-12-24,BANK02,320.11
2025-12-25,BANK02,318.38
2025-12-26,BANK02,312.16
2025-12-29,BANK02,316.0
2025-12-30,BANK02,316.17
2025-12-31,BANK02,321.32
2026-01-01,BANK02,325.98
2026-01-02,BANK02,317.74
2026-01-05,BANK02,309.63
2026-01-06,BANK02,305.51
2026-01-07,BANK02,299.8
2026-01-08,BANK02,303.96
2026-01-09,BANK02,305.97
2026-01-12,BANK02,312.12
2026-01-13,BANK02,314.44
2026-01-14,BANK02,315.72
2026-01-15,BANK02,322.63
2026-01-16,BANK02,325.45
2026-01-19,BANK02,325.95
2026-01-20,BANK02,334.73
2026-01-21,BANK02,335.53
2026-01-22,BANK02,333.79
2026-01-23,BANK02,328.86
2026-01-26,BANK02,333.12
2026-01-27,BANK02,340.63
2026-01-28,BANK02,340.43
2026-01-29,BANK02,348.54
2026-01-30,BANK02,336.29
2026-02-02,BANK02,336.05
2026-02-03,BANK02,335.91
2026-02-04,BANK02,
2026-02-05,BANK02,345.95
2026-02-06,BANK02,345.64
2026-02-09,BANK02,343.2
2026-02-10,BANK02,343.47
2026-02-11,BANK02,331.19
2026-02-12,BANK02,326.76
2026-02-13,BANK02,332.64
2026-02-16,BANK02,328.97
2026-02-17,BANK02,324.16
2026-02-18,BANK02,331.9
2026-02-19,BANK02,340.01
2026-02-20,BANK02,343.27
2026-02-23,BANK02,340.57
2026-02-24,BANK02,339.2
2026-02-25,BANK02,334.39
2026-02-26,BANK02,328.5
2026-02-27,BANK02,322.43
2026-03-02,BANK02,318.94
2024-01-01,BANK03,305.02
2024-01-02,BANK03,306.32
2024-01-03,BANK03,307.71
2024-01-04,BANK03,317.22
2024-01-05,BANK03,313.5
2024-01-08,BANK03,315.26
2024-01-09,BANK03,317.13
2024-01-10,BANK03,315.78
2024-01-11,BANK03,320.1
2024-01-12,BANK03,324.67
2024-01-15,BANK03,326.68
2024-01-16,BANK03,325.27
2024-01-17,BANK03,323.28
2024-01-18,BANK03,315.41
2024-01-19,BANK03,310.93
2024-01-22,BANK03,307.54
2024-01-23,BANK03,301.42
2024-01-24,BANK03,303.89
2024-01-25,BANK03,310.53
2024-01-26,BANK03,305.55
2024-01-29,BANK03,307.2
2024-01-30,BANK03,301.57
2024-01-31,BANK03,300.01
2024-02-01,BANK03,296.37
2024-02-02,BANK03,299.67
2024-02-05,BANK03,296.1
2024-02-06,BANK03,301.58
2024-02-07,BANK03,300.33
2024-02-08,BANK03,296.91
2024-02-09,BANK03,290.3
2024-02-12,BANK03,291.71
2024-02-13,BANK03,296.5
2024-02-14,BANK03,298.05
2024-02-15,BANK03,310.15
2024-02-16,BANK03,318.23
2024-02-19,BANK03,316.56
2024-02-20,BANK03,314.84
2024-02-21,BANK03,317.6
2024-02-22,BANK03,312.9
2024-02-23,BANK03,319.57
2024-02-26,BANK03,321.74
2024-02-27,BANK03,323.32
2024-02-28,BANK03,327.42
2024-02-29,BANK03,337.67
2024-03-01,BANK03,338.81
2024-03-04,BANK03,338.22
2024-03-05,BANK03,347.51
2024-03-06,BANK03,353.67
2024-03-07,BANK03,351.73
2024-03-08,BANK03,351.87
2024-03-11,BANK03,353.21
2024-03-12,BANK03,355.62
2024-03-13,BANK03,347.04
2024-03-14,BANK03,337.51
2024-03-15,BANK03,332.22
2024-03-18,BANK03,326.55
2024-03-19,BANK03,322.86
2024-03-20,BANK03,326.65
2024-03-21,BANK03,325.75
2024-03-22,BANK03,327.0
2024-03-25,BANK03,319.89
2024-03-26,BANK03,317.33
2024-03-27,BANK03,320.78
2024-03-28,BANK03,324.31
2024-03-29,BANK03,320.18
2024-04-01,BANK03,321.21
2024-04-02,BANK03,334.02
2024-04-03,BANK03,334.01
2024-04-04,BANK03,329.94
2024-04-05,BANK03,329.01
2024-04-08,BANK03,329.66
2024-04-09,BANK03,328.86
2024-04-10,BANK03,328.77
2024-04-11,BANK03,320.33
2024-04-12,BANK03,314.87
2024-04-15,BANK03,314.12
2024-04-16,BANK03,313.28
2024-04-17,BANK03,310.18
2024-04-18,BANK03,309.29
2024-04-19,BANK03,309.72
2024-04-22,BANK03,314.77
2024-04-23,BANK03,314.3
2024-04-24,BANK03,316.65
2024-04-25,BANK03,313.66
2024-04-26,BANK03,316.99
2024-04-29,BANK03,319.23
2024-04-30,BANK03,324.3
2024-05-01,BANK03,328.56
2024-05-02,BANK03,332.14
2024-05-03,BANK03,331.65
2024-05-06,BANK03,333.21
2024-05-07,BANK03,339.69
2024-05-08,BANK03,335.81
2024-05-09,BANK03,332.11
2024-05-10,BANK03,333.29
2024-05-13,BANK03,335.88
2024-05-14,BANK03,331.0
2024-05-15,BANK03,330.66
2024-05-16,BANK03,330.2
2024-05-17,BANK03,317.13
2024-05-20,BANK03,315.97
2024-05-21,BANK03,315.17
2024-05-22,BANK03,314.35
2024-05-23,BANK03,322.46
2024-05-24,BANK03,315.5
2024-05-27,BANK03,310.91
2024-05-28,BANK03,296.39
2024-05-29,BANK03,293.91
2024-05-30,BANK03,291.9
2024-05-31,BANK03,289.31
2024-06-03,BANK03,295.17
2024-06-04,BANK03,299.83
2024-06-05,BANK03,300.34
2024-06-06,BANK03,298.43
2024-06-07,BANK03,304.03
2024-06-10,BANK03,304.01
2024-06-11,BANK03,299.62
2024-06-12,BANK03,290.46
2024-06-13,BANK03,288.24
2024-06-14,BANK03,292.24
2024-06-17,BANK03,304.3
2024-06-18,BANK03,304.73
2024-06-19,BANK03,300.62
2024-06-20,BANK03,294.3
2024-06-21,BANK03,297.32
2024-06-24,BANK03,287.96
2024-06-25,BANK03,290.9
2024-06-26,BANK03,295.27
2024-06-27,BANK03,297.68
2024-06-28,BANK03,296.59
2024-07-01,BANK03,299.69
2024-07-02,BANK03,300.71
2024-07-03,BANK03,296.58
2024-07-04,BANK03,306.55
2024-07-05,BANK03,304.7
2024-07-08,BANK03,309.05
2024-07-09,BANK03,295.69
2024-07-10,BANK03,302.57
2024-07-11,BANK03,310.66
2024-07-12,BANK03,310.92
2024-07-15,BANK03,314.14
2024-07-16,BANK03,317.39
2024-07-17,BANK03,313.82
2024-07-18,BANK03,317.0
2024-07-19,BANK03,312.48
2024-07-22,BANK03,309.15
2024-07-23,BANK03,315.51
2024-07-24,BANK03,321.14
2024-07-25,BANK03,317.16
2024-07-26,BANK03,313.06
2024-07-29,BANK03,309.52
2024-07-30,BANK03,313.7
2024-07-31,BANK03,308.14
2024-08-01,BANK03,310.21
2024-08-02,BANK03,314.48
2024-08-05,BANK03,314.07
2024-08-06,BANK03,319.88
2024-08-07,BANK03,318.22
2024-08-08,BANK03,317.09
2024-08-09,BANK03,311.61
2024-08-12,BANK03,317.41
2024-08-13,BANK03,313.12
2024-08-14,BANK03,315.19
2024-08-15,BANK03,314.88
2024-08-16,BANK03,309.01
2024-08-19,BANK03,305.71
2024-08-20,BANK03,313.41
2024-08-21,BANK03,314.64
2024-08-22,BANK03,309.02
2024-08-23,BANK03,310.81
2024-08-26,BANK03,310.09
2024-08-27,BANK03,329.46
2024-08-28,BANK03,331.25
2024-08-29,BANK03,329.08
2024-08-30,BANK03,337.59
2024-09-02,BANK03,326.51
2024-09-03,BANK03,327.16
2024-09-04,BANK03,339.0
2024-09-05,BANK03,338.39
2024-09-06,BANK03,327.94
2024-09-09,BANK03,325.7
2024-09-10,BANK03,334.32
2024-09-11,BANK03,336.69
2024-09-12,BANK03,331.7
2024-09-13,BANK03,327.71
2024-09-16,BANK03,324.51
2024-09-17,BANK03,326.72
2024-09-18,BANK03,334.68
2024-09-19,BANK03,341.12
2024-09-20,BANK03,344.03
2024-09-23,BANK03,335.88
2024-09-24,BANK03,327.96
2024-09-25,BANK03,331.2
2024-09-26,BANK03,323.28
2024-09-27,BANK03,322.06
2024-09-30,BANK03,323.92
2024-10-01,BANK03,317.39
2024-10-02,BANK03,311.63
2024-10-03,BANK03,311.2
2024-10-04,BANK03,314.11
2024-10-07,BANK03,320.21
2024-10-08,BANK03,323.8
2024-10-09,BANK03,324.33
2024-10-10,BANK03,320.07
2024-10-11,BANK03,314.0
2024-10-14,BANK03,311.2
2024-10-15,BANK03,313.59
2024-10-16,BANK03,315.59
2024-10-17,BANK03,303.75
2024-10-18,BANK03,299.55
2024-10-21,BANK03,306.13
2024-10-22,BANK03,306.66
2024-10-23,BANK03,298.93
2024-10-24,BANK03,311.7
2024-10-25,BANK03,311.63
2024-10-28,BANK03,313.88
2024-10-29,BANK03,316.23
2024-10-30,BANK03,314.23
2024-10-31,BANK03,310.21
2024-11-01,BANK03,322.15
2024-11-04,BANK03,328.07
2024-11-05,BANK03,333.02
2024-11-06,BANK03,336.57
2024-11-07,BANK03,330.59
2024-11-08,BANK03,338.3
2024-11-11,BANK03,333.26
2024-11-12,BANK03,335.06
2024-11-13,BANK03,325.28
2024-11-14,BANK03,313.42
2024-11-15,BANK03,315.31
2024-11-18,BANK03,310.82
2024-11-19,BANK03,299.78
2024-11-20,BANK03,302.79
2024-11-21,BANK03,314.43
2024-11-22,BANK03,322.39
2024-11-25,BANK03,321.0
2024-11-26,BANK03,321.14
2024-11-27,BANK03,326.37
2024-11-28,BANK03,333.06
2024-11-29,BANK03,331.1
2024-12-02,BANK03,331.4
2024-12-03,BANK03,333.3
2024-12-04,BANK03,336.72
2024-12-05,BANK03,336.01
2024-12-06,BANK03,335.39
2024-12-09,BANK03,343.82
2024-12-10,BANK03,351.41
2024-12-11,BANK03,354.53
2024-12-12,BANK03,365.61
2024-12-13,BANK03,363.18
2024-12-16,BANK03,373.9
2024-12-17,BANK03,377.66
2024-12-18,BANK03,400.01
2024-12-19,BANK03,391.54
2024-12-20,BANK03,386.8
2024-12-23,BANK03,389.83
2024-12-24,BANK03,392.74
2024-12-25,BANK03,406.64
2024-12-26,BANK03,401.87
2024-12-27,BANK03,408.54
2024-12-30,BANK03,417.21
2024-12-31,BANK03,422.63
2025-01-01,BANK03,415.44
2025-01-02,BANK03,426.09
2025-01-03,BANK03,435.65
2025-01-06,BANK03,440.48
2025-01-07,BANK03,442.24
2025-01-08,BANK03,444.17
2025-01-09,BANK03,443.67
2025-01-10,BANK03,448.92
2025-01-13,BANK03,449.31
2025-01-14,BANK03,442.58
2025-01-15,BANK03,434.36
2025-01-16,BANK03,428.61
2025-01-17,BANK03,430.45
2025-01-20,BANK03,430.37
2025-01-21,BANK03,432.17
2025-01-22,BANK03,436.2
2025-01-23,BANK03,431.4
2025-01-24,BANK03,442.91
2025-01-27,BANK03,440.91
2025-01-28,BANK03,437.6
2025-01-29,BANK03,441.53
2025-01-30,BANK03,427.07
2025-01-31,BANK03,421.12
2025-02-03,BANK03,428.68
2025-02-04,BANK03,415.41
2025-02-05,BANK03,423.89
2025-02-06,BANK03,435.54
2025-02-07,BANK03,432.78
2025-02-10,BANK03,435.18
2025-02-11,BANK03,444.08
2025-02-12,BANK03,440.48
2025-02-13,BANK03,447.49
2025-02-14,BANK03,442.22
2025-02-17,BANK03,438.55
2025-02-18,BANK03,432.37
2025-02-19,BANK03,435.17
2025-02-20,BANK03,444.37
2025-02-21,BANK03,443.03
2025-02-24,BANK03,433.03
2025-02-25,BANK03,424.72
2025-02-26,BANK03,427.86
2025-02-27,BANK03,442.19
2025-02-28,BANK03,445.46
2025-03-03,BANK03,442.49
2025-03-04,BANK03,448.73
2025-03-05,BANK03,446.93
2025-03-06,BANK03,444.02
2025-03-07,BANK03,436.49
2025-03-10,BANK03,447.69
2025-03-11,BANK03,427.36
2025-03-12,BANK03,433.63
2025-03-13,BANK03,430.14
2025-03-14,BANK03,427.09
2025-03-17,BANK03,440.23
2025-03-18,BANK03,434.7
2025-03-19,BANK03,429.51
2025-03-20,BANK03,428.63
2025-03-21,BANK03,431.95
2025-03-24,BANK03,428.64
2025-03-25,BANK03,416.63
2025-03-26,BANK03,410.26
2025-03-27,BANK03,419.85
2025-03-28,BANK03,420.54
2025-03-31,BANK03,424.08
2025-04-01,BANK03,422.21
2025-04-02,BANK03,417.33
2025-04-03,BANK03,430.05
2025-04-04,BANK03,428.73
2025-04-07,BANK03,425.43
2025-04-08,BANK03,433.95
2025-04-09,BANK03,428.44
2025-04-10,BANK03,423.98
2025-04-11,BANK03,424.19
2025-04-14,BANK03,424.32
2025-04-15,BANK03,426.43
2025-04-16,BANK03,442.61
2025-04-17,BANK03,445.42
2025-04-18,BANK03,426.49
2025-04-21,BANK03,429.12
2025-04-22,BANK03,429.54
2025-04-23,BANK03,430.01
2025-04-24,BANK03,432.04
2025-04-25,BANK03,431.95
2025-04-28,BANK03,431.67
2025-04-29,BANK03,436.56
2025-04-30,BANK03,432.43
2025-05-01,BANK03,425.19
2025-05-02,BANK03,448.46
2025-05-05,BANK03,442.81
2025-05-06,BANK03,443.74
2025-05-07,BANK03,431.93
2025-05-08,BANK03,432.96
2025-05-09,BANK03,425.82
2025-05-12,BANK03,422.56
2025-05-13,BANK03,430.63
2025-05-14,BANK03,434.42
2025-05-15,BANK03,439.0
2025-05-16,BANK03,425.13
2025-05-19,BANK03,439.32
2025-05-20,BANK03,430.02
2025-05-21,BANK03,441.98
2025-05-22,BANK03,450.24
2025-05-23,BANK03,455.06
2025-05-26,BANK03,448.19
2025-05-27,BANK03,449.55
2025-05-28,BANK03,445.87
2025-05-29,BANK03,446.24
2025-05-30,BANK03,444.37
2025-06-02,BANK03,428.19
2025-06-03,BANK03,436.97
2025-06-04,BANK03,436.46
2025-06-05,BANK03,432.78
2025-06-06,BANK03,428.55
2025-06-09,BANK03,431.44
2025-06-10,BANK03,424.63
2025-06-11,BANK03,407.52
2025-06-12,BANK03,410.63
2025-06-13,BANK03,414.59
2025-06-16,BANK03,413.22
2025-06-17,BANK03,404.81
2025-06-18,BANK03,405.58
2025-06-19,BANK03,395.01
2025-06-20,BANK03,387.82
2025-06-23,BANK03,382.7
2025-06-24,BANK03,388.63
2025-06-25,BANK03,386.21
2025-06-26,BANK03,383.21
2025-06-27,BANK03,396.81
2025-06-30,BANK03,399.45
2025-07-01,BANK03,402.0
2025-07-02,BANK03,399.45
2025-07-03,BANK03,395.28
2025-07-04,BANK03,379.84
2025-07-07,BANK03,386.58
2025-07-08,BANK03,389.82
2025-07-09,BANK03,388.67
2025-07-10,BANK03,387.83
2025-07-11,BANK03,393.09
2025-07-14,BANK03,382.2
2025-07-15,BANK03,378.26
2025-07-16,BANK03,370.64
2025-07-17,BANK03,382.57
2025-07-18,BANK03,388.71
2025-07-21,BANK03,373.42
2025-07-22,BANK03,363.35
2025-07-23,BANK03,362.6
2025-07-24,BANK03,359.62
2025-07-25,BANK03,351.16
2025-07-28,BANK03,363.56
2025-07-29,BANK03,365.71
2025-07-30,BANK03,368.95
2025-07-31,BANK03,364.46
2025-08-01,BANK03,369.31
2025-08-04,BANK03,366.89
2025-08-05,BANK03,365.13
2025-08-06,BANK03,369.25
2025-08-07,BANK03,358.54
2025-08-08,BANK03,368.95
2025-08-11,BANK03,370.27
2025-08-12,BANK03,378.92
2025-08-13,BANK03,371.7
2025-08-14,BANK03,365.64
2025-08-15,BANK03,358.1
2025-08-18,BANK03,359.82
2025-08-19,BANK03,360.35
2025-08-20,BANK03,357.45
2025-08-21,BANK03,351.03
2025-08-22,BANK03,343.14
2025-08-25,BANK03,342.94
2025-08-26,BANK03,340.17
2025-08-27,BANK03,336.07
2025-08-28,BANK03,345.53
2025-08-29,BANK03,345.12
2025-09-01,BANK03,353.12
2025-09-02,BANK03,349.83
2025-09-03,BANK03,351.48
2025-09-04,BANK03,351.23
2025-09-05,BANK03,340.61
2025-09-08,BANK03,349.47
2025-09-09,BANK03,348.72
2025-09-10,BANK03,353.51
2025-09-11,BANK03,348.83
2025-09-12,BANK03,347.9
2025-09-15,BANK03,342.58
2025-09-16,BANK03,350.3
2025-09-17,BANK03,352.37
2025-09-18,BANK03,354.8
2025-09-19,BANK03,363.58
2025-09-22,BANK03,371.26
2025-09-23,BANK03,376.49
2025-09-24,BANK03,366.96
2025-09-25,BANK03,362.48
2025-09-26,BANK03,356.04
2025-09-29,BANK03,360.81
2025-09-30,BANK03,362.02
2025-10-01,BANK03,353.07
2025-10-02,BANK03,351.98
2025-10-03,BANK03,342.62
2025-10-06,BANK03,342.39
2025-10-07,BANK03,332.29
2025-10-08,BANK03,335.56
2025-10-09,BANK03,337.94
2025-10-10,BANK03,349.65
2025-10-13,BANK03,355.09
2025-10-14,BANK03,352.49
2025-10-15,BANK03,357.79
2025-10-16,BANK03,348.89
2025-10-17,BANK03,342.95
2025-10-20,BANK03,345.11
2025-10-21,BANK03,331.81
2025-10-22,BANK03,331.69
2025-10-23,BANK03,325.69
2025-10-24,BANK03,326.39
2025-10-27,BANK03,320.15
2025-10-28,BANK03,322.69
2025-10-29,BANK03,322.9
2025-10-30,BANK03,331.14
2025-10-31,BANK03,331.28
2025-11-03,BANK03,326.79
2025-11-04,BANK03,325.44
2025-11-05,BANK03,317.66
2025-11-06,BANK03,320.08
2025-11-07,BANK03,323.58
2025-11-10,BANK03,338.05
2025-11-11,BANK03,334.37
2025-11-12,BANK03,332.86
2025-11-13,BANK03,329.51
2025-11-14,BANK03,330.87
2025-11-17,BANK03,333.24
2025-11-18,BANK03,333.02
2025-11-19,BANK03,339.63
2025-11-20,BANK03,335.96
2025-11-21,BANK03,342.03
2025-11-24,BANK03,345.44
2025-11-25,BANK03,345.47
2025-11-26,BANK03,343.62
2025-11-27,BANK03,358.73
2025-11-28,BANK03,353.56
2025-12-01,BANK03,355.56
2025-12-02,BANK03,350.87
2025-12-03,BANK03,362.25
2025-12-04,BANK03,368.14
2025-12-05,BANK03,363.76
2025-12-08,BANK03,367.22
2025-12-09,BANK03,369.04
2025-12-10,BANK03,365.72
2025-12-11,BANK03,370.82
2025-12-12,BANK03,373.53
2025-12-15,BANK03,375.09
2025-12-16,BANK03,374.92
2025-12-17,BANK03,377.94
2025-12-18,BANK03,379.61
2025-12-19,BANK03,380.13
2025-12-22,BANK03,375.86
2025-12-23,BANK03,387.43
2025-12-24,BANK03,380.22
2025-12-25,BANK03,383.26
2025-12-26,BANK03,381.17
2025-12-29,BANK03,393.36
2025-12-30,BANK03,387.08
2025-12-31,BANK03,382.07
2026-01-01,BANK03,375.51
2026-01-02,BANK03,377.81
2026-01-05,BANK03,368.59
2026-01-06,BANK03,365.53
2026-01-07,BANK03,351.47
2026-01-08,BANK03,353.1
2026-01-09,BANK03,350.03
2026-01-12,BANK03,340.76
2026-01-13,BANK03,347.52
2026-01-14,BANK03,339.44
2026-01-15,BANK03,344.41
2026-01-16,BANK03,340.17
2026-01-19,BANK03,350.08
2026-01-20,BANK03,354.91
2026-01-21,BANK03,348.57
2026-01-22,BANK03,342.92
2026-01-23,BANK03,346.76
2026-01-26,BANK03,345.23
2026-01-27,BANK03,344.28
2026-01-28,BANK03,352.27
2026-01-29,BANK03,347.63
2026-01-30,BANK03,348.3
2026-02-02,BANK03,354.39
2026-02-03,BANK03,359.66
2026-02-04,BANK03,358.74
2026-02-05,BANK03,356.98
2026-02-06,BANK03,345.91
2026-02-09,BANK03,339.44
2026-02-10,BANK03,341.49
2026-02-11,BANK03,340.74
2026-02-12,BANK03,341.3
2026-02-13,BANK03,347.79
2026-02-16,BANK03,340.46
2026-02-17,BANK03,339.12
2026-02-18,BANK03,340.37
2026-02-19,BANK03,336.16
2026-02-20,BANK03,344.92
2026-02-23,BANK03,350.66
2026-02-24,BANK03,352.6
2026-02-25,BANK03,364.09
2026-02-26,BANK03,354.38
2026-02-27,BANK03,354.44
2026-03-02,BANK03,356.88
2024-01-01,BANK04,67.92
2024-01-02,BANK04,66.58
2024-01-03,BANK04,67.43
2024-01-04,BANK04,68.74
2024-01-05,BANK04,69.09
2024-01-08,BANK04,66.81
2024-01-09,BANK04,65.67
2024-01-10,BANK04,66.36
2024-01-11,BANK04,66.4
2024-01-12,BANK04,63.2
2024-01-15,BANK04,64.63
2024-01-16,BANK04,64.81
2024-01-17,BANK04,63.88
2024-01-18,BANK04,65.04
2024-01-19,BANK04,64.27
2024-01-22,BANK04,63.49
2024-01-23,BANK04,63.92
2024-01-24,BANK04,65.98
2024-01-25,BANK04,67.93
2024-01-26,BANK04,68.39
2024-01-29,BANK04,68.98
2024-01-30,BANK04,69.99
2024-01-31,BANK04,68.42
2024-02-01,BANK04,69.24
2024-02-02,BANK04,68.34
2024-02-05,BANK04,68.76
2024-02-06,BANK04,68.5
2024-02-07,BANK04,69.13
2024-02-08,BANK04,69.3
2024-02-09,BANK04,65.49
2024-02-12,BANK04,65.72
2024-02-13,BANK04,66.5
2024-02-14,BANK04,67.05
2024-02-15,BANK04,66.95
2024-02-16,BANK04,68.95
2024-02-19,BANK04,69.35
2024-02-20,BANK04,69.92
2024-02-21,BANK04,71.26
2024-02-22,BANK04,71.74
2024-02-23,BANK04,70.61
2024-02-26,BANK04,67.53
2024-02-27,BANK04,66.97
2024-02-28,BANK04,67.91
2024-02-29,BANK04,67.49
2024-03-01,BANK04,68.49
2024-03-04,BANK04,68.69
2024-03-05,BANK04,70.31
2024-03-06,BANK04,69.95
2024-03-07,BANK04,70.56
2024-03-08,BANK04,71.23
2024-03-11,BANK04,73.17
2024-03-12,BANK04,70.95
2024-03-13,BANK04,70.38
2024-03-14,BANK04,71.48
2024-03-15,BANK04,73.49
2024-03-18,BANK04,73.83
2024-03-19,BANK04,73.46
2024-03-20,BANK04,74.49
2024-03-21,BANK04,75.67
2024-03-22,BANK04,75.21
2024-03-25,BANK04,75.67
2024-03-26,BANK04,77.31
2024-03-27,BANK04,79.96
2024-03-28,BANK04,81.05
2024-03-29,BANK04,81.14
2024-04-01,BANK04,81.09
2024-04-02,BANK04,81.92
2024-04-03,BANK04,81.78
2024-04-04,BANK04,82.08
2024-04-05,BANK04,80.54
2024-04-08,BANK04,82.45
2024-04-09,BANK04,80.78
2024-04-10,BANK04,80.18
2024-04-11,BANK04,80.34
2024-04-12,BANK04,83.24
2024-04-15,BANK04,82.64
2024-04-16,BANK04,81.67
2024-04-17,BANK04,80.89
2024-04-18,BANK04,83.32
2024-04-19,BANK04,79.13
2024-04-22,BANK04,77.73
2024-04-23,BANK04,81.57
2024-04-24,BANK04,82.46
2024-04-25,BANK04,80.85
2024-04-26,BANK04,80.81
2024-04-29,BANK04,80.93
2024-04-30,BANK04,82.19
2024-05-01,BANK04,84.94
2024-05-02,BANK04,85.56
2024-05-03,BANK04,84.75
2024-05-06,BANK04,85.98
2024-05-07,BANK04,84.92
2024-05-08,BANK04,83.37
2024-05-09,BANK04,80.75
2024-05-10,BANK04,78.5
2024-05-13,BANK04,77.26
2024-05-14,BANK04,75.64
2024-05-15,BANK04,76.09
2024-05-16,BANK04,74.47
2024-05-17,BANK04,70.28
2024-05-20,BANK04,68.98
2024-05-21,BANK04,68.42
2024-05-22,BANK04,67.69
2024-05-23,BANK04,69.56
2024-05-24,BANK04,68.81
2024-05-27,BANK04,69.93
2024-05-28,BANK04,69.92
2024-05-29,BANK04,69.89
2024-05-30,BANK04,68.86
2024-05-31,BANK04,68.81
2024-06-03,BANK04,67.88
2024-06-04,BANK04,68.11
2024-06-05,BANK04,67.84
2024-06-06,BANK04,66.71
2024-06-07,BANK04,67.92
2024-06-10,BANK04,68.46
2024-06-11,BANK04,67.93
2024-06-12,BANK04,68.13
2024-06-13,BANK04,68.05
2024-06-14,BANK04,67.0
2024-06-17,BANK04,67.11
2024-06-18,BANK04,66.38
2024-06-19,BANK04,65.27
2024-06-20,BANK04,63.38
2024-06-21,BANK04,62.99
2024-06-24,BANK04,63.65
2024-06-25,BANK04,62.88
2024-06-26,BANK04,65.75
2024-06-27,BANK04,66.82
2024-06-28,BANK04,68.41
2024-07-01,BANK04,69.41
2024-07-02,BANK04,71.74
2024-07-03,BANK04,70.75
2024-07-04,BANK04,67.51
2024-07-05,BANK04,66.98
2024-07-08,BANK04,67.68
2024-07-09,BANK04,67.88
2024-07-10,BANK04,68.24
2024-07-11,BANK04,69.88
2024-07-12,BANK04,70.38
2024-07-15,BANK04,71.42
2024-07-16,BANK04,70.23
2024-07-17,BANK04,68.87
2024-07-18,BANK04,70.89
2024-07-19,BANK04,71.04
2024-07-22,BANK04,70.26
2024-07-23,BANK04,69.5
2024-07-24,BANK04,68.71
2024-07-25,BANK04,67.85
2024-07-26,BANK04,66.3
2024-07-29,BANK04,64.53
2024-07-30,BANK04,64.33
2024-07-31,BANK04,63.66
2024-08-01,BANK04,64.95
2024-08-02,BANK04,65.31
2024-08-05,BANK04,65.64
2024-08-06,BANK04,64.78
2024-08-07,BANK04,64.66
2024-08-08,BANK04,65.1
2024-08-09,BANK04,65.96
2024-08-12,BANK04,65.87
2024-08-13,BANK04,67.17
2024-08-14,BANK04,67.2
2024-08-15,BANK04,68.17
2024-08-16,BANK04,67.59
2024-08-19,BANK04,65.41
2024-08-20,BANK04,65.74
2024-08-21,BANK04,66.62
2024-08-22,BANK04,67.33
2024-08-23,BANK04,67.86
2024-08-26,BANK04,67.46
2024-08-27,BANK04,66.5
2024-08-28,BANK04,67.18
2024-08-29,BANK04,67.72
2024-08-30,BANK04,67.05
2024-09-02,BANK04,68.41
2024-09-03,BANK04,67.35
2024-09-04,BANK04,66.66
2024-09-05,BANK04,68.64
2024-09-06,BANK04,69.74
2024-09-09,BANK04,69.31
2024-09-10,BANK04,69.69
2024-09-11,BANK04,69.9
2024-09-12,BANK04,66.47
2024-09-13,BANK04,65.4
2024-09-16,BANK04,65.36
2024-09-17,BANK04,64.96
2024-09-18,BANK04,65.27
2024-09-19,BANK04,66.62
2024-09-20,BANK04,66.25
2024-09-23,BANK04,65.01
2024-09-24,BANK04,65.41
2024-09-25,BANK04,65.05
2024-09-26,BANK04,64.88
2024-09-27,BANK04,64.56
2024-09-30,BANK04,67.19
2024-10-01,BANK04,64.5
2024-10-02,BANK04,64.06
2024-10-03,BANK04,64.08
2024-10-04,BANK04,63.2
2024-10-07,BANK04,64.24
2024-10-08,BANK04,65.2
2024-10-09,BANK04,65.16
2024-10-10,BANK04,64.87
2024-10-11,BANK04,64.75
2024-10-14,BANK04,64.65
2024-10-15,BANK04,64.58
2024-10-16,BANK04,64.38
2024-10-17,BANK04,
2024-10-18,BANK04,
2024-10-21,BANK04,
2024-10-22,BANK04,
2024-10-23,BANK04,61.0
2024-10-24,BANK04,61.97
2024-10-25,BANK04,62.27
2024-10-28,BANK04,62.85
2024-10-29,BANK04,61.25
2024-10-30,BANK04,63.24
2024-10-31,BANK04,62.57
2024-11-01,BANK04,62.77
2024-11-04,BANK04,63.76
2024-11-05,BANK04,62.64
2024-11-06,BANK04,62.05
2024-11-07,BANK04,62.27
2024-11-08,BANK04,65.49
2024-11-11,BANK04,65.86
2024-11-12,BANK04,67.79
2024-11-13,BANK04,69.28
2024-11-14,BANK04,69.76
2024-11-15,BANK04,68.54
2024-11-18,BANK04,69.86
2024-11-19,BANK04,68.0
2024-11-20,BANK04,69.98
2024-11-21,BANK04,70.25
2024-11-22,BANK04,66.92
2024-11-25,BANK04,66.53
2024-11-26,BANK04,67.34
2024-11-27,BANK04,67.07
2024-11-28,BANK04,67.95
2024-11-29,BANK04,66.93
2024-12-02,BANK04,65.38
2024-12-03,BANK04,65.32
2024-12-04,BANK04,65.37
2024-12-05,BANK04,64.98
2024-12-06,BANK04,66.44
2024-12-09,BANK04,65.44
2024-12-10,BANK04,65.83
2024-12-11,BANK04,65.93
2024-12-12,BANK04,64.1
2024-12-13,BANK04,62.6
2024-12-16,BANK04,62.63
2024-12-17,BANK04,64.88
2024-12-18,BANK04,65.58
2024-12-19,BANK04,63.56
2024-12-20,BANK04,60.02
2024-12-23,BANK04,60.83
2024-12-24,BANK04,60.74
2024-12-25,BANK04,62.01
2024-12-26,BANK04,61.05
2024-12-27,BANK04,61.45
2024-12-30,BANK04,62.4
2024-12-31,BANK04,61.92
2025-01-01,BANK04,61.46
2025-01-02,BANK04,61.51
2025-01-03,BANK04,62.13
2025-01-06,BANK04,62.13
2025-01-07,BANK04,63.24
2025-01-08,BANK04,62.73
2025-01-09,BANK04,61.25
2025-01-10,BANK04,63.45
2025-01-13,BANK04,62.78
2025-01-14,BANK04,62.16
2025-01-15,BANK04,62.1
2025-01-16,BANK04,62.19
2025-01-17,BANK04,61.78
2025-01-20,BANK04,61.78
2025-01-21,BANK04,61.75
2025-01-22,BANK04,61.97
2025-01-23,BANK04,59.35
2025-01-24,BANK04,61.38
2025-01-27,BANK04,61.24
2025-01-28,BANK04,61.9
2025-01-29,BANK04,60.38
2025-01-30,BANK04,59.89
2025-01-31,BANK04,59.18
2025-02-03,BANK04,60.76
2025-02-04,BANK04,60.14
2025-02-05,BANK04,60.98
2025-02-06,BANK04,60.28
2025-02-07,BANK04,59.81
2025-02-10,BANK04,59.56
2025-02-11,BANK04,60.96
2025-02-12,BANK04,58.9
2025-02-13,BANK04,57.53
2025-02-14,BANK04,55.53
2025-02-17,BANK04,54.46
2025-02-18,BANK04,53.68
2025-02-19,BANK04,52.13
2025-02-20,BANK04,51.46
2025-02-21,BANK04,49.61
2025-02-24,BANK04,48.71
2025-02-25,BANK04,49.78
2025-02-26,BANK04,50.16
2025-02-27,BANK04,50.34
2025-02-28,BANK04,49.45
2025-03-03,BANK04,48.1
2025-03-04,BANK04,47.13
2025-03-05,BANK04,47.1
2025-03-06,BANK04,47.85
2025-03-07,BANK04,48.64
2025-03-10,BANK04,49.21
2025-03-11,BANK04,48.57
2025-03-12,BANK04,48.61
2025-03-13,BANK04,48.34
2025-03-14,BANK04,48.18
2025-03-17,BANK04,49.96
2025-03-18,BANK04,48.39
2025-03-19,BANK04,48.2
2025-03-20,BANK04,49.27
2025-03-21,BANK04,47.98
2025-03-24,BANK04,47.44
2025-03-25,BANK04,47.0
2025-03-26,BANK04,46.83
2025-03-27,BANK04,45.5
2025-03-28,BANK04,46.0
2025-03-31,BANK04,46.57
2025-04-01,BANK04,47.01
2025-04-02,BANK04,46.28
2025-04-03,BANK04,46.37
2025-04-04,BANK04,45.63
2025-04-07,BANK04,45.37
2025-04-08,BANK04,47.14
2025-04-09,BANK04,47.24
2025-04-10,BANK04,46.24
2025-04-11,BANK04,46.41
2025-04-14,BANK04,45.29
2025-04-15,BANK04,44.33
2025-04-16,BANK04,43.51
2025-04-17,BANK04,43.18
2025-04-18,BANK04,43.92
2025-04-21,BANK04,44.39
2025-04-22,BANK04,44.82
2025-04-23,BANK04,43.95
2025-04-24,BANK04,43.53
2025-04-25,BANK04,43.76
2025-04-28,BANK04,43.28
2025-04-29,BANK04,43.07
2025-04-30,BANK04,43.43
2025-05-01,BANK04,43.17
2025-05-02,BANK04,43.36
2025-05-05,BANK04,44.61
2025-05-06,BANK04,44.49
2025-05-07,BANK04,45.45
2025-05-08,BANK04,45.92
2025-05-09,BANK04,44.72
2025-05-12,BANK04,43.84
2025-05-13,BANK04,43.2
2025-05-14,BANK04,42.55
2025-05-15,BANK04,42.49
2025-05-16,BANK04,42.97
2025-05-19,BANK04,43.96
2025-05-20,BANK04,44.21
2025-05-21,BANK04,43.87
2025-05-22,BANK04,42.24
2025-05-23,BANK04,42.31
2025-05-26,BANK04,42.34
2025-05-27,BANK04,42.49
2025-05-28,BANK04,44.12
2025-05-29,BANK04,45.12
2025-05-30,BANK04,45.77
2025-06-02,BANK04,44.99
2025-06-03,BANK04,44.59
2025-06-04,BANK04,44.52
2025-06-05,BANK04,43.91
2025-06-06,BANK04,44.32
2025-06-09,BANK04,44.62
2025-06-10,BANK04,43.76
2025-06-11,BANK04,44.72
2025-06-12,BANK04,44.81
2025-06-13,BANK04,43.43
2025-06-16,BANK04,43.4
2025-06-17,BANK04,43.64
2025-06-18,BANK04,44.41
2025-06-19,BANK04,44.16
2025-06-20,BANK04,44.83
2025-06-23,BANK04,44.99
2025-06-24,BANK04,43.94
2025-06-25,BANK04,42.84
2025-06-26,BANK04,43.71
2025-06-27,BANK04,44.67
2025-06-30,BANK04,44.94
2025-07-01,BANK04,46.16
2025-07-02,BANK04,47.06
2025-07-03,BANK04,47.65
2025-07-04,BANK04,46.88
2025-07-07,BANK04,48.36
2025-07-08,BANK04,48.84
2025-07-09,BANK04,48.51
2025-07-10,BANK04,47.95
2025-07-11,BANK04,48.18
2025-07-14,BANK04,46.75
2025-07-15,BANK04,47.35
2025-07-16,BANK04,46.55
2025-07-17,BANK04,46.88
2025-07-18,BANK04,46.45
2025-07-21,BANK04,46.24
2025-07-22,BANK04,45.63
2025-07-23,BANK04,45.51
2025-07-24,BANK04,47.07
2025-07-25,BANK04,48.26
2025-07-28,BANK04,48.58
2025-07-29,BANK04,48.57
2025-07-30,BANK04,49.32
2025-07-31,BANK04,50.34
2025-08-01,BANK04,49.6
2025-08-04,BANK04,49.55
2025-08-05,BANK04,47.94
2025-08-06,BANK04,48.92
2025-08-07,BANK04,50.76
2025-08-08,BANK04,50.85
2025-08-11,BANK04,48.92
2025-08-12,BANK04,49.47
2025-08-13,BANK04,48.68
2025-08-14,BANK04,48.11
2025-08-15,BANK04,48.67
2025-08-18,BANK04,48.9
2025-08-19,BANK04,48.49
2025-08-20,BANK04,47.94
2025-08-21,BANK04,48.06
2025-08-22,BANK04,47.72
2025-08-25,BANK04,46.78
2025-08-26,BANK04,46.52
2025-08-27,BANK04,46.81
2025-08-28,BANK04,46.68
2025-08-29,BANK04,45.5
2025-09-01,BANK04,46.33
2025-09-02,BANK04,44.06
2025-09-03,BANK04,43.72
2025-09-04,BANK04,43.24
2025-09-05,BANK04,43.37
2025-09-08,BANK04,43.82
2025-09-09,BANK04,44.72
2025-09-10,BANK04,44.16
2025-09-11,BANK04,44.64
2025-09-12,BANK04,44.81
2025-09-15,BANK04,43.45
2025-09-16,BANK04,44.95
2025-09-17,BANK04,43.8
2025-09-18,BANK04,44.14
2025-09-19,BANK04,44.46
2025-09-22,BANK04,44.7
2025-09-23,BANK04,44.31
2025-09-24,BANK04,44.99
2025-09-25,BANK04,43.74
2025-09-26,BANK04,43.7
2025-09-29,BANK04,43.27
2025-09-30,BANK04,42.75
2025-10-01,BANK04,43.09
2025-10-02,BANK04,43.94
2025-10-03,BANK04,43.68
2025-10-06,BANK04,44.31
2025-10-07,BANK04,44.36
2025-10-08,BANK04,43.67
2025-10-09,BANK04,43.48
2025-10-10,BANK04,43.25
2025-10-13,BANK04,42.72
2025-10-14,BANK04,43.07
2025-10-15,BANK04,43.26
2025-10-16,BANK04,42.04
2025-10-17,BANK04,40.8
2025-10-20,BANK04,41.12
2025-10-21,BANK04,40.53
2025-10-22,BANK04,40.76
2025-10-23,BANK04,41.35
2025-10-24,BANK04,40.42
2025-10-27,BANK04,39.4
2025-10-28,BANK04,40.6
2025-10-29,BANK04,40.87
2025-10-30,BANK04,40.57
2025-10-31,BANK04,39.9
2025-11-03,BANK04,39.55
2025-11-04,BANK04,38.71
2025-11-05,BANK04,39.34
2025-11-06,BANK04,38.8
2025-11-07,BANK04,39.58
2025-11-10,BANK04,39.3
2025-11-11,BANK04,38.58
2025-11-12,BANK04,38.29
2025-11-13,BANK04,36.5
2025-11-14,BANK04,36.43
2025-11-17,BANK04,36.33
2025-11-18,BANK04,36.88
2025-11-19,BANK04,35.64
2025-11-20,BANK04,36.39
2025-11-21,BANK04,36.94
2025-11-24,BANK04,37.78
2025-11-25,BANK04,37.76
2025-11-26,BANK04,38.46
2025-11-27,BANK04,37.45
2025-11-28,BANK04,37.95
2025-12-01,BANK04,37.43
2025-12-02,BANK04,36.33
2025-12-03,BANK04,35.6
2025-12-04,BANK04,35.62
2025-12-05,BANK04,35.1
2025-12-08,BANK04,35.35
2025-12-09,BANK04,34.21
2025-12-10,BANK04,32.91
2025-12-11,BANK04,33.73
2025-12-12,BANK04,34.29
2025-12-15,BANK04,33.65
2025-12-16,BANK04,33.66
2025-12-17,BANK04,34.29
2025-12-18,BANK04,34.56
2025-12-19,BANK04,34.66
2025-12-22,BANK04,35.36
2025-12-23,BANK04,34.9
2025-12-24,BANK04,34.93
2025-12-25,BANK04,34.93
2025-12-26,BANK04,34.77
2025-12-29,BANK04,34.54
2025-12-30,BANK04,34.59
2025-12-31,BANK04,34.62
2026-01-01,BANK04,33.98
2026-01-02,BANK04,34.48
2026-01-05,BANK04,33.89
2026-01-06,BANK04,33.76
2026-01-07,BANK04,33.59
2026-01-08,BANK04,33.82
2026-01-09,BANK04,32.54
2026-01-12,BANK04,33.07
2026-01-13,BANK04,32.68
2026-01-14,BANK04,33.41
2026-01-15,BANK04,33.13
2026-01-16,BANK04,33.11
2026-01-19,BANK04,34.26
2026-01-20,BANK04,34.1
2026-01-21,BANK04,34.87
2026-01-22,BANK04,34.9
2026-01-23,BANK04,35.18
2026-01-26,BANK04,35.23
2026-01-27,BANK04,35.78
2026-01-28,BANK04,35.35
2026-01-29,BANK04,34.73
2026-01-30,BANK04,34.34
2026-02-02,BANK04,34.42
2026-02-03,BANK04,34.29
2026-02-04,BANK04,34.74
2026-02-05,BANK04,35.56
2026-02-06,BANK04,34.95
2026-02-09,BANK04,34.5
2026-02-10,BANK04,33.62
2026-02-11,BANK04,34.86
2026-02-12,BANK04,35.06
2026-02-13,BANK04,35.37
2026-02-16,BANK04,34.53
2026-02-17,BANK04,34.54
2026-02-18,BANK04,34.86
2026-02-19,BANK04,34.72
2026-02-20,BANK04,35.4
2026-02-23,BANK04,36.88
2026-02-24,BANK04,36.27
2026-02-25,BANK04,35.61
2026-02-26,BANK04,35.06
2026-02-27,BANK04,36.08
2026-03-02,BANK04,36.77
2024-01-01,BANK05,112.04
2024-01-02,BANK05,110.43
2024-01-03,BANK05,112.23
2024-01-04,BANK05,111.5
2024-01-05,BANK05,111.01
2024-01-08,BANK05,112.26
2024-01-09,BANK05,111.91
2024-01-10,BANK05,111.47
2024-01-11,BANK05,111.53
2024-01-12,BANK05,113.16
2024-01-15,BANK05,116.55
2024-01-16,BANK05,117.81
2024-01-17,BANK05,119.55
2024-01-18,BANK05,119.15
2024-01-19,BANK05,117.67
2024-01-22,BANK05,119.09
2024-01-23,BANK05,119.49
2024-01-24,BANK05,116.47
2024-01-25,BANK05,115.82
2024-01-26,BANK05,115.68
2024-01-29,BANK05,114.65
2024-01-30,BANK05,117.74
2024-01-31,BANK05,118.8
2024-02-01,BANK05,121.77
2024-02-02,BANK05,122.38
2024-02-05,BANK05,122.6
2024-02-06,BANK05,120.57
2024-02-07,BANK05,120.63
2024-02-08,BANK05,120.69
2024-02-09,BANK05,117.76
2024-02-12,BANK05,116.65
2024-02-13,BANK05,116.01
2024-02-14,BANK05,116.91
2024-02-15,BANK05,117.91
2024-02-16,BANK05,116.71
2024-02-19,BANK05,117.73
2024-02-20,BANK05,117.38
2024-02-21,BANK05,111.36
2024-02-22,BANK05,110.42
2024-02-23,BANK05,112.6
2024-02-26,BANK05,109.22
2024-02-27,BANK05,109.47
2024-02-28,BANK05,112.63
2024-02-29,BANK05,111.12
2024-03-01,BANK05,111.16
2024-03-04,BANK05,108.58
2024-03-05,BANK05,111.8
2024-03-06,BANK05,111.66
2024-03-07,BANK05,111.79
2024-03-08,BANK05,114.55
2024-03-11,BANK05,115.95
2024-03-12,BANK05,114.16
2024-03-13,BANK05,112.86
2024-03-14,BANK05,113.9
2024-03-15,BANK05,112.65
2024-03-18,BANK05,108.39
2024-03-19,BANK05,108.32
2024-03-20,BANK05,105.47
2024-03-21,BANK05,108.57
2024-03-22,BANK05,108.95
2024-03-25,BANK05,107.2
2024-03-26,BANK05,105.89
2024-03-27,BANK05,102.32
2024-03-28,BANK05,100.33
2024-03-29,BANK05,102.19
2024-04-01,BANK05,106.33
2024-04-02,BANK05,107.75
2024-04-03,BANK05,107.6
2024-04-04,BANK05,106.8
2024-04-05,BANK05,104.99
2024-04-08,BANK05,108.92
2024-04-09,BANK05,108.58
2024-04-10,BANK05,112.75
2024-04-11,BANK05,115.61
2024-04-12,BANK05,112.02
2024-04-15,BANK05,110.71
2024-04-16,BANK05,109.41
2024-04-17,BANK05,109.29
2024-04-18,BANK05,109.2
2024-04-19,BANK05,115.12
2024-04-22,BANK05,112.92
2024-04-23,BANK05,113.42
2024-04-24,BANK05,114.72
2024-04-25,BANK05,114.75
2024-04-26,BANK05,115.01
2024-04-29,BANK05,112.88
2024-04-30,BANK05,113.13
2024-05-01,BANK05,114.21
2024-05-02,BANK05,114.91
2024-05-03,BANK05,116.13
2024-05-06,BANK05,119.12
2024-05-07,BANK05,121.16
2024-05-08,BANK05,121.35
2024-05-09,BANK05,118.83
2024-05-10,BANK05,117.58
2024-05-13,BANK05,117.15
2024-05-14,BANK05,117.72
2024-05-15,BANK05,116.74
2024-05-16,BANK05,114.81
2024-05-17,BANK05,112.39
2024-05-20,BANK05,109.08
2024-05-21,BANK05,108.65
2024-05-22,BANK05,105.81
2024-05-23,BANK05,103.94
2024-05-24,BANK05,103.23
2024-05-27,BANK05,100.78
2024-05-28,BANK05,101.5
2024-05-29,BANK05,102.88
2024-05-30,BANK05,101.9
2024-05-31,BANK05,101.13
2024-06-03,BANK05,102.13
2024-06-04,BANK05,100.85
2024-06-05,BANK05,99.46
2024-06-06,BANK05,101.63
2024-06-07,BANK05,103.28
2024-06-10,BANK05,104.43
2024-06-11,BANK05,106.2
2024-06-12,BANK05,102.45
2024-06-13,BANK05,104.98
2024-06-14,BANK05,105.75
2024-06-17,BANK05,107.71
2024-06-18,BANK05,108.49
2024-06-19,BANK05,108.62
2024-06-20,BANK05,108.11
2024-06-21,BANK05,108.86
2024-06-24,BANK05,108.28
2024-06-25,BANK05,110.01
2024-06-26,BANK05,106.9
2024-06-27,BANK05,105.89
2024-06-28,BANK05,109.82
2024-07-01,BANK05,108.61
2024-07-02,BANK05,108.18
2024-07-03,BANK05,106.49
2024-07-04,BANK05,107.17
2024-07-05,BANK05,105.78
2024-07-08,BANK05,105.46
2024-07-09,BANK05,107.1
2024-07-10,BANK05,105.79
2024-07-11,BANK05,107.32
2024-07-12,BANK05,108.94
2024-07-15,BANK05,111.04
2024-07-16,BANK05,111.36
2024-07-17,BANK05,117.89
2024-07-18,BANK05,120.16
2024-07-19,BANK05,120.9
2024-07-22,BANK05,119.03
2024-07-23,BANK05,118.86
2024-07-24,BANK05,121.94
2024-07-25,BANK05,125.73
2024-07-26,BANK05,129.12
2024-07-29,BANK05,130.98
2024-07-30,BANK05,128.06
2024-07-31,BANK05,129.22
2024-08-01,BANK05,126.37
2024-08-02,BANK05,123.03
2024-08-05,BANK05,123.59
2024-08-06,BANK05,124.79
2024-08-07,BANK05,126.86
2024-08-08,BANK05,128.03
2024-08-09,BANK05,129.3
2024-08-12,BANK05,127.04
2024-08-13,BANK05,126.84
2024-08-14,BANK05,123.44
2024-08-15,BANK05,119.02
2024-08-16,BANK05,120.65
2024-08-19,BANK05,119.05
2024-08-20,BANK05,120.95
2024-08-21,BANK05,123.4
2024-08-22,BANK05,122.06
2024-08-23,BANK05,123.4
2024-08-26,BANK05,121.97
2024-08-27,BANK05,117.95
2024-08-28,BANK05,118.25
2024-08-29,BANK05,117.28
2024-08-30,BANK05,116.39
2024-09-02,BANK05,120.56
2024-09-03,BANK05,117.29
2024-09-04,BANK05,118.13
2024-09-05,BANK05,116.05
2024-09-06,BANK05,117.98
2024-09-09,BANK05,118.65
2024-09-10,BANK05,119.5
2024-09-11,BANK05,117.5
2024-09-12,BANK05,115.92
2024-09-13,BANK05,117.88
2024-09-16,BANK05,121.68
2024-09-17,BANK05,122.77
2024-09-18,BANK05,120.82
2024-09-19,BANK05,121.59
2024-09-20,BANK05,126.94
2024-09-23,BANK05,127.21
2024-09-24,BANK05,130.6
2024-09-25,BANK05,128.9
2024-09-26,BANK05,128.84
2024-09-27,BANK05,130.32
2024-09-30,BANK05,131.29
2024-10-01,BANK05,129.51
2024-10-02,BANK05,127.67
2024-10-03,BANK05,129.98
2024-10-04,BANK05,132.8
2024-10-07,BANK05,136.46
2024-10-08,BANK05,140.93
2024-10-09,BANK05,141.31
2024-10-10,BANK05,140.56
2024-10-11,BANK05,144.02
2024-10-14,BANK05,145.92
2024-10-15,BANK05,143.38
2024-10-16,BANK05,140.75
2024-10-17,BANK05,142.04
2024-10-18,BANK05,141.63
2024-10-21,BANK05,141.61
2024-10-22,BANK05,144.38
2024-10-23,BANK05,146.4
2024-10-24,BANK05,149.95
2024-10-25,BANK05,144.78
2024-10-28,BANK05,145.48
2024-10-29,BANK05,147.35
2024-10-30,BANK05,143.34
2024-10-31,BANK05,141.7
2024-11-01,BANK05,139.59
2024-11-04,BANK05,139.69
2024-11-05,BANK05,143.83
2024-11-06,BANK05,149.1
2024-11-07,BANK05,146.96
2024-11-08,BANK05,148.4
2024-11-11,BANK05,149.94
2024-11-12,BANK05,151.03
2024-11-13,BANK05,152.16
2024-11-14,BANK05,153.04
2024-11-15,BANK05,157.73
2024-11-18,BANK05,160.91
2024-11-19,BANK05,157.89
2024-11-20,BANK05,160.2
2024-11-21,BANK05,162.82
2024-11-22,BANK05,163.79
2024-11-25,BANK05,167.17
2024-11-26,BANK05,167.79
2024-11-27,BANK05,168.45
2024-11-28,BANK05,168.86
2024-11-29,BANK05,162.78
2024-12-02,BANK05,162.59
2024-12-03,BANK05,160.69
2024-12-04,BANK05,157.3
2024-12-05,BANK05,161.41
2024-12-06,BANK05,162.92
2024-12-09,BANK05,162.88
2024-12-10,BANK05,161.28
2024-12-11,BANK05,162.19
2024-12-12,BANK05,165.13
2024-12-13,BANK05,162.72
2024-12-16,BANK05,162.75
2024-12-17,BANK05,165.35
2024-12-18,BANK05,159.63
2024-12-19,BANK05,159.52
2024-12-20,BANK05,158.33
2024-12-23,BANK05,158.0
2024-12-24,BANK05,156.62
2024-12-25,BANK05,157.05
2024-12-26,BANK05,162.54
2024-12-27,BANK05,161.64
2024-12-30,BANK05,162.54
2024-12-31,BANK05,168.42
2025-01-01,BANK05,166.81
2025-01-02,BANK05,172.3
2025-01-03,BANK05,172.37
2025-01-06,BANK05,177.95
2025-01-07,BANK05,180.41
2025-01-08,BANK05,181.46
2025-01-09,BANK05,181.3
2025-01-10,BANK05,179.32
2025-01-13,BANK05,179.62
2025-01-14,BANK05,182.57
2025-01-15,BANK05,182.58
2025-01-16,BANK05,181.6
2025-01-17,BANK05,180.83
2025-01-20,BANK05,184.12
2025-01-21,BANK05,188.23
2025-01-22,BANK05,186.03
2025-01-23,BANK05,183.85
2025-01-24,BANK05,185.16
2025-01-27,BANK05,190.3
2025-01-28,BANK05,194.29
2025-01-29,BANK05,189.97
2025-01-30,BANK05,189.12
2025-01-31,BANK05,186.01
2025-02-03,BANK05,185.17
2025-02-04,BANK05,190.57
2025-02-05,BANK05,185.75
2025-02-06,BANK05,180.39
2025-02-07,BANK05,177.76
2025-02-10,BANK05,178.73
2025-02-11,BANK05,180.78
2025-02-12,BANK05,182.26
2025-02-13,BANK05,186.17
2025-02-14,BANK05,180.32
2025-02-17,BANK05,184.23
2025-02-18,BANK05,183.25
2025-02-19,BANK05,185.72
2025-02-20,BANK05,181.35
2025-02-21,BANK05,181.42
2025-02-24,BANK05,182.24
2025-02-25,BANK05,186.09
2025-02-26,BANK05,180.84
2025-02-27,BANK05,180.99
2025-02-28,BANK05,177.51
2025-03-03,BANK05,179.18
2025-03-04,BANK05,181.74
2025-03-05,BANK05,186.0
2025-03-06,BANK05,184.27
2025-03-07,BANK05,187.4
2025-03-10,BANK05,192.04
2025-03-11,BANK05,186.42
2025-03-12,BANK05,188.53
2025-03-13,BANK05,191.84
2025-03-14,BANK05,191.01
2025-03-17,BANK05,186.9
2025-03-18,BANK05,190.13
2025-03-19,BANK05,186.08
2025-03-20,BANK05,185.54
2025-03-21,BANK05,185.46
2025-03-24,BANK05,187.91
2025-03-25,BANK05,185.84
2025-03-26,BANK05,183.61
2025-03-27,BANK05,183.99
2025-03-28,BANK05,187.38
2025-03-31,BANK05,195.15
2025-04-01,BANK05,189.91
2025-04-02,BANK05,191.05
2025-04-03,BANK05,187.37
2025-04-04,BANK05,190.86
2025-04-07,BANK05,187.69
2025-04-08,BANK05,185.47
2025-04-09,BANK05,183.56
2025-04-10,BANK05,183.36
2025-04-11,BANK05,184.48
2025-04-14,BANK05,186.15
2025-04-15,BANK05,186.18
2025-04-16,BANK05,181.78
2025-04-17,BANK05,184.22
2025-04-18,BANK05,184.1
2025-04-21,BANK05,188.0
2025-04-22,BANK05,185.66
2025-04-23,BANK05,180.36
2025-04-24,BANK05,180.31
2025-04-25,BANK05,184.57
2025-04-28,BANK05,185.16
2025-04-29,BANK05,184.55
2025-04-30,BANK05,181.71
2025-05-01,BANK05,187.52
2025-05-02,BANK05,184.1
2025-05-05,BANK05,181.75
2025-05-06,BANK05,183.67
2025-05-07,BANK05,177.59
2025-05-08,BANK05,181.71
2025-05-09,BANK05,183.81
2025-05-12,BANK05,186.84
2025-05-13,BANK05,188.77
2025-05-14,BANK05,188.28
2025-05-15,BANK05,184.74
2025-05-16,BANK05,184.33
2025-05-19,BANK05,181.15
2025-05-20,BANK05,182.79
2025-05-21,BANK05,185.49
2025-05-22,BANK05,190.48
2025-05-23,BANK05,191.81
2025-05-26,BANK05,195.06
2025-05-27,BANK05,194.08
2025-05-28,BANK05,192.47
2025-05-29,BANK05,194.16
2025-05-30,BANK05,192.87
2025-06-02,BANK05,193.86
2025-06-03,BANK05,190.22
2025-06-04,BANK05,187.26
2025-06-05,BANK05,189.46
2025-06-06,BANK05,192.54
2025-06-09,BANK05,189.18
2025-06-10,BANK05,191.52
2025-06-11,BANK05,189.74
2025-06-12,BANK05,189.85
2025-06-13,BANK05,194.75
2025-06-16,BANK05,197.64
2025-06-17,BANK05,200.53
2025-06-18,BANK05,207.48
2025-06-19,BANK05,204.91
2025-06-20,BANK05,201.34
2025-06-23,BANK05,198.78
2025-06-24,BANK05,197.93
2025-06-25,BANK05,189.6
2025-06-26,BANK05,188.95
2025-06-27,BANK05,187.16
2025-06-30,BANK05,189.85
2025-07-01,BANK05,191.11
2025-07-02,BANK05,189.11
2025-07-03,BANK05,191.17
2025-07-04,BANK05,193.72
2025-07-07,BANK05,191.09
2025-07-08,BANK05,189.46
2025-07-09,BANK05,181.92
2025-07-10,BANK05,178.41
2025-07-11,BANK05,176.08
2025-07-14,BANK05,176.36
2025-07-15,BANK05,173.42
2025-07-16,BANK05,171.86
2025-07-17,BANK05,168.13
2025-07-18,BANK05,168.69
2025-07-21,BANK05,170.04
2025-07-22,BANK05,171.32
2025-07-23,BANK05,171.41
2025-07-24,BANK05,166.71
2025-07-25,BANK05,164.9
2025-07-28,BANK05,163.74
2025-07-29,BANK05,162.6
2025-07-30,BANK05,162.87
2025-07-31,BANK05,167.09
2025-08-01,BANK05,169.59
2025-08-04,BANK05,166.62
2025-08-05,BANK05,168.71
2025-08-06,BANK05,170.7
2025-08-07,BANK05,168.28
2025-08-08,BANK05,170.9
2025-08-11,BANK05,170.46
2025-08-12,BANK05,166.18
2025-08-13,BANK05,167.59
2025-08-14,BANK05,168.3
2025-08-15,BANK05,167.66
2025-08-18,BANK05,167.6
2025-08-19,BANK05,165.48
2025-08-20,BANK05,167.34
2025-08-21,BANK05,167.26
2025-08-22,BANK05,167.81
2025-08-25,BANK05,168.94
2025-08-26,BANK05,165.48
2025-08-27,BANK05,162.87
2025-08-28,BANK05,156.44
2025-08-29,BANK05,158.08
2025-09-01,BANK05,154.67
2025-09-02,BANK05,155.09
2025-09-03,BANK05,156.17
2025-09-04,BANK05,157.91
2025-09-05,BANK05,154.54
2025-09-08,BANK05,154.4
2025-09-09,BANK05,159.09
2025-09-10,BANK05,164.05
2025-09-11,BANK05,167.01
2025-09-12,BANK05,168.08
2025-09-15,BANK05,165.09
2025-09-16,BANK05,167.27
2025-09-17,BANK05,166.85
2025-09-18,BANK05,168.58
2025-09-19,BANK05,166.71
2025-09-22,BANK05,166.24
2025-09-23,BANK05,166.78
2025-09-24,BANK05,167.57
2025-09-25,BANK05,169.11
2025-09-26,BANK05,167.4
2025-09-29,BANK05,163.4
2025-09-30,BANK05,168.23
2025-10-01,BANK05,175.82
2025-10-02,BANK05,177.29
2025-10-03,BANK05,173.11
2025-10-06,BANK05,170.76
2025-10-07,BANK05,172.37
2025-10-08,BANK05,176.58
2025-10-09,BANK05,172.78
2025-10-10,BANK05,172.45
2025-10-13,BANK05,173.11
2025-10-14,BANK05,175.85
2025-10-15,BANK05,174.82
2025-10-16,BANK05,169.95
2025-10-17,BANK05,171.9
2025-10-20,BANK05,175.43
2025-10-21,BANK05,175.23
2025-10-22,BANK05,176.56
2025-10-23,BANK05,175.1
2025-10-24,BANK05,172.49
2025-10-27,BANK05,175.73
2025-10-28,BANK05,177.0
2025-10-29,BANK05,178.62
2025-10-30,BANK05,183.5
2025-10-31,BANK05,180.07
2025-11-03,BANK05,178.34
2025-11-04,BANK05,178.9
2025-11-05,BANK05,177.14
2025-11-06,BANK05,179.69
2025-11-07,BANK05,179.13
2025-11-10,BANK05,175.99
2025-11-11,BANK05,176.25
2025-11-12,BANK05,176.84
2025-11-13,BANK05,179.87
2025-11-14,BANK05,181.2
2025-11-17,BANK05,182.76
2025-11-18,BANK05,183.86
2025-11-19,BANK05,183.3
2025-11-20,BANK05,180.99
2025-11-21,BANK05,181.98
2025-11-24,BANK05,180.95
2025-11-25,BANK05,186.5
2025-11-26,BANK05,191.07
2025-11-27,BANK05,193.3
2025-11-28,BANK05,194.68
2025-12-01,BANK05,194.43
2025-12-02,BANK05,190.07
2025-12-03,BANK05,189.39
2025-12-04,BANK05,189.79
2025-12-05,BANK05,190.63
2025-12-08,BANK05,192.3
2025-12-09,BANK05,195.55
2025-12-10,BANK05,193.17
2025-12-11,BANK05,190.85
2025-12-12,BANK05,195.89
2025-12-15,BANK05,198.67
2025-12-16,BANK05,197.33
2025-12-17,BANK05,197.01
2025-12-18,BANK05,196.71
2025-12-19,BANK05,196.88
2025-12-22,BANK05,198.61
2025-12-23,BANK05,207.73
2025-12-24,BANK05,208.5
2025-12-25,BANK05,211.05
2025-12-26,BANK05,204.71
2025-12-29,BANK05,202.98
2025-12-30,BANK05,207.54
2025-12-31,BANK05,209.1
2026-01-01,BANK05,192.64
2026-01-02,BANK05,195.04
2026-01-05,BANK05,201.83
2026-01-06,BANK05,194.64
2026-01-07,BANK05,200.02
2026-01-08,BANK05,190.1
2026-01-09,BANK05,193.37
2026-01-12,BANK05,193.4
2026-01-13,BANK05,185.27
2026-01-14,BANK05,186.82
2026-01-15,BANK05,190.74
2026-01-16,BANK05,192.05
2026-01-19,BANK05,194.13
2026-01-20,BANK05,192.75
2026-01-21,BANK05,186.35
2026-01-22,BANK05,188.73
2026-01-23,BANK05,194.73
2026-01-26,BANK05,198.74
2026-01-27,BANK05,191.69
2026-01-28,BANK05,186.52
2026-01-29,BANK05,183.74
2026-01-30,BANK05,178.52
2026-02-02,BANK05,178.72
2026-02-03,BANK05,180.04
2026-02-04,BANK05,175.46
2026-02-05,BANK05,177.97
2026-02-06,BANK05,179.94
2026-02-09,BANK05,178.22
2026-02-10,BANK05,177.72
2026-02-11,BANK05,171.54
2026-02-12,BANK05,170.56
2026-02-13,BANK05,170.64
2026-02-16,BANK05,171.21
2026-02-17,BANK05,172.43
2026-02-18,BANK05,173.24
2026-02-19,BANK05,172.46
2026-02-20,BANK05,173.4
2026-02-23,BANK05,176.58
2026-02-24,BANK05,176.33
2026-02-25,BANK05,177.39
2026-02-26,BANK05,176.85
2026-02-27,BANK05,174.85
2026-03-02,BANK05,176.55
2024-01-01,HLTH01,426.73
2024-01-02,HLTH01,427.07
2024-01-03,HLTH01,424.86
2024-01-04,HLTH01,422.48
2024-01-05,HLTH01,418.75
2024-01-08,HLTH01,406.47
2024-01-09,HLTH01,409.39
2024-01-10,HLTH01,411.22
2024-01-11,HLTH01,417.63
2024-01-12,HLTH01,413.76
2024-01-15,HLTH01,428.0
2024-01-16,HLTH01,425.2
2024-01-17,HLTH01,418.63
2024-01-18,HLTH01,411.27
2024-01-19,HLTH01,398.56
2024-01-22,HLTH01,409.67
2024-01-23,HLTH01,419.91
2024-01-24,HLTH01,424.57
2024-01-25,HLTH01,417.85
2024-01-26,HLTH01,431.6
2024-01-29,HLTH01,429.0
2024-01-30,HLTH01,427.05
2024-01-31,HLTH01,438.23
2024-02-01,HLTH01,443.55
2024-02-02,HLTH01,461.26
2024-02-05,HLTH01,463.46
2024-02-06,HLTH01,460.29
2024-02-07,HLTH01,455.36
2024-02-08,HLTH01,440.36
2024-02-09,HLTH01,438.28
2024-02-12,HLTH01,447.44
2024-02-13,HLTH01,452.4
2024-02-14,HLTH01,452.7
2024-02-15,HLTH01,444.73
2024-02-16,HLTH01,446.68
2024-02-19,HLTH01,454.96
2024-02-20,HLTH01,458.62
2024-02-21,HLTH01,460.14
2024-02-22,HLTH01,453.67
2024-02-23,HLTH01,460.89
2024-02-26,HLTH01,435.05
2024-02-27,HLTH01,438.17
2024-02-28,HLTH01,458.58
2024-02-29,HLTH01,446.27
2024-03-01,HLTH01,444.46
2024-03-04,HLTH01,444.53
2024-03-05,HLTH01,440.96
2024-03-06,HLTH01,449.32
2024-03-07,HLTH01,453.28
2024-03-08,HLTH01,454.66
2024-03-11,HLTH01,461.32
2024-03-12,HLTH01,461.59
2024-03-13,HLTH01,488.15
2024-03-14,HLTH01,489.63
2024-03-15,HLTH01,
2024-03-18,HLTH01,476.51
2024-03-19,HLTH01,471.99
2024-03-20,HLTH01,481.88
2024-03-21,HLTH01,470.44
2024-03-22,HLTH01,452.32
2024-03-25,HLTH01,452.71
2024-03-26,HLTH01,464.02
2024-03-27,HLTH01,464.51
2024-03-28,HLTH01,461.84
2024-03-29,HLTH01,446.53
2024-04-01,HLTH01,450.3
2024-04-02,HLTH01,455.79
2024-04-03,HLTH01,441.31
2024-04-04,HLTH01,450.46
2024-04-05,HLTH01,456.8
2024-04-08,HLTH01,466.25
2024-04-09,HLTH01,471.29
2024-04-10,HLTH01,476.97
2024-04-11,HLTH01,481.59
2024-04-12,HLTH01,489.26
2024-04-15,HLTH01,473.39
2024-04-16,HLTH01,460.74
2024-04-17,HLTH01,454.77
2024-04-18,HLTH01,453.85
2024-04-19,HLTH01,457.16
2024-04-22,HLTH01,459.96
2024-04-23,HLTH01,469.35
2024-04-24,HLTH01,479.19
2024-04-25,HLTH01,471.81
2024-04-26,HLTH01,473.98
2024-04-29,HLTH01,466.89
2024-04-30,HLTH01,465.45
2024-05-01,HLTH01,468.28
2024-05-02,HLTH01,439.69
2024-05-03,HLTH01,458.91
2024-05-06,HLTH01,463.72
2024-05-07,HLTH01,458.89
2024-05-08,HLTH01,474.95
2024-05-09,HLTH01,472.12
2024-05-10,HLTH01,473.39
2024-05-13,HLTH01,469.38
2024-05-14,HLTH01,483.48
2024-05-15,HLTH01,482.71
2024-05-16,HLTH01,484.15
2024-05-17,HLTH01,494.79
2024-05-20,HLTH01,500.15
2024-05-21,HLTH01,499.81
2024-05-22,HLTH01,509.95
2024-05-23,HLTH01,533.4
2024-05-24,HLTH01,536.61
2024-05-27,HLTH01,537.9
2024-05-28,HLTH01,539.71
2024-05-29,HLTH01,552.61
2024-05-30,HLTH01,546.81
2024-05-31,HLTH01,544.24
2024-06-03,HLTH01,529.34
2024-06-04,HLTH01,518.22
2024-06-05,HLTH01,513.54
2024-06-06,HLTH01,513.18
2024-06-07,HLTH01,529.67
2024-06-10,HLTH01,534.94
2024-06-11,HLTH01,526.32
2024-06-12,HLTH01,519.58
2024-06-13,HLTH01,532.6
2024-06-14,HLTH01,543.56
2024-06-17,HLTH01,544.0
2024-06-18,HLTH01,539.83
2024-06-19,HLTH01,550.92
2024-06-20,HLTH01,541.23
2024-06-21,HLTH01,545.21
2024-06-24,HLTH01,567.68
2024-06-25,HLTH01,569.95
2024-06-26,HLTH01,562.16
2024-06-27,HLTH01,566.49
2024-06-28,HLTH01,561.86
2024-07-01,HLTH01,547.93
2024-07-02,HLTH01,555.01
2024-07-03,HLTH01,566.34
2024-07-04,HLTH01,563.34
2024-07-05,HLTH01,559.69
2024-07-08,HLTH01,550.17
2024-07-09,HLTH01,548.85
2024-07-10,HLTH01,543.46
2024-07-11,HLTH01,533.73
2024-07-12,HLTH01,552.07
2024-07-15,HLTH01,556.87
2024-07-16,HLTH01,562.78
2024-07-17,HLTH01,571.89
2024-07-18,HLTH01,580.0
2024-07-19,HLTH01,575.86
2024-07-22,HLTH01,578.86
2024-07-23,HLTH01,576.23
2024-07-24,HLTH01,580.95
2024-07-25,HLTH01,584.7
2024-07-26,HLTH01,580.85
2024-07-29,HLTH01,567.12
2024-07-30,HLTH01,568.79
2024-07-31,HLTH01,566.87
2024-08-01,HLTH01,547.75
2024-08-02,HLTH01,552.92
2024-08-05,HLTH01,562.69
2024-08-06,HLTH01,588.47
2024-08-07,HLTH01,584.5
2024-08-08,HLTH01,579.01
2024-08-09,HLTH01,567.62
2024-08-12,HLTH01,569.92
2024-08-13,HLTH01,572.17
2024-08-14,HLTH01,563.98
2024-08-15,HLTH01,562.38
2024-08-16,HLTH01,542.52
2024-08-19,HLTH01,551.73
2024-08-20,HLTH01,544.24
2024-08-21,HLTH01,544.06
2024-08-22,HLTH01,530.25
2024-08-23,HLTH01,524.85
2024-08-26,HLTH01,522.37
2024-08-27,HLTH01,522.42
2024-08-28,HLTH01,527.09
2024-08-29,HLTH01,540.9
2024-08-30,HLTH01,548.2
2024-09-02,HLTH01,557.85
2024-09-03,HLTH01,572.54
2024-09-04,HLTH01,578.58
2024-09-05,HLTH01,578.38
2024-09-06,HLTH01,589.06
2024-09-09,HLTH01,600.61
2024-09-10,HLTH01,607.8
2024-09-11,HLTH01,592.07
2024-09-12,HLTH01,583.28
2024-09-13,HLTH01,580.57
2024-09-16,HLTH01,588.89
2024-09-17,HLTH01,588.84
2024-09-18,HLTH01,601.07
2024-09-19,HLTH01,615.48
2024-09-20,HLTH01,628.95
2024-09-23,HLTH01,642.78
2024-09-24,HLTH01,630.98
2024-09-25,HLTH01,636.65
2024-09-26,HLTH01,629.88
2024-09-27,HLTH01,611.37
2024-09-30,HLTH01,608.39
2024-10-01,HLTH01,623.08
2024-10-02,HLTH01,628.43
2024-10-03,HLTH01,651.45
2024-10-04,HLTH01,653.72
2024-10-07,HLTH01,682.72
2024-10-08,HLTH01,685.11
2024-10-09,HLTH01,685.59
2024-10-10,HLTH01,670.01
2024-10-11,HLTH01,683.6
2024-10-14,HLTH01,677.63
2024-10-15,HLTH01,669.94
2024-10-16,HLTH01,685.59
2024-10-17,HLTH01,700.09
2024-10-18,HLTH01,714.56
2024-10-21,HLTH01,710.12
2024-10-22,HLTH01,709.68
2024-10-23,HLTH01,709.13
2024-10-24,HLTH01,719.33
2024-10-25,HLTH01,739.66
2024-10-28,HLTH01,744.79
2024-10-29,HLTH01,771.49
2024-10-30,HLTH01,784.18
2024-10-31,HLTH01,781.1
2024-11-01,HLTH01,792.98
2024-11-04,HLTH01,817.57
2024-11-05,HLTH01,847.22
2024-11-06,HLTH01,865.58
2024-11-07,HLTH01,866.24
2024-11-08,HLTH01,863.12
2024-11-11,HLTH01,872.33
2024-11-12,HLTH01,898.87
2024-11-13,HLTH01,906.16
2024-11-14,HLTH01,913.85
2024-11-15,HLTH01,914.97
2024-11-18,HLTH01,909.84
2024-11-19,HLTH01,907.46
2024-11-20,HLTH01,909.94
2024-11-21,HLTH01,938.36
2024-11-22,HLTH01,934.59
2024-11-25,HLTH01,935.75
2024-11-26,HLTH01,921.46
2024-11-27,HLTH01,933.62
2024-11-28,HLTH01,956.87
2024-11-29,HLTH01,985.14
2024-12-02,HLTH01,989.04
2024-12-03,HLTH01,999.56
2024-12-04,HLTH01,997.1
2024-12-05,HLTH01,1006.87
2024-12-06,HLTH01,1012.86
2024-12-09,HLTH01,1014.23
2024-12-10,HLTH01,1017.05
2024-12-11,HLTH01,1025.63
2024-12-12,HLTH01,1020.51
2024-12-13,HLTH01,1016.36
2024-12-16,HLTH01,1047.9
2024-12-17,HLTH01,1099.34
2024-12-18,HLTH01,1075.84
2024-12-19,HLTH01,1051.77
2024-12-20,HLTH01,1033.96
2024-12-23,HLTH01,1032.35
2024-12-24,HLTH01,1049.31
2024-12-25,HLTH01,1060.79
2024-12-26,HLTH01,1064.39
2024-12-27,HLTH01,1074.85
2024-12-30,HLTH01,1061.78
2024-12-31,HLTH01,1057.43
2025-01-01,HLTH01,1057.37
2025-01-02,HLTH01,1027.53
2025-01-03,HLTH01,1006.36
2025-01-06,HLTH01,986.35
2025-01-07,HLTH01,1000.21
2025-01-08,HLTH01,1004.93
2025-01-09,HLTH01,1016.28
2025-01-10,HLTH01,982.93
2025-01-13,HLTH01,956.98
2025-01-14,HLTH01,968.69
2025-01-15,HLTH01,920.53
2025-01-16,HLTH01,941.1
2025-01-17,HLTH01,910.49
2025-01-20,HLTH01,924.59
2025-01-21,HLTH01,910.08
2025-01-22,HLTH01,927.53
2025-01-23,HLTH01,981.37
2025-01-24,HLTH01,941.51
2025-01-27,HLTH01,953.58
2025-01-28,HLTH01,922.83
2025-01-29,HLTH01,930.2
2025-01-30,HLTH01,927.01
2025-01-31,HLTH01,929.46
2025-02-03,HLTH01,914.48
2025-02-04,HLTH01,927.61
2025-02-05,HLTH01,903.7
2025-02-06,HLTH01,924.17
2025-02-07,HLTH01,917.64
2025-02-10,HLTH01,894.74
2025-02-11,HLTH01,920.7
2025-02-12,HLTH01,919.86
2025-02-13,HLTH01,951.72
2025-02-14,HLTH01,972.93
2025-02-17,HLTH01,959.24
2025-02-18,HLTH01,958.06
2025-02-19,HLTH01,960.44
2025-02-20,HLTH01,987.11
2025-02-21,HLTH01,995.18
2025-02-24,HLTH01,998.64
2025-02-25,HLTH01,995.35
2025-02-26,HLTH01,994.74
2025-02-27,HLTH01,1018.4
2025-02-28,HLTH01,1018.77
2025-03-03,HLTH01,1011.83
2025-03-04,HLTH01,1001.86
2025-03-05,HLTH01,992.17
2025-03-06,HLTH01,967.43
2025-03-07,HLTH01,954.65
2025-03-10,HLTH01,980.69
2025-03-11,HLTH01,977.33
2025-03-12,HLTH01,990.02
2025-03-13,HLTH01,946.14
2025-03-14,HLTH01,956.11
2025-03-17,HLTH01,953.62
2025-03-18,HLTH01,945.64
2025-03-19,HLTH01,949.0
2025-03-20,HLTH01,940.82
2025-03-21,HLTH01,905.13
2025-03-24,HLTH01,920.43
2025-03-25,HLTH01,924.73
2025-03-26,HLTH01,919.78
2025-03-27,HLTH01,904.06
2025-03-28,HLTH01,880.41
2025-03-31,HLTH01,884.23
2025-04-01,HLTH01,910.17
2025-04-02,HLTH01,913.77
2025-04-03,HLTH01,891.3
2025-04-04,HLTH01,895.18
2025-04-07,HLTH01,894.59
2025-04-08,HLTH01,908.77
2025-04-09,HLTH01,918.97
2025-04-10,HLTH01,869.86
2025-04-11,HLTH01,878.66
2025-04-14,HLTH01,863.05
2025-04-15,HLTH01,841.22
2025-04-16,HLTH01,838.62
2025-04-17,HLTH01,845.07
2025-04-18,HLTH01,820.37
2025-04-21,HLTH01,831.02
2025-04-22,HLTH01,842.69
2025-04-23,HLTH01,843.65
2025-04-24,HLTH01,830.73
2025-04-25,HLTH01,816.34
2025-04-28,HLTH01,831.66
2025-04-29,HLTH01,809.28
2025-04-30,HLTH01,825.03
2025-05-01,HLTH01,822.83
2025-05-02,HLTH01,821.65
2025-05-05,HLTH01,796.64
2025-05-06,HLTH01,794.77
2025-05-07,HLTH01,803.79
2025-05-08,HLTH01,784.69
2025-05-09,HLTH01,791.97
2025-05-12,HLTH01,793.48
2025-05-13,HLTH01,784.52
2025-05-14,HLTH01,796.83
2025-05-15,HLTH01,765.48
2025-05-16,HLTH01,770.49
2025-05-19,HLTH01,793.18
2025-05-20,HLTH01,813.97
2025-05-21,HLTH01,819.93
2025-05-22,HLTH01,815.72
2025-05-23,HLTH01,806.63
2025-05-26,HLTH01,802.47
2025-05-27,HLTH01,810.57
2025-05-28,HLTH01,799.04
2025-05-29,HLTH01,810.17
2025-05-30,HLTH01,841.52
2025-06-02,HLTH01,840.84
2025-06-03,HLTH01,820.74
2025-06-04,HLTH01,801.12
2025-06-05,HLTH01,812.56
2025-06-06,HLTH01,811.93
2025-06-09,HLTH01,824.99
2025-06-10,HLTH01,817.31
2025-06-11,HLTH01,829.77
2025-06-12,HLTH01,827.66
2025-06-13,HLTH01,817.0
2025-06-16,HLTH01,811.34
2025-06-17,HLTH01,794.1
2025-06-18,HLTH01,822.78
2025-06-19,HLTH01,821.6
2025-06-20,HLTH01,831.38
2025-06-23,HLTH01,823.59
2025-06-24,HLTH01,808.24
2025-06-25,HLTH01,805.08
2025-06-26,HLTH01,821.28
2025-06-27,HLTH01,813.83
2025-06-30,HLTH01,801.32
2025-07-01,HLTH01,803.81
2025-07-02,HLTH01,811.27
2025-07-03,HLTH01,835.5
2025-07-04,HLTH01,841.07
2025-07-07,HLTH01,851.07
2025-07-08,HLTH01,862.35
2025-07-09,HLTH01,844.71
2025-07-10,HLTH01,830.32
2025-07-11,HLTH01,814.36
2025-07-14,HLTH01,795.08
2025-07-15,HLTH01,806.7
2025-07-16,HLTH01,811.16
2025-07-17,HLTH01,812.56
2025-07-18,HLTH01,774.88
2025-07-21,HLTH01,803.79
2025-07-22,HLTH01,791.09
2025-07-23,HLTH01,820.54
2025-07-24,HLTH01,799.38
2025-07-25,HLTH01,787.93
2025-07-28,HLTH01,756.93
2025-07-29,HLTH01,762.09
2025-07-30,HLTH01,747.21
2025-07-31,HLTH01,733.0
2025-08-01,HLTH01,715.12
2025-08-04,HLTH01,725.34
2025-08-05,HLTH01,734.84
2025-08-06,HLTH01,759.03
2025-08-07,HLTH01,749.89
2025-08-08,HLTH01,753.07
2025-08-11,HLTH01,735.82
2025-08-12,HLTH01,731.6
2025-08-13,HLTH01,724.99
2025-08-14,HLTH01,731.27
2025-08-15,HLTH01,744.87
2025-08-18,HLTH01,758.38
2025-08-19,HLTH01,747.11
2025-08-20,HLTH01,760.76
2025-08-21,HLTH01,760.38
2025-08-22,HLTH01,756.17
2025-08-25,HLTH01,746.75
2025-08-26,HLTH01,739.45
2025-08-27,HLTH01,762.86
2025-08-28,HLTH01,767.31
2025-08-29,HLTH01,769.95
2025-09-01,HLTH01,766.55
2025-09-02,HLTH01,800.53
2025-09-03,HLTH01,819.57
2025-09-04,HLTH01,809.18
2025-09-05,HLTH01,805.44
2025-09-08,HLTH01,802.57
2025-09-09,HLTH01,804.92
2025-09-10,HLTH01,795.0
2025-09-11,HLTH01,801.52
2025-09-12,HLTH01,822.71
2025-09-15,HLTH01,803.51
2025-09-16,HLTH01,787.43
2025-09-17,HLTH01,780.82
2025-09-18,HLTH01,774.91
2025-09-19,HLTH01,803.02
2025-09-22,HLTH01,817.74
2025-09-23,HLTH01,831.89
2025-09-24,HLTH01,828.18
2025-09-25,HLTH01,824.16
2025-09-26,HLTH01,802.87
2025-09-29,HLTH01,814.41
2025-09-30,HLTH01,821.85
2025-10-01,HLTH01,841.12
2025-10-02,HLTH01,838.18
2025-10-03,HLTH01,836.29
2025-10-06,HLTH01,839.1
2025-10-07,HLTH01,852.83
2025-10-08,HLTH01,830.51
2025-10-09,HLTH01,841.77
2025-10-10,HLTH01,841.71
2025-10-13,HLTH01,825.92
2025-10-14,HLTH01,795.18
2025-10-15,HLTH01,793.46
2025-10-16,HLTH01,814.38
2025-10-17,HLTH01,839.17
2025-10-20,HLTH01,844.79
2025-10-21,HLTH01,874.88
2025-10-22,HLTH01,874.47
2025-10-23,HLTH01,889.73
2025-10-24,HLTH01,882.77
2025-10-27,HLTH01,874.86
2025-10-28,HLTH01,864.46
2025-10-29,HLTH01,832.65
2025-10-30,HLTH01,852.19
2025-10-31,HLTH01,842.61
2025-11-03,HLTH01,830.7
2025-11-04,HLTH01,813.31
2025-11-05,HLTH01,810.56
2025-11-06,HLTH01,836.53
2025-11-07,HLTH01,868.31
2025-11-10,HLTH01,842.61
2025-11-11,HLTH01,837.49
2025-11-12,HLTH01,822.15
2025-11-13,HLTH01,837.02
2025-11-14,HLTH01,841.59
2025-11-17,HLTH01,832.2
2025-11-18,HLTH01,833.54
2025-11-19,HLTH01,826.62
2025-11-20,HLTH01,850.89
2025-11-21,HLTH01,859.52
2025-11-24,HLTH01,870.14
2025-11-25,HLTH01,828.64
2025-11-26,HLTH01,827.89
2025-11-27,HLTH01,859.18
2025-11-28,HLTH01,879.95
2025-12-01,HLTH01,850.95
2025-12-02,HLTH01,846.41
2025-12-03,HLTH01,828.36
2025-12-04,HLTH01,854.12
2025-12-05,HLTH01,858.13
2025-12-08,HLTH01,846.53
2025-12-09,HLTH01,847.3
2025-12-10,HLTH01,807.79
2025-12-11,HLTH01,792.26
2025-12-12,HLTH01,793.02
2025-12-15,HLTH01,805.32
2025-12-16,HLTH01,777.43
2025-12-17,HLTH01,772.32
2025-12-18,HLTH01,786.59
2025-12-19,HLTH01,766.28
2025-12-22,HLTH01,769.67
2025-12-23,HLTH01,770.81
2025-12-24,HLTH01,794.83
2025-12-25,HLTH01,791.78
2025-12-26,HLTH01,789.57
2025-12-29,HLTH01,801.96
2025-12-30,HLTH01,783.05
2025-12-31,HLTH01,780.17
2026-01-01,HLTH01,774.01
2026-01-02,HLTH01,772.3
2026-01-05,HLTH01,784.33
2026-01-06,HLTH01,792.39
2026-01-07,HLTH01,781.95
2026-01-08,HLTH01,784.11
2026-01-09,HLTH01,805.38
2026-01-12,HLTH01,793.57
2026-01-13,HLTH01,795.88
2026-01-14,HLTH01,793.35
2026-01-15,HLTH01,792.69
2026-01-16,HLTH01,769.66
2026-01-19,HLTH01,789.44
2026-01-20,HLTH01,778.67
2026-01-21,HLTH01,793.28
2026-01-22,HLTH01,784.65
2026-01-23,HLTH01,776.05
2026-01-26,HLTH01,793.23
2026-01-27,HLTH01,807.66
2026-01-28,HLTH01,810.93
2026-01-29,HLTH01,822.29
2026-01-30,HLTH01,818.26
2026-02-02,HLTH01,818.39
2026-02-03,HLTH01,808.88
2026-02-04,HLTH01,822.29
2026-02-05,HLTH01,812.27
2026-02-06,HLTH01,834.23
2026-02-09,HLTH01,829.74
2026-02-10,HLTH01,830.29
2026-02-11,HLTH01,841.88
2026-02-12,HLTH01,842.5
2026-02-13,HLTH01,838.23
2026-02-16,HLTH01,838.03
2026-02-17,HLTH01,851.77
2026-02-18,HLTH01,841.86
2026-02-19,HLTH01,840.2
2026-02-20,HLTH01,840.61
2026-02-23,HLTH01,853.94
2026-02-24,HLTH01,852.66
2026-02-25,HLTH01,880.67
2026-02-26,HLTH01,
2026-02-27,HLTH01,874.96
2026-03-02,HLTH01,872.53
2024-01-01,HLTH02,295.07
2024-01-02,HLTH02,292.34
2024-01-03,HLTH02,298.41
2024-01-04,HLTH02,298.32
2024-01-05,HLTH02,295.8
2024-01-08,HLTH02,302.42
2024-01-09,HLTH02,310.96
2024-01-10,HLTH02,318.08
2024-01-11,HLTH02,313.29
2024-01-12,HLTH02,310.59
2024-01-15,HLTH02,320.82
2024-01-16,HLTH02,322.31
2024-01-17,HLTH02,320.86
2024-01-18,HLTH02,325.1
2024-01-19,HLTH02,331.09
2024-01-22,HLTH02,327.79
2024-01-23,HLTH02,329.18
2024-01-24,HLTH02,334.77
2024-01-25,HLTH02,327.88
2024-01-26,HLTH02,328.05
2024-01-29,HLTH02,321.57
2024-01-30,HLTH02,315.97
2024-01-31,HLTH02,312.86
2024-02-01,HLTH02,315.64
2024-02-02,HLTH02,313.91
2024-02-05,HLTH02,310.34
2024-02-06,HLTH02,310.72
2024-02-07,HLTH02,304.4
2024-02-08,HLTH02,306.84
2024-02-09,HLTH02,313.18
2024-02-12,HLTH02,312.83
2024-02-13,HLTH02,311.78
2024-02-14,HLTH02,313.97
2024-02-15,HLTH02,302.6
2024-02-16,HLTH02,305.61
2024-02-19,HLTH02,322.77
2024-02-20,HLTH02,322.15
2024-02-21,HLTH02,321.56
2024-02-22,HLTH02,325.96
2024-02-23,HLTH02,335.71
2024-02-26,HLTH02,341.7
2024-02-27,HLTH02,328.55
2024-02-28,HLTH02,331.98
2024-02-29,HLTH02,347.45
2024-03-01,HLTH02,351.44
2024-03-04,HLTH02,344.25
2024-03-05,HLTH02,346.1
2024-03-06,HLTH02,338.22
2024-03-07,HLTH02,345.83
2024-03-08,HLTH02,339.98
2024-03-11,HLTH02,340.54
2024-03-12,HLTH02,335.38
2024-03-13,HLTH02,332.18
2024-03-14,HLTH02,341.17
2024-03-15,HLTH02,341.91
2024-03-18,HLTH02,338.57
2024-03-19,HLTH02,331.69
2024-03-20,HLTH02,320.61
2024-03-21,HLTH02,313.49
2024-03-22,HLTH02,314.22
2024-03-25,HLTH02,319.85
2024-03-26,HLTH02,316.72
2024-03-27,HLTH02,325.77
2024-03-28,HLTH02,321.66
2024-03-29,HLTH02,320.38
2024-04-01,HLTH02,314.25
2024-04-02,HLTH02,319.95
2024-04-03,HLTH02,332.13
2024-04-04,HLTH02,321.69
2024-04-05,HLTH02,319.79
2024-04-08,HLTH02,327.16
2024-04-09,HLTH02,318.74
2024-04-10,HLTH02,322.09
2024-04-11,HLTH02,329.26
2024-04-12,HLTH02,329.83
2024-04-15,HLTH02,333.19
2024-04-16,HLTH02,343.85
2024-04-17,HLTH02,356.02
2024-04-18,HLTH02,355.72
2024-04-19,HLTH02,352.42
2024-04-22,HLTH02,346.69
2024-04-23,HLTH02,352.89
2024-04-24,HLTH02,344.29
2024-04-25,HLTH02,342.82
2024-04-26,HLTH02,343.56
2024-04-29,HLTH02,340.55
2024-04-30,HLTH02,342.37
2024-05-01,HLTH02,358.28
2024-05-02,HLTH02,357.6
2024-05-03,HLTH02,354.9
2024-05-06,HLTH02,361.5
2024-05-07,HLTH02,363.16
2024-05-08,HLTH02,372.68
2024-05-09,HLTH02,373.9
2024-05-10,HLTH02,372.34
2024-05-13,HLTH02,360.5
2024-05-14,HLTH02,350.09
2024-05-15,HLTH02,338.63
2024-05-16,HLTH02,341.05
2024-05-17,HLTH02,332.78
2024-05-20,HLTH02,340.41
2024-05-21,HLTH02,340.69
2024-05-22,HLTH02,339.3
2024-05-23,HLTH02,334.25
2024-05-24,HLTH02,338.09
2024-05-27,HLTH02,333.3
2024-05-28,HLTH02,327.48
2024-05-29,HLTH02,334.59
2024-05-30,HLTH02,336.82
2024-05-31,HLTH02,335.5
2024-06-03,HLTH02,339.47
2024-06-04,HLTH02,339.63
2024-06-05,HLTH02,342.07
2024-06-06,HLTH02,337.15
2024-06-07,HLTH02,349.81
2024-06-10,HLTH02,346.27
2024-06-11,HLTH02,356.07
2024-06-12,HLTH02,354.97
2024-06-13,HLTH02,360.23
2024-06-14,HLTH02,365.1
2024-06-17,HLTH02,372.75
2024-06-18,HLTH02,367.22
2024-06-19,HLTH02,374.44
2024-06-20,HLTH02,386.99
2024-06-21,HLTH02,385.31
2024-06-24,HLTH02,385.66
2024-06-25,HLTH02,382.15
2024-06-26,HLTH02,379.88
2024-06-27,HLTH02,391.69
2024-06-28,HLTH02,384.73
2024-07-01,HLTH02,378.32
2024-07-02,HLTH02,389.41
2024-07-03,HLTH02,393.9
2024-07-04,HLTH02,409.05
2024-07-05,HLTH02,405.86
2024-07-08,HLTH02,406.9
2024-07-09,HLTH02,402.19
2024-07-10,HLTH02,403.34
2024-07-11,HLTH02,390.59
2024-07-12,HLTH02,395.52
2024-07-15,HLTH02,397.94
2024-07-16,HLTH02,397.65
2024-07-17,HLTH02,394.97
2024-07-18,HLTH02,388.73
2024-07-19,HLTH02,393.94
2024-07-22,HLTH02,385.75
2024-07-23,HLTH02,389.42
2024-07-24,HLTH02,404.08
2024-07-25,HLTH02,415.01
2024-07-26,HLTH02,403.89
2024-07-29,HLTH02,400.11
2024-07-30,HLTH02,403.26
2024-07-31,HLTH02,402.87
2024-08-01,HLTH02,392.84
2024-08-02,HLTH02,395.69
2024-08-05,HLTH02,395.73
2024-08-06,HLTH02,409.49
2024-08-07,HLTH02,407.75
2024-08-08,HLTH02,416.44
2024-08-09,HLTH02,407.07
2024-08-12,HLTH02,399.66
2024-08-13,HLTH02,404.97
2024-08-14,HLTH02,412.99
2024-08-15,HLTH02,406.0
2024-08-16,HLTH02,406.29
2024-08-19,HLTH02,396.31
2024-08-20,HLTH02,395.14
2024-08-21,HLTH02,401.21
2024-08-22,HLTH02,398.19
2024-08-23,HLTH02,396.52
2024-08-26,HLTH02,388.58
2024-08-27,HLTH02,384.16
2024-08-28,HLTH02,396.43
2024-08-29,HLTH02,397.07
2024-08-30,HLTH02,390.03
2024-09-02,HLTH02,387.93
2024-09-03,HLTH02,376.9
2024-09-04,HLTH02,370.13
2024-09-05,HLTH02,379.3
2024-09-06,HLTH02,378.44
2024-09-09,HLTH02,391.44
2024-09-10,HLTH02,390.88
2024-09-11,HLTH02,390.75
2024-09-12,HLTH02,395.37
2024-09-13,HLTH02,376.47
2024-09-16,HLTH02,377.97
2024-09-17,HLTH02,377.75
2024-09-18,HLTH02,387.97
2024-09-19,HLTH02,394.82
2024-09-20,HLTH02,386.88
2024-09-23,HLTH02,395.65
2024-09-24,HLTH02,393.9
2024-09-25,HLTH02,387.61
2024-09-26,HLTH02,389.1
2024-09-27,HLTH02,387.8
2024-09-30,HLTH02,398.65
2024-10-01,HLTH02,401.21
2024-10-02,HLTH02,402.82
2024-10-03,HLTH02,409.47
2024-10-04,HLTH02,417.65
2024-10-07,HLTH02,423.67
2024-10-08,HLTH02,434.62
2024-10-09,HLTH02,439.51
2024-10-10,HLTH02,440.97
2024-10-11,HLTH02,450.94
2024-10-14,HLTH02,450.33
2024-10-15,HLTH02,450.74
2024-10-16,HLTH02,464.84
2024-10-17,HLTH02,478.55
2024-10-18,HLTH02,478.62
2024-10-21,HLTH02,474.86
2024-10-22,HLTH02,487.51
2024-10-23,HLTH02,494.68
2024-10-24,HLTH02,497.64
2024-10-25,HLTH02,494.9
2024-10-28,HLTH02,498.01
2024-10-29,HLTH02,497.96
2024-10-30,HLTH02,492.16
2024-10-31,HLTH02,493.45
2024-11-01,HLTH02,495.95
2024-11-04,HLTH02,492.75
2024-11-05,HLTH02,500.91
2024-11-06,HLTH02,512.69
2024-11-07,HLTH02,521.79
2024-11-08,HLTH02,519.35
2024-11-11,HLTH02,526.57
2024-11-12,HLTH02,527.47
2024-11-13,HLTH02,515.9
2024-11-14,HLTH02,522.3
2024-11-15,HLTH02,523.83
2024-11-18,HLTH02,548.44
2024-11-19,HLTH02,562.99
2024-11-20,HLTH02,570.37
2024-11-21,HLTH02,573.09
2024-11-22,HLTH02,574.96
2024-11-25,HLTH02,564.74
2024-11-26,HLTH02,547.23
2024-11-27,HLTH02,538.8
2024-11-28,HLTH02,538.5
2024-11-29,HLTH02,518.25
2024-12-02,HLTH02,513.33
2024-12-03,HLTH02,511.2
2024-12-04,HLTH02,509.37
2024-12-05,HLTH02,503.45
2024-12-06,HLTH02,500.51
2024-12-09,HLTH02,516.19
2024-12-10,HLTH02,522.5
2024-12-11,HLTH02,517.39
2024-12-12,HLTH02,516.9
2024-12-13,HLTH02,516.8
2024-12-16,HLTH02,509.81
2024-12-17,HLTH02,502.9
2024-12-18,HLTH02,512.2
2024-12-19,HLTH02,508.48
2024-12-20,HLTH02,498.62
2024-12-23,HLTH02,498.38
2024-12-24,HLTH02,499.59
2024-12-25,HLTH02,482.0
2024-12-26,HLTH02,481.79
2024-12-27,HLTH02,489.46
2024-12-30,HLTH02,493.58
2024-12-31,HLTH02,513.54
2025-01-01,HLTH02,525.26
2025-01-02,HLTH02,539.12
2025-01-03,HLTH02,566.45
2025-01-06,HLTH02,574.35
2025-01-07,HLTH02,576.21
2025-01-08,HLTH02,586.48
2025-01-09,HLTH02,580.75
2025-01-10,HLTH02,582.05
2025-01-13,HLTH02,575.44
2025-01-14,HLTH02,579.74
2025-01-15,HLTH02,573.11
2025-01-16,HLTH02,566.19
2025-01-17,HLTH02,570.58
2025-01-20,HLTH02,569.33
2025-01-21,HLTH02,549.75
2025-01-22,HLTH02,535.51
2025-01-23,HLTH02,524.62
2025-01-24,HLTH02,516.44
2025-01-27,HLTH02,520.44
2025-01-28,HLTH02,522.65
2025-01-29,HLTH02,532.83
2025-01-30,HLTH02,540.21
2025-01-31,HLTH02,550.79
2025-02-03,HLTH02,556.99
2025-02-04,HLTH02,559.26
2025-02-05,HLTH02,570.49
2025-02-06,HLTH02,580.11
2025-02-07,HLTH02,584.21
2025-02-10,HLTH02,597.75
2025-02-11,HLTH02,572.69
2025-02-12,HLTH02,569.87
2025-02-13,HLTH02,566.9
2025-02-14,HLTH02,578.83
2025-02-17,HLTH02,595.38
2025-02-18,HLTH02,580.02
2025-02-19,HLTH02,594.92
2025-02-20,HLTH02,582.56
2025-02-21,HLTH02,570.77
2025-02-24,HLTH02,568.53
2025-02-25,HLTH02,565.44
2025-02-26,HLTH02,549.75
2025-02-27,HLTH02,556.35
2025-02-28,HLTH02,563.32
2025-03-03,HLTH02,574.18
2025-03-04,HLTH02,569.87
2025-03-05,HLTH02,569.63
2025-03-06,HLTH02,569.49
2025-03-07,HLTH02,586.97
2025-03-10,HLTH02,557.2
2025-03-11,HLTH02,547.77
2025-03-12,HLTH02,547.99
2025-03-13,HLTH02,537.44
2025-03-14,HLTH02,535.1
2025-03-17,HLTH02,534.05
2025-03-18,HLTH02,527.89
2025-03-19,HLTH02,528.66
2025-03-20,HLTH02,534.8
2025-03-21,HLTH02,532.68
2025-03-24,HLTH02,528.5
2025-03-25,HLTH02,527.08
2025-03-26,HLTH02,527.16
2025-03-27,HLTH02,510.81
2025-03-28,HLTH02,515.21
2025-03-31,HLTH02,511.18
2025-04-01,HLTH02,522.94
2025-04-02,HLTH02,528.66
2025-04-03,HLTH02,539.95
2025-04-04,HLTH02,530.29
2025-04-07,HLTH02,526.9
2025-04-08,HLTH02,515.28
2025-04-09,HLTH02,508.89
2025-04-10,HLTH02,520.51
2025-04-11,HLTH02,534.61
2025-04-14,HLTH02,523.72
2025-04-15,HLTH02,519.55
2025-04-16,HLTH02,519.0
2025-04-17,HLTH02,524.62
2025-04-18,HLTH02,508.16
2025-04-21,HLTH02,493.65
2025-04-22,HLTH02,498.15
2025-04-23,HLTH02,480.82
2025-04-24,HLTH02,477.1
2025-04-25,HLTH02,478.64
2025-04-28,HLTH02,482.36
2025-04-29,HLTH02,481.28
2025-04-30,HLTH02,478.25
2025-05-01,HLTH02,485.67
2025-05-02,HLTH02,488.31
2025-05-05,HLTH02,482.76
2025-05-06,HLTH02,483.24
2025-05-07,HLTH02,486.72
2025-05-08,HLTH02,501.91
2025-05-09,HLTH02,509.17
2025-05-12,HLTH02,520.45
2025-05-13,HLTH02,514.89
2025-05-14,HLTH02,510.19
2025-05-15,HLTH02,508.18
2025-05-16,HLTH02,507.02
2025-05-19,HLTH02,497.97
2025-05-20,HLTH02,509.47
2025-05-21,HLTH02,517.72
2025-05-22,HLTH02,515.03
2025-05-23,HLTH02,521.13
2025-05-26,HLTH02,523.38
2025-05-27,HLTH02,530.31
2025-05-28,HLTH02,517.64
2025-05-29,HLTH02,516.44
2025-05-30,HLTH02,516.05
2025-06-02,HLTH02,522.0
2025-06-03,HLTH02,516.25
2025-06-04,HLTH02,493.18
2025-06-05,HLTH02,483.72
2025-06-06,HLTH02,483.34
2025-06-09,HLTH02,484.04
2025-06-10,HLTH02,498.85
2025-06-11,HLTH02,504.24
2025-06-12,HLTH02,505.13
2025-06-13,HLTH02,504.98
2025-06-16,HLTH02,515.17
2025-06-17,HLTH02,509.85
2025-06-18,HLTH02,508.72
2025-06-19,HLTH02,498.9
2025-06-20,HLTH02,511.79
2025-06-23,HLTH02,515.56
2025-06-24,HLTH02,509.15
2025-06-25,HLTH02,508.25
2025-06-26,HLTH02,513.07
2025-06-27,HLTH02,510.91
2025-06-30,HLTH02,506.14
2025-07-01,HLTH02,500.33
2025-07-02,HLTH02,503.54
2025-07-03,HLTH02,500.44
2025-07-04,HLTH02,496.51
2025-07-07,HLTH02,484.71
2025-07-08,HLTH02,485.54
2025-07-09,HLTH02,484.1
2025-07-10,HLTH02,481.44
2025-07-11,HLTH02,483.31
2025-07-14,HLTH02,489.96
2025-07-15,HLTH02,496.3
2025-07-16,HLTH02,501.38
2025-07-17,HLTH02,499.36
2025-07-18,HLTH02,494.41
2025-07-21,HLTH02,485.27
2025-07-22,HLTH02,480.24
2025-07-23,HLTH02,480.55
2025-07-24,HLTH02,473.89
2025-07-25,HLTH02,474.85
2025-07-28,HLTH02,466.74
2025-07-29,HLTH02,452.93
2025-07-30,HLTH02,459.75
2025-07-31,HLTH02,455.96
2025-08-01,HLTH02,449.23
2025-08-04,HLTH02,440.52
2025-08-05,HLTH02,444.0
2025-08-06,HLTH02,455.12
2025-08-07,HLTH02,451.96
2025-08-08,HLTH02,450.34
2025-08-11,HLTH02,459.16
2025-08-12,HLTH02,444.34
2025-08-13,HLTH02,460.2
2025-08-14,HLTH02,480.58
2025-08-15,HLTH02,457.32
2025-08-18,HLTH02,456.65
2025-08-19,HLTH02,450.88
2025-08-20,HLTH02,448.87
2025-08-21,HLTH02,445.62
2025-08-22,HLTH02,452.27
2025-08-25,HLTH02,451.48
2025-08-26,HLTH02,444.22
2025-08-27,HLTH02,442.97
2025-08-28,HLTH02,447.21
2025-08-29,HLTH02,437.82
2025-09-01,HLTH02,424.97
2025-09-02,HLTH02,440.35
2025-09-03,HLTH02,435.39
2025-09-04,HLTH02,434.44
2025-09-05,HLTH02,431.46
2025-09-08,HLTH02,435.85
2025-09-09,HLTH02,449.88
2025-09-10,HLTH02,454.72
2025-09-11,HLTH02,442.42
2025-09-12,HLTH02,431.53
2025-09-15,HLTH02,428.56
2025-09-16,HLTH02,426.62
2025-09-17,HLTH02,413.53
2025-09-18,HLTH02,419.75
2025-09-19,HLTH02,411.67
2025-09-22,HLTH02,422.86
2025-09-23,HLTH02,436.84
2025-09-24,HLTH02,435.02
2025-09-25,HLTH02,438.59
2025-09-26,HLTH02,429.0
2025-09-29,HLTH02,433.94
2025-09-30,HLTH02,430.18
2025-10-01,HLTH02,421.89
2025-10-02,HLTH02,419.82
2025-10-03,HLTH02,416.43
2025-10-06,HLTH02,414.11
2025-10-07,HLTH02,421.32
2025-10-08,HLTH02,415.49
2025-10-09,HLTH02,428.59
2025-10-10,HLTH02,418.49
2025-10-13,HLTH02,430.79
2025-10-14,HLTH02,423.04
2025-10-15,HLTH02,423.15
2025-10-16,HLTH02,419.55
2025-10-17,HLTH02,417.08
2025-10-20,HLTH02,423.22
2025-10-21,HLTH02,434.77
2025-10-22,HLTH02,444.22
2025-10-23,HLTH02,441.12
2025-10-24,HLTH02,442.71
2025-10-27,HLTH02,436.61
2025-10-28,HLTH02,428.95
2025-10-29,HLTH02,420.23
2025-10-30,HLTH02,417.04
2025-10-31,HLTH02,419.04
2025-11-03,HLTH02,404.75
2025-11-04,HLTH02,404.53
2025-11-05,HLTH02,415.69
2025-11-06,HLTH02,424.21
2025-11-07,HLTH02,419.87
2025-11-10,HLTH02,409.44
2025-11-11,HLTH02,412.95
2025-11-12,HLTH02,395.85
2025-11-13,HLTH02,403.88
2025-11-14,HLTH02,402.45
2025-11-17,HLTH02,415.83
2025-11-18,HLTH02,403.03
2025-11-19,HLTH02,409.81
2025-11-20,HLTH02,409.19
2025-11-21,HLTH02,406.88
2025-11-24,HLTH02,396.97
2025-11-25,HLTH02,401.34
2025-11-26,HLTH02,406.35
2025-11-27,HLTH02,419.53
2025-11-28,HLTH02,427.27
2025-12-01,HLTH02,422.83
2025-12-02,HLTH02,415.31
2025-12-03,HLTH02,405.21
2025-12-04,HLTH02,416.07
2025-12-05,HLTH02,410.37
2025-12-08,HLTH02,421.43
2025-12-09,HLTH02,425.54
2025-12-10,HLTH02,428.19
2025-12-11,HLTH02,425.96
2025-12-12,HLTH02,431.15
2025-12-15,HLTH02,431.16
2025-12-16,HLTH02,428.42
2025-12-17,HLTH02,433.92
2025-12-18,HLTH02,432.92
2025-12-19,HLTH02,426.83
2025-12-22,HLTH02,431.57
2025-12-23,HLTH02,431.2
2025-12-24,HLTH02,435.13
2025-12-25,HLTH02,431.7
2025-12-26,HLTH02,422.44
2025-12-29,HLTH02,435.76
2025-12-30,HLTH02,448.02
2025-12-31,HLTH02,455.28
2026-01-01,HLTH02,452.24
2026-01-02,HLTH02,449.93
2026-01-05,HLTH02,461.26
2026-01-06,HLTH02,458.46
2026-01-07,HLTH02,453.38
2026-01-08,HLTH02,468.79
2026-01-09,HLTH02,468.53
2026-01-12,HLTH02,483.58
2026-01-13,HLTH02,471.56
2026-01-14,HLTH02,476.1
2026-01-15,HLTH02,493.99
2026-01-16,HLTH02,494.4
2026-01-19,HLTH02,492.2
2026-01-20,HLTH02,482.0
2026-01-21,HLTH02,491.54
2026-01-22,HLTH02,484.87
2026-01-23,HLTH02,484.19
2026-01-26,HLTH02,473.57
2026-01-27,HLTH02,486.99
2026-01-28,HLTH02,497.26
2026-01-29,HLTH02,497.12
2026-01-30,HLTH02,486.95
2026-02-02,HLTH02,500.55
2026-02-03,HLTH02,497.41
2026-02-04,HLTH02,487.66
2026-02-05,HLTH02,472.34
2026-02-06,HLTH02,466.99
2026-02-09,HLTH02,454.9
2026-02-10,HLTH02,449.94
2026-02-11,HLTH02,456.1
2026-02-12,HLTH02,453.16
2026-02-13,HLTH02,456.19
2026-02-16,HLTH02,450.39
2026-02-17,HLTH02,451.06
2026-02-18,HLTH02,466.79
2026-02-19,HLTH02,464.0
2026-02-20,HLTH02,467.35
2026-02-23,HLTH02,454.32
2026-02-24,HLTH02,466.89
2026-02-25,HLTH02,463.02
2026-02-26,HLTH02,471.91
2026-02-27,HLTH02,471.01
2026-03-02,HLTH02,476.33
2024-01-01,HLTH03,137.45
2024-01-02,HLTH03,140.2
2024-01-03,HLTH03,138.32
2024-01-04,HLTH03,140.3
2024-01-05,HLTH03,139.36
2024-01-08,HLTH03,140.28
2024-01-09,HLTH03,139.15
2024-01-10,HLTH03,139.32
2024-01-11,HLTH03,136.67
2024-01-12,HLTH03,137.32
2024-01-15,HLTH03,137.47
2024-01-16,HLTH03,136.17
2024-01-17,HLTH03,136.08
2024-01-18,HLTH03,136.45
2024-01-19,HLTH03,134.97
2024-01-22,HLTH03,134.7
2024-01-23,HLTH03,132.3
2024-01-24,HLTH03,137.93
2024-01-25,HLTH03,140.6
2024-01-26,HLTH03,141.33
2024-01-29,HLTH03,144.36
2024-01-30,HLTH03,139.26
2024-01-31,HLTH03,132.89
2024-02-01,HLTH03,131.97
2024-02-02,HLTH03,128.74
2024-02-05,HLTH03,128.23
2024-02-06,HLTH03,128.74
2024-02-07,HLTH03,130.91
2024-02-08,HLTH03,128.27
2024-02-09,HLTH03,129.23
2024-02-12,HLTH03,129.3
2024-02-13,HLTH03,130.15
2024-02-14,HLTH03,128.97
2024-02-15,HLTH03,132.22
2024-02-16,HLTH03,132.02
2024-02-19,HLTH03,136.27
2024-02-20,HLTH03,134.37
2024-02-21,HLTH03,136.21
2024-02-22,HLTH03,136.11
2024-02-23,HLTH03,135.34
2024-02-26,HLTH03,136.92
2024-02-27,HLTH03,136.23
2024-02-28,HLTH03,129.74
2024-02-29,HLTH03,122.63
2024-03-01,HLTH03,125.47
2024-03-04,HLTH03,128.29
2024-03-05,HLTH03,132.69
2024-03-06,HLTH03,132.68
2024-03-07,HLTH03,129.64
2024-03-08,HLTH03,128.7
2024-03-11,HLTH03,128.76
2024-03-12,HLTH03,126.47
2024-03-13,HLTH03,130.26
2024-03-14,HLTH03,135.55
2024-03-15,HLTH03,136.75
2024-03-18,HLTH03,136.77
2024-03-19,HLTH03,133.62
2024-03-20,HLTH03,137.38
2024-03-21,HLTH03,137.61
2024-03-22,HLTH03,136.94
2024-03-25,HLTH03,138.16
2024-03-26,HLTH03,136.75
2024-03-27,HLTH03,137.15
2024-03-28,HLTH03,133.63
2024-03-29,HLTH03,136.29
2024-04-01,HLTH03,136.07
2024-04-02,HLTH03,138.95
2024-04-03,HLTH03,138.49
2024-04-04,HLTH03,138.19
2024-04-05,HLTH03,135.22
2024-04-08,HLTH03,137.11
2024-04-09,HLTH03,134.99
2024-04-10,HLTH03,133.84
2024-04-11,HLTH03,133.89
2024-04-12,HLTH03,134.22
2024-04-15,HLTH03,130.14
2024-04-16,HLTH03,129.64
2024-04-17,HLTH03,131.53
2024-04-18,HLTH03,130.67
2024-04-19,HLTH03,130.18
2024-04-22,HLTH03,130.6
2024-04-23,HLTH03,130.35
2024-04-24,HLTH03,127.97
2024-04-25,HLTH03,127.92
2024-04-26,HLTH03,130.25
2024-04-29,HLTH03,127.83
2024-04-30,HLTH03,127.0
2024-05-01,HLTH03,123.88
2024-05-02,HLTH03,126.02
2024-05-03,HLTH03,125.85
2024-05-06,HLTH03,123.96
2024-05-07,HLTH03,124.2
2024-05-08,HLTH03,121.55
2024-05-09,HLTH03,119.32
2024-05-10,HLTH03,116.22
2024-05-13,HLTH03,114.03
2024-05-14,HLTH03,116.85
2024-05-15,HLTH03,115.34
2024-05-16,HLTH03,116.34
2024-05-17,HLTH03,114.63
2024-05-20,HLTH03,116.23
2024-05-21,HLTH03,114.11
2024-05-22,HLTH03,114.23
2024-05-23,HLTH03,114.37
2024-05-24,HLTH03,119.2
2024-05-27,HLTH03,120.59
2024-05-28,HLTH03,119.34
2024-05-29,HLTH03,120.84
2024-05-30,HLTH03,125.53
2024-05-31,HLTH03,121.89
2024-06-03,HLTH03,120.07
2024-06-04,HLTH03,119.6
2024-06-05,HLTH03,118.74
2024-06-06,HLTH03,118.06
2024-06-07,HLTH03,115.33
2024-06-10,HLTH03,118.27
2024-06-11,HLTH03,115.28
2024-06-12,HLTH03,114.9
2024-06-13,HLTH03,117.1
2024-06-14,HLTH03,117.07
2024-06-17,HLTH03,115.04
2024-06-18,HLTH03,112.28
2024-06-19,HLTH03,111.85
2024-06-20,HLTH03,110.36
2024-06-21,HLTH03,110.8
2024-06-24,HLTH03,108.04
2024-06-25,HLTH03,109.65
2024-06-26,HLTH03,109.91
2024-06-27,HLTH03,110.32
2024-06-28,HLTH03,113.22
2024-07-01,HLTH03,112.36
2024-07-02,HLTH03,110.92
2024-07-03,HLTH03,109.86
2024-07-04,HLTH03,109.52
2024-07-05,HLTH03,109.37
2024-07-08,HLTH03,107.77
2024-07-09,HLTH03,103.88
2024-07-10,HLTH03,102.86
2024-07-11,HLTH03,103.55
2024-07-12,HLTH03,103.84
2024-07-15,HLTH03,106.11
2024-07-16,HLTH03,109.88
2024-07-17,HLTH03,111.41
2024-07-18,HLTH03,114.22
2024-07-19,HLTH03,115.83
2024-07-22,HLTH03,119.43
2024-07-23,HLTH03,123.45
2024-07-24,HLTH03,125.6
2024-07-25,HLTH03,127.23
2024-07-26,HLTH03,126.8
2024-07-29,HLTH03,126.74
2024-07-30,HLTH03,126.01
2024-07-31,HLTH03,127.46
2024-08-01,HLTH03,125.84
2024-08-02,HLTH03,125.45
2024-08-05,HLTH03,120.17
2024-08-06,HLTH03,123.93
2024-08-07,HLTH03,123.48
2024-08-08,HLTH03,124.53
2024-08-09,HLTH03,127.83
2024-08-12,HLTH03,128.56
2024-08-13,HLTH03,131.94
2024-08-14,HLTH03,129.03
2024-08-15,HLTH03,134.64
2024-08-16,HLTH03,137.31
2024-08-19,HLTH03,137.87
2024-08-20,HLTH03,141.45
2024-08-21,HLTH03,138.52
2024-08-22,HLTH03,137.84
2024-08-23,HLTH03,141.46
2024-08-26,HLTH03,136.75
2024-08-27,HLTH03,138.17
2024-08-28,HLTH03,139.54
2024-08-29,HLTH03,144.52
2024-08-30,HLTH03,140.45
2024-09-02,HLTH03,144.56
2024-09-03,HLTH03,143.15
2024-09-04,HLTH03,142.04
2024-09-05,HLTH03,138.96
2024-09-06,HLTH03,136.28
2024-09-09,HLTH03,137.31
2024-09-10,HLTH03,134.6
2024-09-11,HLTH03,136.44
2024-09-12,HLTH03,134.85
2024-09-13,HLTH03,131.94
2024-09-16,HLTH03,130.73
2024-09-17,HLTH03,131.56
2024-09-18,HLTH03,130.94
2024-09-19,HLTH03,131.06
2024-09-20,HLTH03,132.75
2024-09-23,HLTH03,135.37
2024-09-24,HLTH03,134.66
2024-09-25,HLTH03,132.17
2024-09-26,HLTH03,132.39
2024-09-27,HLTH03,133.55
2024-09-30,HLTH03,130.08
2024-10-01,HLTH03,128.03
2024-10-02,HLTH03,126.41
2024-10-03,HLTH03,125.98
2024-10-04,HLTH03,124.29
2024-10-07,HLTH03,125.91
2024-10-08,HLTH03,122.31
2024-10-09,HLTH03,118.87
2024-10-10,HLTH03,118.19
2024-10-11,HLTH03,117.85
2024-10-14,HLTH03,114.8
2024-10-15,HLTH03,113.58
2024-10-16,HLTH03,112.79
2024-10-17,HLTH03,112.03
2024-10-18,HLTH03,112.37
2024-10-21,HLTH03,111.07
2024-10-22,HLTH03,114.05
2024-10-23,HLTH03,115.09
2024-10-24,HLTH03,113.45
2024-10-25,HLTH03,113.68
2024-10-28,HLTH03,113.97
2024-10-29,HLTH03,116.49
2024-10-30,HLTH03,115.27
2024-10-31,HLTH03,116.9
2024-11-01,HLTH03,117.02
2024-11-04,HLTH03,120.2
2024-11-05,HLTH03,123.03
2024-11-06,HLTH03,123.5
2024-11-07,HLTH03,122.95
2024-11-08,HLTH03,124.11
2024-11-11,HLTH03,123.74
2024-11-12,HLTH03,127.52
2024-11-13,HLTH03,127.74
2024-11-14,HLTH03,126.85
2024-11-15,HLTH03,125.84
2024-11-18,HLTH03,123.13
2024-11-19,HLTH03,124.4
2024-11-20,HLTH03,122.6
2024-11-21,HLTH03,125.06
2024-11-22,HLTH03,122.19
2024-11-25,HLTH03,122.5
2024-11-26,HLTH03,125.08
2024-11-27,HLTH03,120.27
2024-11-28,HLTH03,124.67
2024-11-29,HLTH03,123.76
2024-12-02,HLTH03,124.11
2024-12-03,HLTH03,125.42
2024-12-04,HLTH03,127.1
2024-12-05,HLTH03,127.76
2024-12-06,HLTH03,130.09
2024-12-09,HLTH03,131.35
2024-12-10,HLTH03,135.55
2024-12-11,HLTH03,136.87
2024-12-12,HLTH03,141.75
2024-12-13,HLTH03,144.09
2024-12-16,HLTH03,139.45
2024-12-17,HLTH03,146.05
2024-12-18,HLTH03,144.58
2024-12-19,HLTH03,148.51
2024-12-20,HLTH03,148.63
2024-12-23,HLTH03,151.51
2024-12-24,HLTH03,149.68
2024-12-25,HLTH03,151.41
2024-12-26,HLTH03,150.77
2024-12-27,HLTH03,155.1
2024-12-30,HLTH03,156.37
2024-12-31,HLTH03,159.05
2025-01-01,HLTH03,152.9
2025-01-02,HLTH03,152.71
2025-01-03,HLTH03,153.89
2025-01-06,HLTH03,154.55
2025-01-07,HLTH03,157.27
2025-01-08,HLTH03,156.29
2025-01-09,HLTH03,156.47
2025-01-10,HLTH03,159.84
2025-01-13,HLTH03,153.33
2025-01-14,HLTH03,155.01
2025-01-15,HLTH03,154.12
2025-01-16,HLTH03,151.64
2025-01-17,HLTH03,152.6
2025-01-20,HLTH03,156.02
2025-01-21,HLTH03,158.98
2025-01-22,HLTH03,158.65
2025-01-23,HLTH03,161.19
2025-01-24,HLTH03,163.76
2025-01-27,HLTH03,163.55
2025-01-28,HLTH03,161.56
2025-01-29,HLTH03,159.76
2025-01-30,HLTH03,162.22
2025-01-31,HLTH03,162.15
2025-02-03,HLTH03,159.14
2025-02-04,HLTH03,154.36
2025-02-05,HLTH03,156.72
2025-02-06,HLTH03,155.22
2025-02-07,HLTH03,156.19
2025-02-10,HLTH03,159.73
2025-02-11,HLTH03,156.01
2025-02-12,HLTH03,155.93
2025-02-13,HLTH03,155.5
2025-02-14,HLTH03,156.61
2025-02-17,HLTH03,160.15
2025-02-18,HLTH03,156.36
2025-02-19,HLTH03,158.01
2025-02-20,HLTH03,161.0
2025-02-21,HLTH03,160.5
2025-02-24,HLTH03,160.15
2025-02-25,HLTH03,161.41
2025-02-26,HLTH03,162.46
2025-02-27,HLTH03,164.21
2025-02-28,HLTH03,165.92
2025-03-03,HLTH03,163.04
2025-03-04,HLTH03,165.99
2025-03-05,HLTH03,169.53
2025-03-06,HLTH03,170.15
2025-03-07,HLTH03,165.62
2025-03-10,HLTH03,165.33
2025-03-11,HLTH03,165.96
2025-03-12,HLTH03,162.59
2025-03-13,HLTH03,161.58
2025-03-14,HLTH03,157.53
2025-03-17,HLTH03,159.3
2025-03-18,HLTH03,159.82
2025-03-19,HLTH03,155.14
2025-03-20,HLTH03,156.17
2025-03-21,HLTH03,156.05
2025-03-24,HLTH03,157.55
2025-03-25,HLTH03,156.49
2025-03-26,HLTH03,154.28
2025-03-27,HLTH03,152.18
2025-03-28,HLTH03,150.75
2025-03-31,HLTH03,150.85
2025-04-01,HLTH03,151.3
2025-04-02,HLTH03,150.82
2025-04-03,HLTH03,149.72
2025-04-04,HLTH03,148.82
2025-04-07,HLTH03,155.58
2025-04-08,HLTH03,153.47
2025-04-09,HLTH03,151.97
2025-04-10,HLTH03,161.03
2025-04-11,HLTH03,162.3
2025-04-14,HLTH03,158.31
2025-04-15,HLTH03,160.76
2025-04-16,HLTH03,158.18
2025-04-17,HLTH03,160.81
2025-04-18,HLTH03,160.25
2025-04-21,HLTH03,159.03
2025-04-22,HLTH03,163.69
2025-04-23,HLTH03,165.4
2025-04-24,HLTH03,168.35
2025-04-25,HLTH03,169.72
2025-04-28,HLTH03,168.41
2025-04-29,HLTH03,170.32
2025-04-30,HLTH03,174.07
2025-05-01,HLTH03,174.55
2025-05-02,HLTH03,180.26
2025-05-05,HLTH03,183.07
2025-05-06,HLTH03,183.83
2025-05-07,HLTH03,184.71
2025-05-08,HLTH03,185.23
2025-05-09,HLTH03,181.11
2025-05-12,HLTH03,180.87
2025-05-13,HLTH03,181.65
2025-05-14,HLTH03,180.34
2025-05-15,HLTH03,181.49
2025-05-16,HLTH03,181.61
2025-05-19,HLTH03,184.2
2025-05-20,HLTH03,186.45
2025-05-21,HLTH03,187.07
2025-05-22,HLTH03,182.52
2025-05-23,HLTH03,188.46
2025-05-26,HLTH03,188.03
2025-05-27,HLTH03,187.82
2025-05-28,HLTH03,186.71
2025-05-29,HLTH03,185.13
2025-05-30,HLTH03,190.33
2025-06-02,HLTH03,195.14
2025-06-03,HLTH03,196.76
2025-06-04,HLTH03,196.43
2025-06-05,HLTH03,198.68
2025-06-06,HLTH03,199.01
2025-06-09,HLTH03,198.38
2025-06-10,HLTH03,199.65
2025-06-11,HLTH03,198.12
2025-06-12,HLTH03,199.08
2025-06-13,HLTH03,199.88
2025-06-16,HLTH03,202.1
2025-06-17,HLTH03,199.91
2025-06-18,HLTH03,202.53
2025-06-19,HLTH03,199.29
2025-06-20,HLTH03,197.29
2025-06-23,HLTH03,195.47
2025-06-24,HLTH03,191.76
2025-06-25,HLTH03,195.32
2025-06-26,HLTH03,191.97
2025-06-27,HLTH03,189.62
2025-06-30,HLTH03,193.96
2025-07-01,HLTH03,192.02
2025-07-02,HLTH03,191.43
2025-07-03,HLTH03,188.0
2025-07-04,HLTH03,190.88
2025-07-07,HLTH03,193.84
2025-07-08,HLTH03,196.48
2025-07-09,HLTH03,198.44
2025-07-10,HLTH03,198.76
2025-07-11,HLTH03,196.95
2025-07-14,HLTH03,194.12
2025-07-15,HLTH03,198.68
2025-07-16,HLTH03,201.48
2025-07-17,HLTH03,199.02
2025-07-18,HLTH03,199.22
2025-07-21,HLTH03,198.21
2025-07-22,HLTH03,194.24
2025-07-23,HLTH03,194.92
2025-07-24,HLTH03,193.52
2025-07-25,HLTH03,190.26
2025-07-28,HLTH03,185.25
2025-07-29,HLTH03,180.09
2025-07-30,HLTH03,178.94
2025-07-31,HLTH03,178.72
2025-08-01,HLTH03,175.96
2025-08-04,HLTH03,178.08
2025-08-05,HLTH03,177.92
2025-08-06,HLTH03,179.82
2025-08-07,HLTH03,179.28
2025-08-08,HLTH03,176.8
2025-08-11,HLTH03,177.21
2025-08-12,HLTH03,173.24
2025-08-13,HLTH03,174.97
2025-08-14,HLTH03,172.07
2025-08-15,HLTH03,174.97
2025-08-18,HLTH03,173.95
2025-08-19,HLTH03,177.33
2025-08-20,HLTH03,173.8
2025-08-21,HLTH03,171.73
2025-08-22,HLTH03,172.96
2025-08-25,HLTH03,176.66
2025-08-26,HLTH03,182.01
2025-08-27,HLTH03,182.2
2025-08-28,HLTH03,188.28
2025-08-29,HLTH03,187.36
2025-09-01,HLTH03,191.12
2025-09-02,HLTH03,187.94
2025-09-03,HLTH03,189.41
2025-09-04,HLTH03,181.49
2025-09-05,HLTH03,177.88
2025-09-08,HLTH03,179.43
2025-09-09,HLTH03,175.24
2025-09-10,HLTH03,176.64
2025-09-11,HLTH03,179.58
2025-09-12,HLTH03,178.01
2025-09-15,HLTH03,174.96
2025-09-16,HLTH03,173.52
2025-09-17,HLTH03,170.55
2025-09-18,HLTH03,170.29
2025-09-19,HLTH03,170.66
2025-09-22,HLTH03,169.77
2025-09-23,HLTH03,174.94
2025-09-24,HLTH03,172.72
2025-09-25,HLTH03,177.1
2025-09-26,HLTH03,173.83
2025-09-29,HLTH03,174.11
2025-09-30,HLTH03,177.87
2025-10-01,HLTH03,181.55
2025-10-02,HLTH03,180.23
2025-10-03,HLTH03,182.09
2025-10-06,HLTH03,183.52
2025-10-07,HLTH03,181.79
2025-10-08,HLTH03,183.86
2025-10-09,HLTH03,190.08
2025-10-10,HLTH03,191.75
2025-10-13,HLTH03,193.76
2025-10-14,HLTH03,196.17
2025-10-15,HLTH03,191.07
2025-10-16,HLTH03,192.71
2025-10-17,HLTH03,189.24
2025-10-20,HLTH03,187.29
2025-10-21,HLTH03,194.63
2025-10-22,HLTH03,193.8
2025-10-23,HLTH03,191.28
2025-10-24,HLTH03,195.3
2025-10-27,HLTH03,192.03
2025-10-28,HLTH03,190.54
2025-10-29,HLTH03,194.88
2025-10-30,HLTH03,195.09
2025-10-31,HLTH03,189.67
2025-11-03,HLTH03,191.58
2025-11-04,HLTH03,190.27
2025-11-05,HLTH03,195.6
2025-11-06,HLTH03,193.53
2025-11-07,HLTH03,197.25
2025-11-10,HLTH03,203.61
2025-11-11,HLTH03,200.55
2025-11-12,HLTH03,199.91
2025-11-13,HLTH03,201.37
2025-11-14,HLTH03,198.33
2025-11-17,HLTH03,199.35
2025-11-18,HLTH03,198.6
2025-11-19,HLTH03,197.79
2025-11-20,HLTH03,198.02
2025-11-21,HLTH03,198.33
2025-11-24,HLTH03,198.98
2025-11-25,HLTH03,196.89
2025-11-26,HLTH03,194.98
2025-11-27,HLTH03,194.63
2025-11-28,HLTH03,194.53
2025-12-01,HLTH03,193.05
2025-12-02,HLTH03,194.23
2025-12-03,HLTH03,187.95
2025-12-04,HLTH03,185.53
2025-12-05,HLTH03,184.65
2025-12-08,HLTH03,181.86
2025-12-09,HLTH03,187.25
2025-12-10,HLTH03,187.37
2025-12-11,HLTH03,188.02
2025-12-12,HLTH03,186.44
2025-12-15,HLTH03,186.45
2025-12-16,HLTH03,182.42
2025-12-17,HLTH03,181.92
2025-12-18,HLTH03,178.91
2025-12-19,HLTH03,178.07
2025-12-22,HLTH03,169.92
2025-12-23,HLTH03,166.52
2025-12-24,HLTH03,170.95
2025-12-25,HLTH03,173.56
2025-12-26,HLTH03,177.73
2025-12-29,HLTH03,182.23
2025-12-30,HLTH03,184.49
2025-12-31,HLTH03,183.04
2026-01-01,HLTH03,179.68
2026-01-02,HLTH03,183.44
2026-01-05,HLTH03,183.71
2026-01-06,HLTH03,192.01
2026-01-07,HLTH03,190.81
2026-01-08,HLTH03,197.64
2026-01-09,HLTH03,197.14
2026-01-12,HLTH03,201.94
2026-01-13,HLTH03,208.17
2026-01-14,HLTH03,204.4
2026-01-15,HLTH03,202.68
2026-01-16,HLTH03,198.97
2026-01-19,HLTH03,194.62
2026-01-20,HLTH03,197.02
2026-01-21,HLTH03,196.38
2026-01-22,HLTH03,196.62
2026-01-23,HLTH03,198.65
2026-01-26,HLTH03,192.07
2026-01-27,HLTH03,196.58
2026-01-28,HLTH03,195.4
2026-01-29,HLTH03,197.33
2026-01-30,HLTH03,199.6
2026-02-02,HLTH03,204.58
2026-02-03,HLTH03,204.26
2026-02-04,HLTH03,196.51
2026-02-05,HLTH03,196.77
2026-02-06,HLTH03,197.54
2026-02-09,HLTH03,193.92
2026-02-10,HLTH03,194.49
2026-02-11,HLTH03,193.29
2026-02-12,HLTH03,188.68
2026-02-13,HLTH03,191.01
2026-02-16,HLTH03,189.13
2026-02-17,HLTH03,187.8
2026-02-18,HLTH03,186.3
2026-02-19,HLTH03,190.5
2026-02-20,HLTH03,190.41
2026-02-23,HLTH03,190.74
2026-02-24,HLTH03,189.29
2026-02-25,HLTH03,190.92
2026-02-26,HLTH03,195.61
2026-02-27,HLTH03,197.95
2026-03-02,HLTH03,200.46
2024-01-01,HLTH04,180.08
2024-01-02,HLTH04,177.3
2024-01-03,HLTH04,176.69
2024-01-04,HLTH04,174.44
2024-01-05,HLTH04,171.15
2024-01-08,HLTH04,165.43
2024-01-09,HLTH04,161.47
2024-01-10,HLTH04,160.78
2024-01-11,HLTH04,160.62
2024-01-12,HLTH04,158.38
2024-01-15,HLTH04,158.65
2024-01-16,HLTH04,157.46
2024-01-17,HLTH04,160.6
2024-01-18,HLTH04,160.18
2024-01-19,HLTH04,162.23
2024-01-22,HLTH04,162.88
2024-01-23,HLTH04,158.81
2024-01-24,HLTH04,158.6
2024-01-25,HLTH04,155.12
2024-01-26,HLTH04,154.87
2024-01-29,HLTH04,152.84
2024-01-30,HLTH04,153.93
2024-01-31,HLTH04,150.26
2024-02-01,HLTH04,150.35
2024-02-02,HLTH04,151.94
2024-02-05,HLTH04,154.47
2024-02-06,HLTH04,152.39
2024-02-07,HLTH04,152.48
2024-02-08,HLTH04,153.03
2024-02-09,HLTH04,157.34
2024-02-12,HLTH04,153.19
2024-02-13,HLTH04,150.73
2024-02-14,HLTH04,158.38
2024-02-15,HLTH04,157.65
2024-02-16,HLTH04,152.33
2024-02-19,HLTH04,150.78
2024-02-20,HLTH04,143.31
2024-02-21,HLTH04,143.97
2024-02-22,HLTH04,146.12
2024-02-23,HLTH04,143.76
2024-02-26,HLTH04,142.59
2024-02-27,HLTH04,145.0
2024-02-28,HLTH04,140.48
2024-02-29,HLTH04,137.18
2024-03-01,HLTH04,136.65
2024-03-04,HLTH04,134.85
2024-03-05,HLTH04,134.17
2024-03-06,HLTH04,131.16
2024-03-07,HLTH04,131.71
2024-03-08,HLTH04,131.39
2024-03-11,HLTH04,132.73
2024-03-12,HLTH04,133.25
2024-03-13,HLTH04,133.78
2024-03-14,HLTH04,130.34
2024-03-15,HLTH04,131.54
2024-03-18,HLTH04,130.79
2024-03-19,HLTH04,130.44
2024-03-20,HLTH04,132.94
2024-03-21,HLTH04,131.26
2024-03-22,HLTH04,134.49
2024-03-25,HLTH04,138.03
2024-03-26,HLTH04,139.94
2024-03-27,HLTH04,137.51
2024-03-28,HLTH04,132.14
2024-03-29,HLTH04,134.75
2024-04-01,HLTH04,135.06
2024-04-02,HLTH04,133.29
2024-04-03,HLTH04,136.14
2024-04-04,HLTH04,134.07
2024-04-05,HLTH04,133.09
2024-04-08,HLTH04,134.38
2024-04-09,HLTH04,131.73
2024-04-10,HLTH04,131.51
2024-04-11,HLTH04,134.13
2024-04-12,HLTH04,134.68
2024-04-15,HLTH04,137.74
2024-04-16,HLTH04,140.6
2024-04-17,HLTH04,140.66
2024-04-18,HLTH04,134.78
2024-04-19,HLTH04,132.14
2024-04-22,HLTH04,134.0
2024-04-23,HLTH04,130.3
2024-04-24,HLTH04,129.57
2024-04-25,HLTH04,130.4
2024-04-26,HLTH04,133.89
2024-04-29,HLTH04,132.54
2024-04-30,HLTH04,131.05
2024-05-01,HLTH04,130.96
2024-05-02,HLTH04,131.83
2024-05-03,HLTH04,131.5
2024-05-06,HLTH04,134.02
2024-05-07,HLTH04,132.14
2024-05-08,HLTH04,132.46
2024-05-09,HLTH04,133.56
2024-05-10,HLTH04,132.64
2024-05-13,HLTH04,134.69
2024-05-14,HLTH04,135.09
2024-05-15,HLTH04,137.05
2024-05-16,HLTH04,137.57
2024-05-17,HLTH04,138.54
2024-05-20,HLTH04,137.0
2024-05-21,HLTH04,135.49
2024-05-22,HLTH04,138.52
2024-05-23,HLTH04,140.14
2024-05-24,HLTH04,137.6
2024-05-27,HLTH04,138.09
2024-05-28,HLTH04,132.23
2024-05-29,HLTH04,130.91
2024-05-30,HLTH04,133.21
2024-05-31,HLTH04,132.95
2024-06-03,HLTH04,133.27
2024-06-04,HLTH04,126.08
2024-06-05,HLTH04,125.22
2024-06-06,HLTH04,126.02
2024-06-07,HLTH04,127.12
2024-06-10,HLTH04,129.36
2024-06-11,HLTH04,128.91
2024-06-12,HLTH04,128.56
2024-06-13,HLTH04,125.52
2024-06-14,HLTH04,125.09
2024-06-17,HLTH04,122.29
2024-06-18,HLTH04,118.26
2024-06-19,HLTH04,115.98
2024-06-20,HLTH04,119.17
2024-06-21,HLTH04,118.62
2024-06-24,HLTH04,119.13
2024-06-25,HLTH04,118.06
2024-06-26,HLTH04,114.29
2024-06-27,HLTH04,116.25
2024-06-28,HLTH04,111.74
2024-07-01,HLTH04,110.66
2024-07-02,HLTH04,110.59
2024-07-03,HLTH04,111.08
2024-07-04,HLTH04,109.66
2024-07-05,HLTH04,106.06
2024-07-08,HLTH04,104.57
2024-07-09,HLTH04,103.19
2024-07-10,HLTH04,101.78
2024-07-11,HLTH04,103.59
2024-07-12,HLTH04,101.36
2024-07-15,HLTH04,101.94
2024-07-16,HLTH04,102.26
2024-07-17,HLTH04,104.06
2024-07-18,HLTH04,103.84
2024-07-19,HLTH04,105.35
2024-07-22,HLTH04,105.06
2024-07-23,HLTH04,105.91
2024-07-24,HLTH04,103.07
2024-07-25,HLTH04,98.21
2024-07-26,HLTH04,98.91
2024-07-29,HLTH04,99.71
2024-07-30,HLTH04,100.59
2024-07-31,HLTH04,99.67
2024-08-01,HLTH04,102.37
2024-08-02,HLTH04,101.55
2024-08-05,HLTH04,102.35
2024-08-06,HLTH04,103.48
2024-08-07,HLTH04,106.71
2024-08-08,HLTH04,106.14
2024-08-09,HLTH04,104.92
2024-08-12,HLTH04,102.12
2024-08-13,HLTH04,105.01
2024-08-14,HLTH04,105.83
2024-08-15,HLTH04,106.73
2024-08-16,HLTH04,112.75
2024-08-19,HLTH04,113.44
2024-08-20,HLTH04,110.82
2024-08-21,HLTH04,110.46
2024-08-22,HLTH04,108.55
2024-08-23,HLTH04,107.81
2024-08-26,HLTH04,107.06
2024-08-27,HLTH04,105.96
2024-08-28,HLTH04,103.34
2024-08-29,HLTH04,106.33
2024-08-30,HLTH04,106.94
2024-09-02,HLTH04,106.53
2024-09-03,HLTH04,108.02
2024-09-04,HLTH04,108.97
2024-09-05,HLTH04,109.54
2024-09-06,HLTH04,110.92
2024-09-09,HLTH04,111.23
2024-09-10,HLTH04,112.6
2024-09-11,HLTH04,114.16
2024-09-12,HLTH04,114.53
2024-09-13,HLTH04,114.11
2024-09-16,HLTH04,117.29
2024-09-17,HLTH04,116.31
2024-09-18,HLTH04,117.17
2024-09-19,HLTH04,118.08
2024-09-20,HLTH04,116.82
2024-09-23,HLTH04,115.15
2024-09-24,HLTH04,114.45
2024-09-25,HLTH04,113.47
2024-09-26,HLTH04,110.53
2024-09-27,HLTH04,109.27
2024-09-30,HLTH04,109.82
2024-10-01,HLTH04,112.36
2024-10-02,HLTH04,113.51
2024-10-03,HLTH04,108.24
2024-10-04,HLTH04,109.52
2024-10-07,HLTH04,108.45
2024-10-08,HLTH04,109.37
2024-10-09,HLTH04,109.37
2024-10-10,HLTH04,109.03
2024-10-11,HLTH04,108.86
2024-10-14,HLTH04,108.85
2024-10-15,HLTH04,111.51
2024-10-16,HLTH04,111.51
2024-10-17,HLTH04,113.72
2024-10-18,HLTH04,115.68
2024-10-21,HLTH04,117.1
2024-10-22,HLTH04,113.37
2024-10-23,HLTH04,115.68
2024-10-24,HLTH04,114.76
2024-10-25,HLTH04,116.28
2024-10-28,HLTH04,114.28
2024-10-29,HLTH04,111.87
2024-10-30,HLTH04,115.89
2024-10-31,HLTH04,113.92
2024-11-01,HLTH04,116.31
2024-11-04,HLTH04,116.59
2024-11-05,HLTH04,115.75
2024-11-06,HLTH04,115.69
2024-11-07,HLTH04,113.01
2024-11-08,HLTH04,113.02
2024-11-11,HLTH04,110.85
2024-11-12,HLTH04,110.09
2024-11-13,HLTH04,111.96
2024-11-14,HLTH04,112.51
2024-11-15,HLTH04,109.54
2024-11-18,HLTH04,111.25
2024-11-19,HLTH04,111.27
2024-11-20,HLTH04,110.22
2024-11-21,HLTH04,111.73
2024-11-22,HLTH04,111.43
2024-11-25,HLTH04,109.12
2024-11-26,HLTH04,112.79
2024-11-27,HLTH04,112.78
2024-11-28,HLTH04,112.65
2024-11-29,HLTH04,111.87
2024-12-02,HLTH04,114.27
2024-12-03,HLTH04,113.23
2024-12-04,HLTH04,110.11
2024-12-05,HLTH04,108.8
2024-12-06,HLTH04,111.43
2024-12-09,HLTH04,113.14
2024-12-10,HLTH04,112.65
2024-12-11,HLTH04,115.47
2024-12-12,HLTH04,117.06
2024-12-13,HLTH04,116.53
2024-12-16,HLTH04,116.22
2024-12-17,HLTH04,116.94
2024-12-18,HLTH04,115.23
2024-12-19,HLTH04,115.27
2024-12-20,HLTH04,115.94
2024-12-23,HLTH04,112.46
2024-12-24,HLTH04,112.11
2024-12-25,HLTH04,111.53
2024-12-26,HLTH04,113.63
2024-12-27,HLTH04,109.89
2024-12-30,HLTH04,109.17
2024-12-31,HLTH04,108.25
2025-01-01,HLTH04,110.16
2025-01-02,HLTH04,110.1
2025-01-03,HLTH04,113.7
2025-01-06,HLTH04,115.09
2025-01-07,HLTH04,114.27
2025-01-08,HLTH04,114.8
2025-01-09,HLTH04,114.1
2025-01-10,HLTH04,115.9
2025-01-13,HLTH04,113.16
2025-01-14,HLTH04,111.51
2025-01-15,HLTH04,112.46
2025-01-16,HLTH04,114.98
2025-01-17,HLTH04,110.45
2025-01-20,HLTH04,113.22
2025-01-21,HLTH04,112.97
2025-01-22,HLTH04,109.17
2025-01-23,HLTH04,103.3
2025-01-24,HLTH04,100.49
2025-01-27,HLTH04,100.49
2025-01-28,HLTH04,100.4
2025-01-29,HLTH04,101.57
2025-01-30,HLTH04,100.6
2025-01-31,HLTH04,98.62
2025-02-03,HLTH04,97.92
2025-02-04,HLTH04,98.01
2025-02-05,HLTH04,98.44
2025-02-06,HLTH04,97.07
2025-02-07,HLTH04,98.68
2025-02-10,HLTH04,97.6
2025-02-11,HLTH04,96.11
2025-02-12,HLTH04,95.2
2025-02-13,HLTH04,97.07
2025-02-14,HLTH04,96.86
2025-02-17,HLTH04,95.68
2025-02-18,HLTH04,97.31
2025-02-19,HLTH04,101.09
2025-02-20,HLTH04,101.5
2025-02-21,HLTH04,103.78
2025-02-24,HLTH04,105.75
2025-02-25,HLTH04,104.63
2025-02-26,HLTH04,104.71
2025-02-27,HLTH04,102.32
2025-02-28,HLTH04,101.98
2025-03-03,HLTH04,100.86
2025-03-04,HLTH04,100.16
2025-03-05,HLTH04,
2025-03-06,HLTH04,
2025-03-07,HLTH04,
2025-03-10,HLTH04,
2025-03-11,HLTH04,
2025-03-12,HLTH04,94.59
2025-03-13,HLTH04,92.03
2025-03-14,HLTH04,92.46
2025-03-17,HLTH04,93.33
2025-03-18,HLTH04,93.79
2025-03-19,HLTH04,92.48
2025-03-20,HLTH04,92.92
2025-03-21,HLTH04,92.16
2025-03-24,HLTH04,90.3
2025-03-25,HLTH04,91.54
2025-03-26,HLTH04,92.91
2025-03-27,HLTH04,94.53
2025-03-28,HLTH04,93.52
2025-03-31,HLTH04,95.53
2025-04-01,HLTH04,94.71
2025-04-02,HLTH04,95.86
2025-04-03,HLTH04,95.0
2025-04-04,HLTH04,94.65
2025-04-07,HLTH04,90.55
2025-04-08,HLTH04,90.09
2025-04-09,HLTH04,90.26
2025-04-10,HLTH04,89.62
2025-04-11,HLTH04,92.48
2025-04-14,HLTH04,90.58
2025-04-15,HLTH04,89.68
2025-04-16,HLTH04,88.25
2025-04-17,HLTH04,87.38
2025-04-18,HLTH04,89.03
2025-04-21,HLTH04,91.42
2025-04-22,HLTH04,90.3
2025-04-23,HLTH04,89.15
2025-04-24,HLTH04,87.32
2025-04-25,HLTH04,89.4
2025-04-28,HLTH04,91.23
2025-04-29,HLTH04,91.08
2025-04-30,HLTH04,88.82
2025-05-01,HLTH04,86.76
2025-05-02,HLTH04,87.05
2025-05-05,HLTH04,87.94
2025-05-06,HLTH04,84.7
2025-05-07,HLTH04,84.23
2025-05-08,HLTH04,86.71
2025-05-09,HLTH04,86.4
2025-05-12,HLTH04,88.74
2025-05-13,HLTH04,89.8
2025-05-14,HLTH04,88.08
2025-05-15,HLTH04,87.64
2025-05-16,HLTH04,87.46
2025-05-19,HLTH04,85.99
2025-05-20,HLTH04,84.51
2025-05-21,HLTH04,86.83
2025-05-22,HLTH04,85.33
2025-05-23,HLTH04,87.01
2025-05-26,HLTH04,86.35
2025-05-27,HLTH04,86.34
2025-05-28,HLTH04,87.24
2025-05-29,HLTH04,86.33
2025-05-30,HLTH04,87.23
2025-06-02,HLTH04,84.05
2025-06-03,HLTH04,84.74
2025-06-04,HLTH04,81.0
2025-06-05,HLTH04,80.69
2025-06-06,HLTH04,81.96
2025-06-09,HLTH04,82.9
2025-06-10,HLTH04,80.99
2025-06-11,HLTH04,79.3
2025-06-12,HLTH04,78.35
2025-06-13,HLTH04,78.63
2025-06-16,HLTH04,75.78
2025-06-17,HLTH04,75.78
2025-06-18,HLTH04,76.23
2025-06-19,HLTH04,75.87
2025-06-20,HLTH04,76.61
2025-06-23,HLTH04,76.94
2025-06-24,HLTH04,76.21
2025-06-25,HLTH04,73.58
2025-06-26,HLTH04,73.78
2025-06-27,HLTH04,72.53
2025-06-30,HLTH04,71.8
2025-07-01,HLTH04,72.44
2025-07-02,HLTH04,74.31
2025-07-03,HLTH04,74.28
2025-07-04,HLTH04,75.04
2025-07-07,HLTH04,73.12
2025-07-08,HLTH04,73.46
2025-07-09,HLTH04,73.4
2025-07-10,HLTH04,75.05
2025-07-11,HLTH04,74.34
2025-07-14,HLTH04,74.04
2025-07-15,HLTH04,75.47
2025-07-16,HLTH04,75.37
2025-07-17,HLTH04,73.89
2025-07-18,HLTH04,77.31
2025-07-21,HLTH04,75.83
2025-07-22,HLTH04,75.76
2025-07-23,HLTH04,76.26
2025-07-24,HLTH04,76.65
2025-07-25,HLTH04,76.41
2025-07-28,HLTH04,76.18
2025-07-29,HLTH04,75.88
2025-07-30,HLTH04,74.38
2025-07-31,HLTH04,77.28
2025-08-01,HLTH04,77.0
2025-08-04,HLTH04,77.85
2025-08-05,HLTH04,77.4
2025-08-06,HLTH04,76.93
2025-08-07,HLTH04,76.32
2025-08-08,HLTH04,74.22
2025-08-11,HLTH04,74.02
2025-08-12,HLTH04,73.5
2025-08-13,HLTH04,75.08
2025-08-14,HLTH04,73.48
2025-08-15,HLTH04,72.74
2025-08-18,HLTH04,71.59
2025-08-19,HLTH04,73.47
2025-08-20,HLTH04,72.34
2025-08-21,HLTH04,73.09
2025-08-22,HLTH04,74.39
2025-08-25,HLTH04,74.22
2025-08-26,HLTH04,72.4
2025-08-27,HLTH04,70.64
2025-08-28,HLTH04,71.76
2025-08-29,HLTH04,70.15
2025-09-01,HLTH04,70.67
2025-09-02,HLTH04,70.83
2025-09-03,HLTH04,71.34
2025-09-04,HLTH04,71.96
2025-09-05,HLTH04,70.78
2025-09-08,HLTH04,69.55
2025-09-09,HLTH04,70.47
2025-09-10,HLTH04,69.69
2025-09-11,HLTH04,66.26
2025-09-12,HLTH04,67.06
2025-09-15,HLTH04,65.83
2025-09-16,HLTH04,66.4
2025-09-17,HLTH04,68.08
2025-09-18,HLTH04,68.13
2025-09-19,HLTH04,69.37
2025-09-22,HLTH04,69.58
2025-09-23,HLTH04,71.59
2025-09-24,HLTH04,70.24
2025-09-25,HLTH04,70.25
2025-09-26,HLTH04,71.12
2025-09-29,HLTH04,70.9
2025-09-30,HLTH04,72.39
2025-10-01,HLTH04,71.85
2025-10-02,HLTH04,74.55
2025-10-03,HLTH04,77.42
2025-10-06,HLTH04,77.84
2025-10-07,HLTH04,78.63
2025-10-08,HLTH04,80.34
2025-10-09,HLTH04,78.65
2025-10-10,HLTH04,76.82
2025-10-13,HLTH04,78.58
2025-10-14,HLTH04,78.99
2025-10-15,HLTH04,78.69
2025-10-16,HLTH04,78.73
2025-10-17,HLTH04,75.37
2025-10-20,HLTH04,75.14
2025-10-21,HLTH04,74.14
2025-10-22,HLTH04,75.39
2025-10-23,HLTH04,76.76
2025-10-24,HLTH04,77.58
2025-10-27,HLTH04,78.16
2025-10-28,HLTH04,76.07
2025-10-29,HLTH04,76.91
2025-10-30,HLTH04,77.8
2025-10-31,HLTH04,79.57
2025-11-03,HLTH04,82.62
2025-11-04,HLTH04,80.13
2025-11-05,HLTH04,79.6
2025-11-06,HLTH04,78.56
2025-11-07,HLTH04,78.82
2025-11-10,HLTH04,78.87
2025-11-11,HLTH04,78.56
2025-11-12,HLTH04,80.03
2025-11-13,HLTH04,78.47
2025-11-14,HLTH04,77.02
2025-11-17,HLTH04,75.63
2025-11-18,HLTH04,75.16
2025-11-19,HLTH04,73.52
2025-11-20,HLTH04,73.48
2025-11-21,HLTH04,73.28
2025-11-24,HLTH04,72.27
2025-11-25,HLTH04,73.42
2025-11-26,HLTH04,73.37
2025-11-27,HLTH04,74.79
2025-11-28,HLTH04,74.55
2025-12-01,HLTH04,74.54
2025-12-02,HLTH04,73.81
2025-12-03,HLTH04,73.82
2025-12-04,HLTH04,74.79
2025-12-05,HLTH04,74.26
2025-12-08,HLTH04,74.97
2025-12-09,HLTH04,73.9
2025-12-10,HLTH04,74.93
2025-12-11,HLTH04,74.17
2025-12-12,HLTH04,75.33
2025-12-15,HLTH04,75.44
2025-12-16,HLTH04,77.53
2025-12-17,HLTH04,75.94
2025-12-18,HLTH04,73.94
2025-12-19,HLTH04,73.14
2025-12-22,HLTH04,71.34
2025-12-23,HLTH04,69.59
2025-12-24,HLTH04,70.39
2025-12-25,HLTH04,70.4
2025-12-26,HLTH04,69.82
2025-12-29,HLTH04,69.35
2025-12-30,HLTH04,68.63
2025-12-31,HLTH04,70.69
2026-01-01,HLTH04,69.77
2026-01-02,HLTH04,68.13
2026-01-05,HLTH04,69.13
2026-01-06,HLTH04,68.88
2026-01-07,HLTH04,71.43
2026-01-08,HLTH04,70.78
2026-01-09,HLTH04,71.87
2026-01-12,HLTH04,73.3
2026-01-13,HLTH04,72.63
2026-01-14,HLTH04,71.68
2026-01-15,HLTH04,72.66
2026-01-16,HLTH04,73.43
2026-01-19,HLTH04,71.59
2026-01-20,HLTH04,70.16
2026-01-21,HLTH04,66.98
2026-01-22,HLTH04,67.71
2026-01-23,HLTH04,67.41
2026-01-26,HLTH04,67.24
2026-01-27,HLTH04,65.21
2026-01-28,HLTH04,63.94
2026-01-29,HLTH04,63.41
2026-01-30,HLTH04,62.66
2026-02-02,HLTH04,62.81
2026-02-03,HLTH04,63.49
2026-02-04,HLTH04,66.11
2026-02-05,HLTH04,66.1
2026-02-06,HLTH04,67.45
2026-02-09,HLTH04,66.46
2026-02-10,HLTH04,64.48
2026-02-11,HLTH04,64.09
2026-02-12,HLTH04,62.26
2026-02-13,HLTH04,62.3
2026-02-16,HLTH04,61.44
2026-02-17,HLTH04,59.3
2026-02-18,HLTH04,61.17
2026-02-19,HLTH04,60.6
2026-02-20,HLTH04,58.83
2026-02-23,HLTH04,59.8
2026-02-24,HLTH04,59.03
2026-02-25,HLTH04,60.21
2026-02-26,HLTH04,59.43
2026-02-27,HLTH04,58.87
2026-03-02,HLTH04,59.25
2024-01-01,HLTH05,415.92
2024-01-02,HLTH05,415.38
2024-01-03,HLTH05,419.45
2024-01-04,HLTH05,425.21
2024-01-05,HLTH05,426.87
2024-01-08,HLTH05,425.9
2024-01-09,HLTH05,414.95
2024-01-10,HLTH05,419.55
2024-01-11,HLTH05,420.0
2024-01-12,HLTH05,416.99
2024-01-15,HLTH05,426.71
2024-01-16,HLTH05,415.87
2024-01-17,HLTH05,428.3
2024-01-18,HLTH05,428.26
2024-01-19,HLTH05,430.84
2024-01-22,HLTH05,427.9
2024-01-23,HLTH05,415.19
2024-01-24,HLTH05,414.27
2024-01-25,HLTH05,416.89
2024-01-26,HLTH05,422.09
2024-01-29,HLTH05,420.71
2024-01-30,HLTH05,404.24
2024-01-31,HLTH05,393.14
2024-02-01,HLTH05,407.78
2024-02-02,HLTH05,399.88
2024-02-05,HLTH05,410.27
2024-02-06,HLTH05,403.5
2024-02-07,HLTH05,402.29
2024-02-08,HLTH05,406.94
2024-02-09,HLTH05,401.06
2024-02-12,HLTH05,412.67
2024-02-13,HLTH05,413.36
2024-02-14,HLTH05,416.91
2024-02-15,HLTH05,415.03
2024-02-16,HLTH05,420.07
2024-02-19,HLTH05,432.14
2024-02-20,HLTH05,431.24
2024-02-21,HLTH05,444.8
2024-02-22,HLTH05,440.04
2024-02-23,HLTH05,446.22
2024-02-26,HLTH05,450.28
2024-02-27,HLTH05,441.76
2024-02-28,HLTH05,443.59
2024-02-29,HLTH05,443.78
2024-03-01,HLTH05,437.1
2024-03-04,HLTH05,440.05
2024-03-05,HLTH05,441.34
2024-03-06,HLTH05,440.89
2024-03-07,HLTH05,440.48
2024-03-08,HLTH05,439.9
2024-03-11,HLTH05,437.12
2024-03-12,HLTH05,438.35
2024-03-13,HLTH05,433.4
2024-03-14,HLTH05,454.26
2024-03-15,HLTH05,442.87
2024-03-18,HLTH05,438.34
2024-03-19,HLTH05,434.49
2024-03-20,HLTH05,450.57
2024-03-21,HLTH05,440.0
2024-03-22,HLTH05,443.51
2024-03-25,HLTH05,445.62
2024-03-26,HLTH05,448.43
2024-03-27,HLTH05,458.55
2024-03-28,HLTH05,468.72
2024-03-29,HLTH05,465.06
2024-04-01,HLTH05,466.82
2024-04-02,HLTH05,451.3
2024-04-03,HLTH05,452.24
2024-04-04,HLTH05,445.91
2024-04-05,HLTH05,444.55
2024-04-08,HLTH05,431.19
2024-04-09,HLTH05,434.47
2024-04-10,HLTH05,421.33
2024-04-11,HLTH05,422.58
2024-04-12,HLTH05,413.38
2024-04-15,HLTH05,407.18
2024-04-16,HLTH05,415.76
2024-04-17,HLTH05,420.29
2024-04-18,HLTH05,429.11
2024-04-19,HLTH05,441.29
2024-04-22,HLTH05,435.28
2024-04-23,HLTH05,447.15
2024-04-24,HLTH05,435.49
2024-04-25,HLTH05,441.47
2024-04-26,HLTH05,437.68
2024-04-29,HLTH05,430.49
2024-04-30,HLTH05,435.38
2024-05-01,HLTH05,442.91
2024-05-02,HLTH05,450.34
2024-05-03,HLTH05,452.22
2024-05-06,HLTH05,453.43
2024-05-07,HLTH05,457.86
2024-05-08,HLTH05,460.51
2024-05-09,HLTH05,465.13
2024-05-10,HLTH05,466.98
2024-05-13,HLTH05,474.2
2024-05-14,HLTH05,460.46
2024-05-15,HLTH05,459.51
2024-05-16,HLTH05,448.2
2024-05-17,HLTH05,450.56
2024-05-20,HLTH05,464.02
2024-05-21,HLTH05,460.2
2024-05-22,HLTH05,461.39
2024-05-23,HLTH05,467.81
2024-05-24,HLTH05,450.54
2024-05-27,HLTH05,446.44
2024-05-28,HLTH05,449.5
2024-05-29,HLTH05,426.2
2024-05-30,HLTH05,418.83
2024-05-31,HLTH05,427.26
2024-06-03,HLTH05,435.1
2024-06-04,HLTH05,438.16
2024-06-05,HLTH05,445.25
2024-06-06,HLTH05,447.11
2024-06-07,HLTH05,451.71
2024-06-10,HLTH05,449.28
2024-06-11,HLTH05,450.35
2024-06-12,HLTH05,445.36
2024-06-13,HLTH05,455.62
2024-06-14,HLTH05,468.24
2024-06-17,HLTH05,480.01
2024-06-18,HLTH05,476.63
2024-06-19,HLTH05,468.59
2024-06-20,HLTH05,479.5
2024-06-21,HLTH05,484.34
2024-06-24,HLTH05,487.35
2024-06-25,HLTH05,481.93
2024-06-26,HLTH05,485.77
2024-06-27,HLTH05,476.43
2024-06-28,HLTH05,482.01
2024-07-01,HLTH05,494.12
2024-07-02,HLTH05,508.77
2024-07-03,HLTH05,515.41
2024-07-04,HLTH05,502.75
2024-07-05,HLTH05,504.68
2024-07-08,HLTH05,524.27
2024-07-09,HLTH05,516.23
2024-07-10,HLTH05,515.84
2024-07-11,HLTH05,529.12
2024-07-12,HLTH05,535.15
2024-07-15,HLTH05,559.2
2024-07-16,HLTH05,551.99
2024-07-17,HLTH05,542.33
2024-07-18,HLTH05,554.44
2024-07-19,HLTH05,542.67
2024-07-22,HLTH05,540.91
2024-07-23,HLTH05,540.43
2024-07-24,HLTH05,550.67
2024-07-25,HLTH05,556.93
2024-07-26,HLTH05,561.68
2024-07-29,HLTH05,557.78
2024-07-30,HLTH05,570.14
2024-07-31,HLTH05,611.63
2024-08-01,HLTH05,619.42
2024-08-02,HLTH05,620.72
2024-08-05,HLTH05,606.4
2024-08-06,HLTH05,599.63
2024-08-07,HLTH05,597.5
2024-08-08,HLTH05,591.93
2024-08-09,HLTH05,591.94
2024-08-12,HLTH05,611.06
2024-08-13,HLTH05,624.96
2024-08-14,HLTH05,623.36
2024-08-15,HLTH05,609.99
2024-08-16,HLTH05,624.86
2024-08-19,HLTH05,624.49
2024-08-20,HLTH05,605.27
2024-08-21,HLTH05,613.22
2024-08-22,HLTH05,624.72
2024-08-23,HLTH05,597.63
2024-08-26,HLTH05,588.94
2024-08-27,HLTH05,587.95
2024-08-28,HLTH05,595.9
2024-08-29,HLTH05,590.54
2024-08-30,HLTH05,581.87
2024-09-02,HLTH05,589.66
2024-09-03,HLTH05,584.87
2024-09-04,HLTH05,590.75
2024-09-05,HLTH05,579.11
2024-09-06,HLTH05,565.19
2024-09-09,HLTH05,573.04
2024-09-10,HLTH05,575.82
2024-09-11,HLTH05,585.55
2024-09-12,HLTH05,580.11
2024-09-13,HLTH05,571.98
2024-09-16,HLTH05,586.17
2024-09-17,HLTH05,570.27
2024-09-18,HLTH05,583.29
2024-09-19,HLTH05,597.33
2024-09-20,HLTH05,606.76
2024-09-23,HLTH05,599.43
2024-09-24,HLTH05,590.8
2024-09-25,HLTH05,588.74
2024-09-26,HLTH05,575.19
2024-09-27,HLTH05,565.41
2024-09-30,HLTH05,572.14
2024-10-01,HLTH05,579.0
2024-10-02,HLTH05,568.23
2024-10-03,HLTH05,575.32
2024-10-04,HLTH05,580.2
2024-10-07,HLTH05,596.14
2024-10-08,HLTH05,602.42
2024-10-09,HLTH05,614.08
2024-10-10,HLTH05,619.54
2024-10-11,HLTH05,630.66
2024-10-14,HLTH05,616.23
2024-10-15,HLTH05,615.07
2024-10-16,HLTH05,614.82
2024-10-17,HLTH05,612.31
2024-10-18,HLTH05,617.38
2024-10-21,HLTH05,624.62
2024-10-22,HLTH05,629.22
2024-10-23,HLTH05,627.4
2024-10-24,HLTH05,619.28
2024-10-25,HLTH05,631.7
2024-10-28,HLTH05,635.86
2024-10-29,HLTH05,624.4
2024-10-30,HLTH05,622.41
2024-10-31,HLTH05,603.06
2024-11-01,HLTH05,603.63
2024-11-04,HLTH05,601.65
2024-11-05,HLTH05,595.61
2024-11-06,HLTH05,612.78
2024-11-07,HLTH05,600.21
2024-11-08,HLTH05,608.02
2024-11-11,HLTH05,632.14
2024-11-12,HLTH05,644.58
2024-11-13,HLTH05,644.41
2024-11-14,HLTH05,631.45
2024-11-15,HLTH05,616.16
2024-11-18,HLTH05,611.78
2024-11-19,HLTH05,604.4
2024-11-20,HLTH05,596.75
2024-11-21,HLTH05,593.42
2024-11-22,HLTH05,592.51
2024-11-25,HLTH05,597.86
2024-11-26,HLTH05,584.72
2024-11-27,HLTH05,577.72
2024-11-28,HLTH05,576.23
2024-11-29,HLTH05,574.37
2024-12-02,HLTH05,593.53
2024-12-03,HLTH05,596.19
2024-12-04,HLTH05,579.06
2024-12-05,HLTH05,583.59
2024-12-06,HLTH05,589.49
2024-12-09,HLTH05,588.34
2024-12-10,HLTH05,575.67
2024-12-11,HLTH05,594.06
2024-12-12,HLTH05,582.8
2024-12-13,HLTH05,589.9
2024-12-16,HLTH05,592.21
2024-12-17,HLTH05,598.79
2024-12-18,HLTH05,617.36
2024-12-19,HLTH05,623.79
2024-12-20,HLTH05,617.7
2024-12-23,HLTH05,630.19
2024-12-24,HLTH05,623.22
2024-12-25,HLTH05,625.24
2024-12-26,HLTH05,610.87
2024-12-27,HLTH05,599.7
2024-12-30,HLTH05,600.43
2024-12-31,HLTH05,604.59
2025-01-01,HLTH05,586.24
2025-01-02,HLTH05,591.67
2025-01-03,HLTH05,583.12
2025-01-06,HLTH05,596.72
2025-01-07,HLTH05,593.12
2025-01-08,HLTH05,581.3
2025-01-09,HLTH05,582.27
2025-01-10,HLTH05,572.84
2025-01-13,HLTH05,586.1
2025-01-14,HLTH05,586.28
2025-01-15,HLTH05,584.86
2025-01-16,HLTH05,591.26
2025-01-17,HLTH05,580.74
2025-01-20,HLTH05,567.44
2025-01-21,HLTH05,571.78
2025-01-22,HLTH05,560.64
2025-01-23,HLTH05,549.7
2025-01-24,HLTH05,558.15
2025-01-27,HLTH05,563.59
2025-01-28,HLTH05,551.04
2025-01-29,HLTH05,545.07
2025-01-30,HLTH05,536.36
2025-01-31,HLTH05,553.67
2025-02-03,HLTH05,562.87
2025-02-04,HLTH05,558.77
2025-02-05,HLTH05,564.74
2025-02-06,HLTH05,551.12
2025-02-07,HLTH05,544.61
2025-02-10,HLTH05,545.8
2025-02-11,HLTH05,550.41
2025-02-12,HLTH05,549.61
2025-02-13,HLTH05,552.23
2025-02-14,HLTH05,553.17
2025-02-17,HLTH05,551.71
2025-02-18,HLTH05,548.93
2025-02-19,HLTH05,544.89
2025-02-20,HLTH05,547.33
2025-02-21,HLTH05,551.54
2025-02-24,HLTH05,553.67
2025-02-25,HLTH05,542.09
2025-02-26,HLTH05,532.51
2025-02-27,HLTH05,536.49
2025-02-28,HLTH05,550.86
2025-03-03,HLTH05,552.54
2025-03-04,HLTH05,548.61
2025-03-05,HLTH05,550.99
2025-03-06,HLTH05,539.88
2025-03-07,HLTH05,552.76
2025-03-10,HLTH05,554.79
2025-03-11,HLTH05,548.27
2025-03-12,HLTH05,546.79
2025-03-13,HLTH05,541.76
2025-03-14,HLTH05,554.72
2025-03-17,HLTH05,552.86
2025-03-18,HLTH05,554.57
2025-03-19,HLTH05,560.47
2025-03-20,HLTH05,553.16
2025-03-21,HLTH05,555.26
2025-03-24,HLTH05,558.17
2025-03-25,HLTH05,542.72
2025-03-26,HLTH05,545.35
2025-03-27,HLTH05,545.07
2025-03-28,HLTH05,546.51
2025-03-31,HLTH05,547.02
2025-04-01,HLTH05,549.74
2025-04-02,HLTH05,563.13
2025-04-03,HLTH05,551.35
2025-04-04,HLTH05,548.12
2025-04-07,HLTH05,554.86
2025-04-08,HLTH05,559.83
2025-04-09,HLTH05,564.63
2025-04-10,HLTH05,592.78
2025-04-11,HLTH05,599.51
2025-04-14,HLTH05,611.89
2025-04-15,HLTH05,608.7
2025-04-16,HLTH05,598.0
2025-04-17,HLTH05,594.8
2025-04-18,HLTH05,602.6
2025-04-21,HLTH05,607.19
2025-04-22,HLTH05,611.78
2025-04-23,HLTH05,609.6
2025-04-24,HLTH05,605.68
2025-04-25,HLTH05,603.91
2025-04-28,HLTH05,611.96
2025-04-29,HLTH05,621.41
2025-04-30,HLTH05,610.34
2025-05-01,HLTH05,618.9
2025-05-02,HLTH05,611.83
2025-05-05,HLTH05,617.18
2025-05-06,HLTH05,615.23
2025-05-07,HLTH05,632.76
2025-05-08,HLTH05,628.19
2025-05-09,HLTH05,630.39
2025-05-12,HLTH05,637.47
2025-05-13,HLTH05,627.63
2025-05-14,HLTH05,626.99
2025-05-15,HLTH05,624.17
2025-05-16,HLTH05,618.59
2025-05-19,HLTH05,613.88
2025-05-20,HLTH05,626.35
2025-05-21,HLTH05,619.79
2025-05-22,HLTH05,626.29
2025-05-23,HLTH05,630.03
2025-05-26,HLTH05,614.37
2025-05-27,HLTH05,620.3
2025-05-28,HLTH05,604.7
2025-05-29,HLTH05,611.72
2025-05-30,HLTH05,606.32
2025-06-02,HLTH05,606.59
2025-06-03,HLTH05,592.64
2025-06-04,HLTH05,594.13
2025-06-05,HLTH05,604.22
2025-06-06,HLTH05,595.62
2025-06-09,HLTH05,589.29
2025-06-10,HLTH05,594.29
2025-06-11,HLTH05,599.6
2025-06-12,HLTH05,573.51
2025-06-13,HLTH05,594.49
2025-06-16,HLTH05,600.32
2025-06-17,HLTH05,608.03
2025-06-18,HLTH05,606.64
2025-06-19,HLTH05,586.56
2025-06-20,HLTH05,593.86
2025-06-23,HLTH05,588.0
2025-06-24,HLTH05,593.93
2025-06-25,HLTH05,591.77
2025-06-26,HLTH05,594.49
2025-06-27,HLTH05,586.37
2025-06-30,HLTH05,595.67
2025-07-01,HLTH05,583.11
2025-07-02,HLTH05,606.85
2025-07-03,HLTH05,631.48
2025-07-04,HLTH05,650.23
2025-07-07,HLTH05,665.35
2025-07-08,HLTH05,664.54
2025-07-09,HLTH05,678.69
2025-07-10,HLTH05,677.72
2025-07-11,HLTH05,658.97
2025-07-14,HLTH05,677.0
2025-07-15,HLTH05,690.96
2025-07-16,HLTH05,690.78
2025-07-17,HLTH05,675.75
2025-07-18,HLTH05,668.82
2025-07-21,HLTH05,647.1
2025-07-22,HLTH05,658.3
2025-07-23,HLTH05,639.5
2025-07-24,HLTH05,642.99
2025-07-25,HLTH05,633.42
2025-07-28,HLTH05,617.35
2025-07-29,HLTH05,620.18
2025-07-30,HLTH05,616.64
2025-07-31,HLTH05,626.13
2025-08-01,HLTH05,612.03
2025-08-04,HLTH05,603.87
2025-08-05,HLTH05,578.1
2025-08-06,HLTH05,555.54
2025-08-07,HLTH05,573.69
2025-08-08,HLTH05,595.38
2025-08-11,HLTH05,596.55
2025-08-12,HLTH05,587.88
2025-08-13,HLTH05,584.9
2025-08-14,HLTH05,594.27
2025-08-15,HLTH05,588.95
2025-08-18,HLTH05,591.65
2025-08-19,HLTH05,591.69
2025-08-20,HLTH05,585.81
2025-08-21,HLTH05,580.43
2025-08-22,HLTH05,583.67
2025-08-25,HLTH05,573.58
2025-08-26,HLTH05,578.42
2025-08-27,HLTH05,573.68
2025-08-28,HLTH05,575.17
2025-08-29,HLTH05,589.67
2025-09-01,HLTH05,588.06
2025-09-02,HLTH05,597.98
2025-09-03,HLTH05,578.87
2025-09-04,HLTH05,574.14
2025-09-05,HLTH05,574.6
2025-09-08,HLTH05,594.66
2025-09-09,HLTH05,573.86
2025-09-10,HLTH05,573.04
2025-09-11,HLTH05,588.24
2025-09-12,HLTH05,580.1
2025-09-15,HLTH05,578.05
2025-09-16,HLTH05,581.68
2025-09-17,HLTH05,583.79
2025-09-18,HLTH05,600.41
2025-09-19,HLTH05,605.44
2025-09-22,HLTH05,620.09
2025-09-23,HLTH05,616.26
2025-09-24,HLTH05,608.23
2025-09-25,HLTH05,605.94
2025-09-26,HLTH05,593.48
2025-09-29,HLTH05,598.82
2025-09-30,HLTH05,594.85
2025-10-01,HLTH05,587.83
2025-10-02,HLTH05,593.28
2025-10-03,HLTH05,581.25
2025-10-06,HLTH05,589.48
2025-10-07,HLTH05,584.58
2025-10-08,HLTH05,596.96
2025-10-09,HLTH05,592.92
2025-10-10,HLTH05,599.84
2025-10-13,HLTH05,601.96
2025-10-14,HLTH05,610.2
2025-10-15,HLTH05,611.59
2025-10-16,HLTH05,593.46
2025-10-17,HLTH05,604.41
2025-10-20,HLTH05,603.64
2025-10-21,HLTH05,612.4
2025-10-22,HLTH05,620.19
2025-10-23,HLTH05,611.75
2025-10-24,HLTH05,601.86
2025-10-27,HLTH05,609.14
2025-10-28,HLTH05,606.0
2025-10-29,HLTH05,616.39
2025-10-30,HLTH05,614.6
2025-10-31,HLTH05,626.11
2025-11-03,HLTH05,631.06
2025-11-04,HLTH05,634.52
2025-11-05,HLTH05,630.44
2025-11-06,HLTH05,633.27
2025-11-07,HLTH05,647.06
2025-11-10,HLTH05,646.62
2025-11-11,HLTH05,653.0
2025-11-12,HLTH05,653.74
2025-11-13,HLTH05,655.4
2025-11-14,HLTH05,675.93
2025-11-17,HLTH05,690.75
2025-11-18,HLTH05,691.95
2025-11-19,HLTH05,694.82
2025-11-20,HLTH05,686.25
2025-11-21,HLTH05,684.32
2025-11-24,HLTH05,688.34
2025-11-25,HLTH05,699.09
2025-11-26,HLTH05,708.72
2025-11-27,HLTH05,694.78
2025-11-28,HLTH05,707.21
2025-12-01,HLTH05,706.29
2025-12-02,HLTH05,693.96
2025-12-03,HLTH05,710.86
2025-12-04,HLTH05,729.8
2025-12-05,HLTH05,733.48
2025-12-08,HLTH05,743.06
2025-12-09,HLTH05,753.54
2025-12-10,HLTH05,772.7
2025-12-11,HLTH05,783.06
2025-12-12,HLTH05,764.58
2025-12-15,HLTH05,792.47
2025-12-16,HLTH05,807.91
2025-12-17,HLTH05,800.74
2025-12-18,HLTH05,786.14
2025-12-19,HLTH05,793.52
2025-12-22,HLTH05,789.79
2025-12-23,HLTH05,794.71
2025-12-24,HLTH05,805.59
2025-12-25,HLTH05,797.61
2025-12-26,HLTH05,781.83
2025-12-29,HLTH05,787.49
2025-12-30,HLTH05,780.17
2025-12-31,HLTH05,782.45
2026-01-01,HLTH05,763.77
2026-01-02,HLTH05,760.53
2026-01-05,HLTH05,770.55
2026-01-06,HLTH05,779.18
2026-01-07,HLTH05,768.36
2026-01-08,HLTH05,752.43
2026-01-09,HLTH05,752.87
2026-01-12,HLTH05,760.7
2026-01-13,HLTH05,766.48
2026-01-14,HLTH05,759.64
2026-01-15,HLTH05,763.94
2026-01-16,HLTH05,784.83
2026-01-19,HLTH05,787.96
2026-01-20,HLTH05,765.04
2026-01-21,HLTH05,768.06
2026-01-22,HLTH05,796.55
2026-01-23,HLTH05,778.33
2026-01-26,HLTH05,778.98
2026-01-27,HLTH05,776.04
2026-01-28,HLTH05,777.61
2026-01-29,HLTH05,780.57
2026-01-30,HLTH05,796.82
2026-02-02,HLTH05,798.27
2026-02-03,HLTH05,816.86
2026-02-04,HLTH05,815.38
2026-02-05,HLTH05,810.49
2026-02-06,HLTH05,800.97
2026-02-09,HLTH05,775.01
2026-02-10,HLTH05,779.09
2026-02-11,HLTH05,808.13
2026-02-12,HLTH05,815.03
2026-02-13,HLTH05,825.35
2026-02-16,HLTH05,819.47
2026-02-17,HLTH05,816.11
2026-02-18,HLTH05,830.82
2026-02-19,HLTH05,861.11
2026-02-20,HLTH05,884.43
2026-02-23,HLTH05,897.51
2026-02-24,HLTH05,898.35
2026-02-25,HLTH05,902.01
2026-02-26,HLTH05,890.05
2026-02-27,HLTH05,867.11
2026-03-02,HLTH05,849.78
2024-01-01,ENRG01,108.52
2024-01-02,ENRG01,105.69
2024-01-03,ENRG01,105.65
2024-01-04,ENRG01,105.07
2024-01-05,ENRG01,102.89
2024-01-08,ENRG01,102.23
2024-01-09,ENRG01,101.67
2024-01-10,ENRG01,100.57
2024-01-11,ENRG01,102.28
2024-01-12,ENRG01,98.81
2024-01-15,ENRG01,95.31
2024-01-16,ENRG01,95.34
2024-01-17,ENRG01,95.53
2024-01-18,ENRG01,96.26
2024-01-19,ENRG01,95.35
2024-01-22,ENRG01,93.81
2024-01-23,ENRG01,93.82
2024-01-24,ENRG01,93.1
2024-01-25,ENRG01,95.73
2024-01-26,ENRG01,95.2
2024-01-29,ENRG01,95.14
2024-01-30,ENRG01,99.41
2024-01-31,ENRG01,99.09
2024-02-01,ENRG01,100.11
2024-02-02,ENRG01,101.3
2024-02-05,ENRG01,102.67
2024-02-06,ENRG01,103.23
2024-02-07,ENRG01,103.63
2024-02-08,ENRG01,103.84
2024-02-09,ENRG01,102.8
2024-02-12,ENRG01,103.43
2024-02-13,ENRG01,107.24
2024-02-14,ENRG01,109.61
2024-02-15,ENRG01,110.24
2024-02-16,ENRG01,
2024-02-19,ENRG01,110.25
2024-02-20,ENRG01,109.77
2024-02-21,ENRG01,111.68
2024-02-22,ENRG01,114.7
2024-02-23,ENRG01,113.14
2024-02-26,ENRG01,112.19
2024-02-27,ENRG01,116.63
2024-02-28,ENRG01,116.87
2024-02-29,ENRG01,120.74
2024-03-01,ENRG01,121.22
2024-03-04,ENRG01,121.8
2024-03-05,ENRG01,121.16
2024-03-06,ENRG01,123.26
2024-03-07,ENRG01,126.31
2024-03-08,ENRG01,123.99
2024-03-11,ENRG01,123.24
2024-03-12,ENRG01,125.31
2024-03-13,ENRG01,125.05
2024-03-14,ENRG01,123.98
2024-03-15,ENRG01,126.27
2024-03-18,ENRG01,128.82
2024-03-19,ENRG01,127.81
2024-03-20,ENRG01,128.34
2024-03-21,ENRG01,125.59
2024-03-22,ENRG01,123.6
2024-03-25,ENRG01,123.91
2024-03-26,ENRG01,124.02
2024-03-27,ENRG01,121.9
2024-03-28,ENRG01,120.36
2024-03-29,ENRG01,118.09
2024-04-01,ENRG01,119.1
2024-04-02,ENRG01,114.91
2024-04-03,ENRG01,112.86
2024-04-04,ENRG01,109.1
2024-04-05,ENRG01,109.96
2024-04-08,ENRG01,106.43
2024-04-09,ENRG01,106.52
2024-04-10,ENRG01,109.69
2024-04-11,ENRG01,113.03
2024-04-12,ENRG01,109.39
2024-04-15,ENRG01,110.01
2024-04-16,ENRG01,108.09
2024-04-17,ENRG01,105.8
2024-04-18,ENRG01,105.61
2024-04-19,ENRG01,107.98
2024-04-22,ENRG01,109.18
2024-04-23,ENRG01,107.8
2024-04-24,ENRG01,109.2
2024-04-25,ENRG01,104.83
2024-04-26,ENRG01,103.44
2024-04-29,ENRG01,101.93
2024-04-30,ENRG01,102.11
2024-05-01,ENRG01,101.77
2024-05-02,ENRG01,101.54
2024-05-03,ENRG01,101.25
2024-05-06,ENRG01,101.32
2024-05-07,ENRG01,102.34
2024-05-08,ENRG01,102.64
2024-05-09,ENRG01,102.15
2024-05-10,ENRG01,102.92
2024-05-13,ENRG01,104.48
2024-05-14,ENRG01,103.46
2024-05-15,ENRG01,103.38
2024-05-16,ENRG01,105.58
2024-05-17,ENRG01,103.51
2024-05-20,ENRG01,106.91
2024-05-21,ENRG01,104.36
2024-05-22,ENRG01,103.74
2024-05-23,ENRG01,102.0
2024-05-24,ENRG01,106.05
2024-05-27,ENRG01,105.12
2024-05-28,ENRG01,104.2
2024-05-29,ENRG01,103.54
2024-05-30,ENRG01,103.75
2024-05-31,ENRG01,103.17
2024-06-03,ENRG01,102.95
2024-06-04,ENRG01,96.44
2024-06-05,ENRG01,96.57
2024-06-06,ENRG01,96.63
2024-06-07,ENRG01,98.46
2024-06-10,ENRG01,100.81
2024-06-11,ENRG01,100.5
2024-06-12,ENRG01,102.01
2024-06-13,ENRG01,100.02
2024-06-14,ENRG01,101.43
2024-06-17,ENRG01,100.42
2024-06-18,ENRG01,98.3
2024-06-19,ENRG01,98.01
2024-06-20,ENRG01,100.51
2024-06-21,ENRG01,100.86
2024-06-24,ENRG01,103.61
2024-06-25,ENRG01,102.25
2024-06-26,ENRG01,104.2
2024-06-27,ENRG01,103.01
2024-06-28,ENRG01,103.46
2024-07-01,ENRG01,103.9
2024-07-02,ENRG01,105.16
2024-07-03,ENRG01,105.67
2024-07-04,ENRG01,104.3
2024-07-05,ENRG01,105.98
2024-07-08,ENRG01,109.31
2024-07-09,ENRG01,108.2
2024-07-10,ENRG01,104.66
2024-07-11,ENRG01,105.63
2024-07-12,ENRG01,105.03
2024-07-15,ENRG01,104.81
2024-07-16,ENRG01,105.9
2024-07-17,ENRG01,105.06
2024-07-18,ENRG01,104.58
2024-07-19,ENRG01,104.42
2024-07-22,ENRG01,107.22
2024-07-23,ENRG01,107.31
2024-07-24,ENRG01,104.95
2024-07-25,ENRG01,102.73
2024-07-26,ENRG01,103.01
2024-07-29,ENRG01,100.95
2024-07-30,ENRG01,98.14
2024-07-31,ENRG01,99.29
2024-08-01,ENRG01,100.55
2024-08-02,ENRG01,99.91
2024-08-05,ENRG01,100.47
2024-08-06,ENRG01,100.84
2024-08-07,ENRG01,101.96
2024-08-08,ENRG01,103.1
2024-08-09,ENRG01,98.3
2024-08-12,ENRG01,97.9
2024-08-13,ENRG01,98.84
2024-08-14,ENRG01,98.14
2024-08-15,ENRG01,98.24
2024-08-16,ENRG01,99.59
2024-08-19,ENRG01,99.77
2024-08-20,ENRG01,102.51
2024-08-21,ENRG01,104.62
2024-08-22,ENRG01,104.43
2024-08-23,ENRG01,104.08
2024-08-26,ENRG01,98.78
2024-08-27,ENRG01,98.22
2024-08-28,ENRG01,95.86
2024-08-29,ENRG01,96.27
2024-08-30,ENRG01,96.57
2024-09-02,ENRG01,97.8
2024-09-03,ENRG01,100.29
2024-09-04,ENRG01,100.27
2024-09-05,ENRG01,104.42
2024-09-06,ENRG01,104.89
2024-09-09,ENRG01,102.45
2024-09-10,ENRG01,101.44
2024-09-11,ENRG01,100.79
2024-09-12,ENRG01,101.9
2024-09-13,ENRG01,100.19
2024-09-16,ENRG01,99.68
2024-09-17,ENRG01,99.42
2024-09-18,ENRG01,98.65
2024-09-19,ENRG01,100.12
2024-09-20,ENRG01,101.31
2024-09-23,ENRG01,103.46
2024-09-24,ENRG01,102.88
2024-09-25,ENRG01,105.14
2024-09-26,ENRG01,102.59
2024-09-27,ENRG01,100.05
2024-09-30,ENRG01,97.9
2024-10-01,ENRG01,97.94
2024-10-02,ENRG01,100.09
2024-10-03,ENRG01,99.04
2024-10-04,ENRG01,98.22
2024-10-07,ENRG01,97.87
2024-10-08,ENRG01,98.9
2024-10-09,ENRG01,98.08
2024-10-10,ENRG01,97.17
2024-10-11,ENRG01,94.85
2024-10-14,ENRG01,93.9
2024-10-15,ENRG01,95.92
2024-10-16,ENRG01,96.1
2024-10-17,ENRG01,94.85
2024-10-18,ENRG01,96.99
2024-10-21,ENRG01,96.0
2024-10-22,ENRG01,98.48
2024-10-23,ENRG01,101.0
2024-10-24,ENRG01,101.13
2024-10-25,ENRG01,98.43
2024-10-28,ENRG01,102.52
2024-10-29,ENRG01,103.26
2024-10-30,ENRG01,102.69
2024-10-31,ENRG01,104.49
2024-11-01,ENRG01,105.84
2024-11-04,ENRG01,108.37
2024-11-05,ENRG01,107.11
2024-11-06,ENRG01,107.76
2024-11-07,ENRG01,105.49
2024-11-08,ENRG01,106.79
2024-11-11,ENRG01,106.78
2024-11-12,ENRG01,107.35
2024-11-13,ENRG01,107.1
2024-11-14,ENRG01,106.65
2024-11-15,ENRG01,105.01
2024-11-18,ENRG01,106.54
2024-11-19,ENRG01,109.43
2024-11-20,ENRG01,108.36
2024-11-21,ENRG01,109.47
2024-11-22,ENRG01,110.36
2024-11-25,ENRG01,110.41
2024-11-26,ENRG01,107.41
2024-11-27,ENRG01,104.92
2024-11-28,ENRG01,103.48
2024-11-29,ENRG01,99.53
2024-12-02,ENRG01,102.08
2024-12-03,ENRG01,102.79
2024-12-04,ENRG01,102.76
2024-12-05,ENRG01,98.74
2024-12-06,ENRG01,95.53
2024-12-09,ENRG01,95.55
2024-12-10,ENRG01,98.97
2024-12-11,ENRG01,97.76
2024-12-12,ENRG01,99.31
2024-12-13,ENRG01,98.48
2024-12-16,ENRG01,98.6
2024-12-17,ENRG01,100.79
2024-12-18,ENRG01,100.19
2024-12-19,ENRG01,98.98
2024-12-20,ENRG01,101.53
2024-12-23,ENRG01,101.65
2024-12-24,ENRG01,103.68
2024-12-25,ENRG01,102.43
2024-12-26,ENRG01,105.05
2024-12-27,ENRG01,105.6
2024-12-30,ENRG01,106.46
2024-12-31,ENRG01,106.74
2025-01-01,ENRG01,105.8
2025-01-02,ENRG01,105.83
2025-01-03,ENRG01,105.02
2025-01-06,ENRG01,106.87
2025-01-07,ENRG01,106.51
2025-01-08,ENRG01,103.67
2025-01-09,ENRG01,100.57
2025-01-10,ENRG01,97.47
2025-01-13,ENRG01,98.59
2025-01-14,ENRG01,96.57
2025-01-15,ENRG01,97.12
2025-01-16,ENRG01,97.39
2025-01-17,ENRG01,97.31
2025-01-20,ENRG01,98.1
2025-01-21,ENRG01,98.41
2025-01-22,ENRG01,93.64
2025-01-23,ENRG01,93.12
2025-01-24,ENRG01,93.86
2025-01-27,ENRG01,96.66
2025-01-28,ENRG01,99.63
2025-01-29,ENRG01,97.21
2025-01-30,ENRG01,96.63
2025-01-31,ENRG01,93.94
2025-02-03,ENRG01,96.53
2025-02-04,ENRG01,98.32
2025-02-05,ENRG01,98.97
2025-02-06,ENRG01,99.3
2025-02-07,ENRG01,101.8
2025-02-10,ENRG01,104.05
2025-02-11,ENRG01,106.25
2025-02-12,ENRG01,107.15
2025-02-13,ENRG01,106.51
2025-02-14,ENRG01,108.01
2025-02-17,ENRG01,109.63
2025-02-18,ENRG01,109.29
2025-02-19,ENRG01,108.63
2025-02-20,ENRG01,110.88
2025-02-21,ENRG01,114.23
2025-02-24,ENRG01,112.73
2025-02-25,ENRG01,112.23
2025-02-26,ENRG01,112.97
2025-02-27,ENRG01,113.99
2025-02-28,ENRG01,112.95
2025-03-03,ENRG01,116.82
2025-03-04,ENRG01,117.74
2025-03-05,ENRG01,118.9
2025-03-06,ENRG01,122.7
2025-03-07,ENRG01,121.75
2025-03-10,ENRG01,121.59
2025-03-11,ENRG01,118.88
2025-03-12,ENRG01,118.55
2025-03-13,ENRG01,115.41
2025-03-14,ENRG01,117.0
2025-03-17,ENRG01,117.92
2025-03-18,ENRG01,117.36
2025-03-19,ENRG01,117.19
2025-03-20,ENRG01,118.83
2025-03-21,ENRG01,116.43
2025-03-24,ENRG01,116.9
2025-03-25,ENRG01,118.4
2025-03-26,ENRG01,114.64
2025-03-27,ENRG01,116.09
2025-03-28,ENRG01,112.62
2025-03-31,ENRG01,112.42
2025-04-01,ENRG01,110.1
2025-04-02,ENRG01,112.97
2025-04-03,ENRG01,110.65
2025-04-04,ENRG01,107.4
2025-04-07,ENRG01,107.69
2025-04-08,ENRG01,106.92
2025-04-09,ENRG01,104.05
2025-04-10,ENRG01,105.07
2025-04-11,ENRG01,101.33
2025-04-14,ENRG01,99.47
2025-04-15,ENRG01,98.47
2025-04-16,ENRG01,99.93
2025-04-17,ENRG01,102.29
2025-04-18,ENRG01,104.35
2025-04-21,ENRG01,104.09
2025-04-22,ENRG01,99.57
2025-04-23,ENRG01,100.3
2025-04-24,ENRG01,102.99
2025-04-25,ENRG01,105.31
2025-04-28,ENRG01,106.22
2025-04-29,ENRG01,103.97
2025-04-30,ENRG01,103.02
2025-05-01,ENRG01,106.64
2025-05-02,ENRG01,103.95
2025-05-05,ENRG01,101.84
2025-05-06,ENRG01,103.59
2025-05-07,ENRG01,102.82
2025-05-08,ENRG01,100.66
2025-05-09,ENRG01,103.46
2025-05-12,ENRG01,104.35
2025-05-13,ENRG01,103.67
2025-05-14,ENRG01,101.56
2025-05-15,ENRG01,105.33
2025-05-16,ENRG01,105.32
2025-05-19,ENRG01,108.0
2025-05-20,ENRG01,109.77
2025-05-21,ENRG01,108.77
2025-05-22,ENRG01,107.8
2025-05-23,ENRG01,110.64
2025-05-26,ENRG01,113.59
2025-05-27,ENRG01,109.78
2025-05-28,ENRG01,110.9
2025-05-29,ENRG01,110.69
2025-05-30,ENRG01,108.67
2025-06-02,ENRG01,109.21
2025-06-03,ENRG01,106.59
2025-06-04,ENRG01,105.73
2025-06-05,ENRG01,104.24
2025-06-06,ENRG01,103.33
2025-06-09,ENRG01,103.23
2025-06-10,ENRG01,101.38
2025-06-11,ENRG01,104.28
2025-06-12,ENRG01,105.23
2025-06-13,ENRG01,108.67
2025-06-16,ENRG01,108.38
2025-06-17,ENRG01,107.35
2025-06-18,ENRG01,110.78
2025-06-19,ENRG01,109.66
2025-06-20,ENRG01,109.34
2025-06-23,ENRG01,
2025-06-24,ENRG01,108.35
2025-06-25,ENRG01,109.77
2025-06-26,ENRG01,110.96
2025-06-27,ENRG01,113.53
2025-06-30,ENRG01,115.38
2025-07-01,ENRG01,118.11
2025-07-02,ENRG01,117.91
2025-07-03,ENRG01,116.12
2025-07-04,ENRG01,120.56
2025-07-07,ENRG01,117.29
2025-07-08,ENRG01,114.31
2025-07-09,ENRG01,115.51
2025-07-10,ENRG01,118.92
2025-07-11,ENRG01,119.36
2025-07-14,ENRG01,121.55
2025-07-15,ENRG01,117.22
2025-07-16,ENRG01,116.2
2025-07-17,ENRG01,112.31
2025-07-18,ENRG01,113.92
2025-07-21,ENRG01,110.78
2025-07-22,ENRG01,108.27
2025-07-23,ENRG01,109.3
2025-07-24,ENRG01,111.43
2025-07-25,ENRG01,111.14
2025-07-28,ENRG01,112.31
2025-07-29,ENRG01,113.44
2025-07-30,ENRG01,113.03
2025-07-31,ENRG01,110.84
2025-08-01,ENRG01,112.0
2025-08-04,ENRG01,113.27
2025-08-05,ENRG01,115.12
2025-08-06,ENRG01,115.8
2025-08-07,ENRG01,113.4
2025-08-08,ENRG01,114.85
2025-08-11,ENRG01,114.88
2025-08-12,ENRG01,113.91
2025-08-13,ENRG01,113.34
2025-08-14,ENRG01,111.97
2025-08-15,ENRG01,113.79
2025-08-18,ENRG01,110.92
2025-08-19,ENRG01,108.97
2025-08-20,ENRG01,108.36
2025-08-21,ENRG01,111.54
2025-08-22,ENRG01,113.69
2025-08-25,ENRG01,110.37
2025-08-26,ENRG01,113.09
2025-08-27,ENRG01,115.87
2025-08-28,ENRG01,113.45
2025-08-29,ENRG01,108.34
2025-09-01,ENRG01,108.23
2025-09-02,ENRG01,110.45
2025-09-03,ENRG01,113.65
2025-09-04,ENRG01,111.9
2025-09-05,ENRG01,115.46
2025-09-08,ENRG01,110.86
2025-09-09,ENRG01,110.16
2025-09-10,ENRG01,109.37
2025-09-11,ENRG01,111.67
2025-09-12,ENRG01,114.31
2025-09-15,ENRG01,116.31
2025-09-16,ENRG01,113.52
2025-09-17,ENRG01,115.32
2025-09-18,ENRG01,116.41
2025-09-19,ENRG01,112.94
2025-09-22,ENRG01,108.77
2025-09-23,ENRG01,110.84
2025-09-24,ENRG01,110.51
2025-09-25,ENRG01,107.99
2025-09-26,ENRG01,107.62
2025-09-29,ENRG01,108.35
2025-09-30,ENRG01,108.22
2025-10-01,ENRG01,105.23
2025-10-02,ENRG01,108.84
2025-10-03,ENRG01,110.84
2025-10-06,ENRG01,110.2
2025-10-07,ENRG01,109.65
2025-10-08,ENRG01,110.39
2025-10-09,ENRG01,108.18
2025-10-10,ENRG01,108.84
2025-10-13,ENRG01,106.26
2025-10-14,ENRG01,106.16
2025-10-15,ENRG01,103.96
2025-10-16,ENRG01,101.9
2025-10-17,ENRG01,104.95
2025-10-20,ENRG01,105.09
2025-10-21,ENRG01,105.52
2025-10-22,ENRG01,101.73
2025-10-23,ENRG01,100.66
2025-10-24,ENRG01,101.53
2025-10-27,ENRG01,101.92
2025-10-28,ENRG01,97.99
2025-10-29,ENRG01,98.39
2025-10-30,ENRG01,99.07
2025-10-31,ENRG01,101.39
2025-11-03,ENRG01,100.22
2025-11-04,ENRG01,96.21
2025-11-05,ENRG01,94.51
2025-11-06,ENRG01,92.67
2025-11-07,ENRG01,93.93
2025-11-10,ENRG01,89.36
2025-11-11,ENRG01,88.67
2025-11-12,ENRG01,90.97
2025-11-13,ENRG01,91.01
2025-11-14,ENRG01,92.51
2025-11-17,ENRG01,89.8
2025-11-18,ENRG01,87.24
2025-11-19,ENRG01,89.52
2025-11-20,ENRG01,89.71
2025-11-21,ENRG01,89.9
2025-11-24,ENRG01,88.12
2025-11-25,ENRG01,88.31
2025-11-26,ENRG01,86.51
2025-11-27,ENRG01,88.39
2025-11-28,ENRG01,92.75
2025-12-01,ENRG01,93.59
2025-12-02,ENRG01,92.55
2025-12-03,ENRG01,88.36
2025-12-04,ENRG01,85.7
2025-12-05,ENRG01,88.13
2025-12-08,ENRG01,86.52
2025-12-09,ENRG01,85.97
2025-12-10,ENRG01,87.01
2025-12-11,ENRG01,89.36
2025-12-12,ENRG01,89.06
2025-12-15,ENRG01,88.44
2025-12-16,ENRG01,88.58
2025-12-17,ENRG01,87.61
2025-12-18,ENRG01,86.73
2025-12-19,ENRG01,87.4
2025-12-22,ENRG01,87.72
2025-12-23,ENRG01,91.11
2025-12-24,ENRG01,91.85
2025-12-25,ENRG01,93.78
2025-12-26,ENRG01,92.0
2025-12-29,ENRG01,92.9
2025-12-30,ENRG01,91.72
2025-12-31,ENRG01,92.4
2026-01-01,ENRG01,93.57
2026-01-02,ENRG01,93.69
2026-01-05,ENRG01,97.77
2026-01-06,ENRG01,100.32
2026-01-07,ENRG01,102.47
2026-01-08,ENRG01,103.91
2026-01-09,ENRG01,107.24
2026-01-12,ENRG01,104.5
2026-01-13,ENRG01,107.11
2026-01-14,ENRG01,105.23
2026-01-15,ENRG01,104.19
2026-01-16,ENRG01,
2026-01-19,ENRG01,107.65
2026-01-20,ENRG01,105.44
2026-01-21,ENRG01,104.5
2026-01-22,ENRG01,104.72
2026-01-23,ENRG01,104.4
2026-01-26,ENRG01,106.03
2026-01-27,ENRG01,112.62
2026-01-28,ENRG01,113.51
2026-01-29,ENRG01,112.04
2026-01-30,ENRG01,109.46
2026-02-02,ENRG01,108.85
2026-02-03,ENRG01,107.04
2026-02-04,ENRG01,107.97
2026-02-05,ENRG01,108.88
2026-02-06,ENRG01,108.01
2026-02-09,ENRG01,111.9
2026-02-10,ENRG01,110.45
2026-02-11,ENRG01,110.25
2026-02-12,ENRG01,111.55
2026-02-13,ENRG01,113.37
2026-02-16,ENRG01,116.01
2026-02-17,ENRG01,116.94
2026-02-18,ENRG01,119.19
2026-02-19,ENRG01,117.8
2026-02-20,ENRG01,119.78
2026-02-23,ENRG01,121.77
2026-02-24,ENRG01,125.12
2026-02-25,ENRG01,121.4
2026-02-26,ENRG01,119.46
2026-02-27,ENRG01,121.26
2026-03-02,ENRG01,115.51
2024-01-01,ENRG02,97.9
2024-01-02,ENRG02,96.92
2024-01-03,ENRG02,96.19
2024-01-04,ENRG02,94.36
2024-01-05,ENRG02,93.51
2024-01-08,ENRG02,92.7
2024-01-09,ENRG02,91.59
2024-01-10,ENRG02,90.4
2024-01-11,ENRG02,89.99
2024-01-12,ENRG02,89.56
2024-01-15,ENRG02,92.61
2024-01-16,ENRG02,91.98
2024-01-17,ENRG02,92.57
2024-01-18,ENRG02,91.64
2024-01-19,ENRG02,90.7
2024-01-22,ENRG02,87.94
2024-01-23,ENRG02,85.48
2024-01-24,ENRG02,83.65
2024-01-25,ENRG02,83.95
2024-01-26,ENRG02,85.6
2024-01-29,ENRG02,82.87
2024-01-30,ENRG02,82.08
2024-01-31,ENRG02,80.09
2024-02-01,ENRG02,79.73
2024-02-02,ENRG02,81.3
2024-02-05,ENRG02,80.67
2024-02-06,ENRG02,80.62
2024-02-07,ENRG02,82.76
2024-02-08,ENRG02,83.46
2024-02-09,ENRG02,82.35
2024-02-12,ENRG02,82.61
2024-02-13,ENRG02,81.4
2024-02-14,ENRG02,82.04
2024-02-15,ENRG02,82.83
2024-02-16,ENRG02,80.82
2024-02-19,ENRG02,81.09
2024-02-20,ENRG02,80.95
2024-02-21,ENRG02,81.76
2024-02-22,ENRG02,83.01
2024-02-23,ENRG02,83.75
2024-02-26,ENRG02,83.32
2024-02-27,ENRG02,84.74
2024-02-28,ENRG02,83.44
2024-02-29,ENRG02,81.48
2024-03-01,ENRG02,76.82
2024-03-04,ENRG02,76.74
2024-03-05,ENRG02,75.63
2024-03-06,ENRG02,76.2
2024-03-07,ENRG02,73.52
2024-03-08,ENRG02,72.68
2024-03-11,ENRG02,73.32
2024-03-12,ENRG02,71.98
2024-03-13,ENRG02,72.53
2024-03-14,ENRG02,71.83
2024-03-15,ENRG02,71.81
2024-03-18,ENRG02,72.6
2024-03-19,ENRG02,73.86
2024-03-20,ENRG02,74.01
2024-03-21,ENRG02,72.95
2024-03-22,ENRG02,72.37
2024-03-25,ENRG02,73.22
2024-03-26,ENRG02,71.89
2024-03-27,ENRG02,71.69
2024-03-28,ENRG02,71.21
2024-03-29,ENRG02,71.1
2024-04-01,ENRG02,69.83
2024-04-02,ENRG02,67.52
2024-04-03,ENRG02,68.17
2024-04-04,ENRG02,69.38
2024-04-05,ENRG02,67.16
2024-04-08,ENRG02,67.63
2024-04-09,ENRG02,68.97
2024-04-10,ENRG02,69.73
2024-04-11,ENRG02,69.22
2024-04-12,ENRG02,68.07
2024-04-15,ENRG02,68.19
2024-04-16,ENRG02,68.51
2024-04-17,ENRG02,68.65
2024-04-18,ENRG02,68.45
2024-04-19,ENRG02,67.14
2024-04-22,ENRG02,67.67
2024-04-23,ENRG02,68.26
2024-04-24,ENRG02,68.53
2024-04-25,ENRG02,68.69
2024-04-26,ENRG02,70.78
2024-04-29,ENRG02,70.01
2024-04-30,ENRG02,71.64
2024-05-01,ENRG02,70.72
2024-05-02,ENRG02,72.15
2024-05-03,ENRG02,73.78
2024-05-06,ENRG02,73.41
2024-05-07,ENRG02,75.63
2024-05-08,ENRG02,76.29
2024-05-09,ENRG02,75.1
2024-05-10,ENRG02,74.62
2024-05-13,ENRG02,76.17
2024-05-14,ENRG02,77.45
2024-05-15,ENRG02,76.0
2024-05-16,ENRG02,75.83
2024-05-17,ENRG02,76.13
2024-05-20,ENRG02,75.46
2024-05-21,ENRG02,78.69
2024-05-22,ENRG02,79.04
2024-05-23,ENRG02,78.98
2024-05-24,ENRG02,80.69
2024-05-27,ENRG02,80.19
2024-05-28,ENRG02,81.67
2024-05-29,ENRG02,79.24
2024-05-30,ENRG02,78.62
2024-05-31,ENRG02,80.12
2024-06-03,ENRG02,82.41
2024-06-04,ENRG02,81.29
2024-06-05,ENRG02,80.01
2024-06-06,ENRG02,80.85
2024-06-07,ENRG02,79.97
2024-06-10,ENRG02,79.61
2024-06-11,ENRG02,80.89
2024-06-12,ENRG02,80.12
2024-06-13,ENRG02,77.31
2024-06-14,ENRG02,75.52
2024-06-17,ENRG02,75.56
2024-06-18,ENRG02,73.05
2024-06-19,ENRG02,72.68
2024-06-20,ENRG02,70.88
2024-06-21,ENRG02,72.99
2024-06-24,ENRG02,75.86
2024-06-25,ENRG02,74.44
2024-06-26,ENRG02,74.8
2024-06-27,ENRG02,73.53
2024-06-28,ENRG02,73.15
2024-07-01,ENRG02,75.54
2024-07-02,ENRG02,74.93
2024-07-03,ENRG02,74.57
2024-07-04,ENRG02,73.32
2024-07-05,ENRG02,74.86
2024-07-08,ENRG02,70.48
2024-07-09,ENRG02,69.94
2024-07-10,ENRG02,69.91
2024-07-11,ENRG02,69.1
2024-07-12,ENRG02,70.19
2024-07-15,ENRG02,71.73
2024-07-16,ENRG02,69.93
2024-07-17,ENRG02,72.58
2024-07-18,ENRG02,70.75
2024-07-19,ENRG02,72.41
2024-07-22,ENRG02,72.63
2024-07-23,ENRG02,71.99
2024-07-24,ENRG02,71.48
2024-07-25,ENRG02,71.46
2024-07-26,ENRG02,71.75
2024-07-29,ENRG02,70.58
2024-07-30,ENRG02,70.31
2024-07-31,ENRG02,69.35
2024-08-01,ENRG02,67.86
2024-08-02,ENRG02,66.88
2024-08-05,ENRG02,65.51
2024-08-06,ENRG02,65.04
2024-08-07,ENRG02,65.56
2024-08-08,ENRG02,65.73
2024-08-09,ENRG02,68.08
2024-08-12,ENRG02,65.39
2024-08-13,ENRG02,65.96
2024-08-14,ENRG02,65.99
2024-08-15,ENRG02,66.98
2024-08-16,ENRG02,67.86
2024-08-19,ENRG02,67.68
2024-08-20,ENRG02,67.91
2024-08-21,ENRG02,67.02
2024-08-22,ENRG02,67.78
2024-08-23,ENRG02,65.51
2024-08-26,ENRG02,66.45
2024-08-27,ENRG02,66.44
2024-08-28,ENRG02,65.88
2024-08-29,ENRG02,65.62
2024-08-30,ENRG02,65.45
2024-09-02,ENRG02,67.0
2024-09-03,ENRG02,70.92
2024-09-04,ENRG02,72.5
2024-09-05,ENRG02,71.78
2024-09-06,ENRG02,72.62
2024-09-09,ENRG02,73.52
2024-09-10,ENRG02,72.32
2024-09-11,ENRG02,70.7
2024-09-12,ENRG02,70.64
2024-09-13,ENRG02,71.69
2024-09-16,ENRG02,69.63
2024-09-17,ENRG02,68.75
2024-09-18,ENRG02,69.48
2024-09-19,ENRG02,69.55
2024-09-20,ENRG02,71.34
2024-09-23,ENRG02,69.55
2024-09-24,ENRG02,72.52
2024-09-25,ENRG02,70.53
2024-09-26,ENRG02,67.98
2024-09-27,ENRG02,67.93
2024-09-30,ENRG02,66.56
2024-10-01,ENRG02,66.53
2024-10-02,ENRG02,66.46
2024-10-03,ENRG02,66.25
2024-10-04,ENRG02,65.27
2024-10-07,ENRG02,65.79
2024-10-08,ENRG02,65.44
2024-10-09,ENRG02,66.76
2024-10-10,ENRG02,66.56
2024-10-11,ENRG02,65.42
2024-10-14,ENRG02,63.46
2024-10-15,ENRG02,63.28
2024-10-16,ENRG02,61.85
2024-10-17,ENRG02,60.37
2024-10-18,ENRG02,60.96
2024-10-21,ENRG02,59.03
2024-10-22,ENRG02,60.54
2024-10-23,ENRG02,60.74
2024-10-24,ENRG02,60.71
2024-10-25,ENRG02,59.59
2024-10-28,ENRG02,60.43
2024-10-29,ENRG02,60.45
2024-10-30,ENRG02,59.72
2024-10-31,ENRG02,59.95
2024-11-01,ENRG02,58.15
2024-11-04,ENRG02,56.46
2024-11-05,ENRG02,55.34
2024-11-06,ENRG02,55.7
2024-11-07,ENRG02,55.72
2024-11-08,ENRG02,56.79
2024-11-11,ENRG02,55.86
2024-11-12,ENRG02,56.46
2024-11-13,ENRG02,56.36
2024-11-14,ENRG02,55.42
2024-11-15,ENRG02,55.82
2024-11-18,ENRG02,55.77
2024-11-19,ENRG02,55.15
2024-11-20,ENRG02,55.21
2024-11-21,ENRG02,55.1
2024-11-22,ENRG02,54.96
2024-11-25,ENRG02,54.57
2024-11-26,ENRG02,53.31
2024-11-27,ENRG02,53.4
2024-11-28,ENRG02,52.64
2024-11-29,ENRG02,51.69
2024-12-02,ENRG02,51.48
2024-12-03,ENRG02,52.18
2024-12-04,ENRG02,52.37
2024-12-05,ENRG02,51.88
2024-12-06,ENRG02,51.36
2024-12-09,ENRG02,51.97
2024-12-10,ENRG02,49.74
2024-12-11,ENRG02,50.47
2024-12-12,ENRG02,48.78
2024-12-13,ENRG02,47.55
2024-12-16,ENRG02,47.13
2024-12-17,ENRG02,48.98
2024-12-18,ENRG02,50.48
2024-12-19,ENRG02,51.13
2024-12-20,ENRG02,51.48
2024-12-23,ENRG02,49.77
2024-12-24,ENRG02,49.92
2024-12-25,ENRG02,49.44
2024-12-26,ENRG02,48.73
2024-12-27,ENRG02,48.88
2024-12-30,ENRG02,48.48
2024-12-31,ENRG02,49.25
2025-01-01,ENRG02,47.55
2025-01-02,ENRG02,47.63
2025-01-03,ENRG02,46.89
2025-01-06,ENRG02,46.56
2025-01-07,ENRG02,46.83
2025-01-08,ENRG02,45.9
2025-01-09,ENRG02,46.05
2025-01-10,ENRG02,45.89
2025-01-13,ENRG02,45.36
2025-01-14,ENRG02,44.99
2025-01-15,ENRG02,44.88
2025-01-16,ENRG02,44.27
2025-01-17,ENRG02,44.29
2025-01-20,ENRG02,44.08
2025-01-21,ENRG02,43.61
2025-01-22,ENRG02,44.87
2025-01-23,ENRG02,45.22
2025-01-24,ENRG02,44.92
2025-01-27,ENRG02,45.05
2025-01-28,ENRG02,44.23
2025-01-29,ENRG02,43.9
2025-01-30,ENRG02,43.66
2025-01-31,ENRG02,42.69
2025-02-03,ENRG02,43.0
2025-02-04,ENRG02,42.62
2025-02-05,ENRG02,42.36
2025-02-06,ENRG02,41.94
2025-02-07,ENRG02,44.19
2025-02-10,ENRG02,43.67
2025-02-11,ENRG02,42.06
2025-02-12,ENRG02,40.86
2025-02-13,ENRG02,41.43
2025-02-14,ENRG02,42.44
2025-02-17,ENRG02,41.93
2025-02-18,ENRG02,42.91
2025-02-19,ENRG02,43.5
2025-02-20,ENRG02,43.36
2025-02-21,ENRG02,43.17
2025-02-24,ENRG02,43.33
2025-02-25,ENRG02,44.02
2025-02-26,ENRG02,44.35
2025-02-27,ENRG02,43.82
2025-02-28,ENRG02,43.7
2025-03-03,ENRG02,45.27
2025-03-04,ENRG02,45.49
2025-03-05,ENRG02,46.22
2025-03-06,ENRG02,46.68
2025-03-07,ENRG02,46.92
2025-03-10,ENRG02,47.03
2025-03-11,ENRG02,47.8
2025-03-12,ENRG02,48.43
2025-03-13,ENRG02,48.68
2025-03-14,ENRG02,48.09
2025-03-17,ENRG02,48.43
2025-03-18,ENRG02,48.39
2025-03-19,ENRG02,48.14
2025-03-20,ENRG02,50.47
2025-03-21,ENRG02,49.09
2025-03-24,ENRG02,49.95
2025-03-25,ENRG02,49.19
2025-03-26,ENRG02,49.32
2025-03-27,ENRG02,51.62
2025-03-28,ENRG02,50.74
2025-03-31,ENRG02,50.09
2025-04-01,ENRG02,50.09
2025-04-02,ENRG02,49.34
2025-04-03,ENRG02,50.14
2025-04-04,ENRG02,49.67
2025-04-07,ENRG02,50.27
2025-04-08,ENRG02,49.09
2025-04-09,ENRG02,47.5
2025-04-10,ENRG02,47.32
2025-04-11,ENRG02,46.0
2025-04-14,ENRG02,47.27
2025-04-15,ENRG02,45.98
2025-04-16,ENRG02,45.14
2025-04-17,ENRG02,45.49
2025-04-18,ENRG02,45.02
2025-04-21,ENRG02,43.81
2025-04-22,ENRG02,45.43
2025-04-23,ENRG02,44.62
2025-04-24,ENRG02,44.48
2025-04-25,ENRG02,44.32
2025-04-28,ENRG02,44.9
2025-04-29,ENRG02,45.29
2025-04-30,ENRG02,44.63
2025-05-01,ENRG02,44.38
2025-05-02,ENRG02,44.21
2025-05-05,ENRG02,44.82
2025-05-06,ENRG02,43.89
2025-05-07,ENRG02,45.5
2025-05-08,ENRG02,44.89
2025-05-09,ENRG02,44.9
2025-05-12,ENRG02,43.98
2025-05-13,ENRG02,42.96
2025-05-14,ENRG02,42.3
2025-05-15,ENRG02,41.57
2025-05-16,ENRG02,41.27
2025-05-19,ENRG02,40.56
2025-05-20,ENRG02,41.08
2025-05-21,ENRG02,40.51
2025-05-22,ENRG02,39.87
2025-05-23,ENRG02,39.6
2025-05-26,ENRG02,40.32
2025-05-27,ENRG02,40.49
2025-05-28,ENRG02,40.43
2025-05-29,ENRG02,39.4
2025-05-30,ENRG02,38.6
2025-06-02,ENRG02,37.72
2025-06-03,ENRG02,38.62
2025-06-04,ENRG02,39.0
2025-06-05,ENRG02,38.41
2025-06-06,ENRG02,38.03
2025-06-09,ENRG02,37.48
2025-06-10,ENRG02,36.89
2025-06-11,ENRG02,37.21
2025-06-12,ENRG02,37.03
2025-06-13,ENRG02,38.42
2025-06-16,ENRG02,39.3
2025-06-17,ENRG02,40.24
2025-06-18,ENRG02,40.74
2025-06-19,ENRG02,40.44
2025-06-20,ENRG02,40.89
2025-06-23,ENRG02,40.64
2025-06-24,ENRG02,41.85
2025-06-25,ENRG02,42.16
2025-06-26,ENRG02,42.38
2025-06-27,ENRG02,42.49
2025-06-30,ENRG02,43.83
2025-07-01,ENRG02,42.71
2025-07-02,ENRG02,44.14
2025-07-03,ENRG02,44.0
2025-07-04,ENRG02,42.9
2025-07-07,ENRG02,42.33
2025-07-08,ENRG02,41.09
2025-07-09,ENRG02,41.58
2025-07-10,ENRG02,40.82
2025-07-11,ENRG02,40.96
2025-07-14,ENRG02,41.8
2025-07-15,ENRG02,41.31
2025-07-16,ENRG02,41.12
2025-07-17,ENRG02,40.17
2025-07-18,ENRG02,39.9
2025-07-21,ENRG02,41.76
2025-07-22,ENRG02,42.36
2025-07-23,ENRG02,42.17
2025-07-24,ENRG02,41.72
2025-07-25,ENRG02,41.7
2025-07-28,ENRG02,41.81
2025-07-29,ENRG02,41.51
2025-07-30,ENRG02,41.92
2025-07-31,ENRG02,41.21
2025-08-01,ENRG02,40.51
2025-08-04,ENRG02,40.79
2025-08-05,ENRG02,39.95
2025-08-06,ENRG02,40.48
2025-08-07,ENRG02,40.49
2025-08-08,ENRG02,39.17
2025-08-11,ENRG02,39.25
2025-08-12,ENRG02,38.08
2025-08-13,ENRG02,38.56
2025-08-14,ENRG02,38.4
2025-08-15,ENRG02,39.69
2025-08-18,ENRG02,40.47
2025-08-19,ENRG02,39.71
2025-08-20,ENRG02,38.28
2025-08-21,ENRG02,37.77
2025-08-22,ENRG02,36.95
2025-08-25,ENRG02,38.17
2025-08-26,ENRG02,38.18
2025-08-27,ENRG02,38.83
2025-08-28,ENRG02,38.64
2025-08-29,ENRG02,38.53
2025-09-01,ENRG02,38.52
2025-09-02,ENRG02,39.3
2025-09-03,ENRG02,39.53
2025-09-04,ENRG02,38.79
2025-09-05,ENRG02,39.93
2025-09-08,ENRG02,39.74
2025-09-09,ENRG02,39.42
2025-09-10,ENRG02,37.43
2025-09-11,ENRG02,37.87
2025-09-12,ENRG02,37.95
2025-09-15,ENRG02,38.02
2025-09-16,ENRG02,37.76
2025-09-17,ENRG02,37.38
2025-09-18,ENRG02,37.14
2025-09-19,ENRG02,37.46
2025-09-22,ENRG02,37.91
2025-09-23,ENRG02,37.76
2025-09-24,ENRG02,38.42
2025-09-25,ENRG02,38.37
2025-09-26,ENRG02,38.04
2025-09-29,ENRG02,38.18
2025-09-30,ENRG02,37.26
2025-10-01,ENRG02,37.43
2025-10-02,ENRG02,36.4
2025-10-03,ENRG02,35.74
2025-10-06,ENRG02,34.45
2025-10-07,ENRG02,34.35
2025-10-08,ENRG02,35.36
2025-10-09,ENRG02,35.29
2025-10-10,ENRG02,35.71
2025-10-13,ENRG02,37.24
2025-10-14,ENRG02,37.52
2025-10-15,ENRG02,37.01
2025-10-16,ENRG02,36.61
2025-10-17,ENRG02,36.62
2025-10-20,ENRG02,36.21
2025-10-21,ENRG02,35.86
2025-10-22,ENRG02,36.5
2025-10-23,ENRG02,37.19
2025-10-24,ENRG02,36.1
2025-10-27,ENRG02,35.58
2025-10-28,ENRG02,35.29
2025-10-29,ENRG02,35.68
2025-10-30,ENRG02,36.43
2025-10-31,ENRG02,38.21
2025-11-03,ENRG02,37.9
2025-11-04,ENRG02,37.63
2025-11-05,ENRG02,38.04
2025-11-06,ENRG02,37.58
2025-11-07,ENRG02,37.5
2025-11-10,ENRG02,37.23
2025-11-11,ENRG02,35.48
2025-11-12,ENRG02,35.57
2025-11-13,ENRG02,35.47
2025-11-14,ENRG02,36.29
2025-11-17,ENRG02,36.3
2025-11-18,ENRG02,35.5
2025-11-19,ENRG02,35.34
2025-11-20,ENRG02,34.02
2025-11-21,ENRG02,33.29
2025-11-24,ENRG02,33.68
2025-11-25,ENRG02,33.54
2025-11-26,ENRG02,34.11
2025-11-27,ENRG02,32.91
2025-11-28,ENRG02,32.78
2025-12-01,ENRG02,32.51
2025-12-02,ENRG02,33.08
2025-12-03,ENRG02,33.49
2025-12-04,ENRG02,33.88
2025-12-05,ENRG02,34.83
2025-12-08,ENRG02,34.61
2025-12-09,ENRG02,35.45
2025-12-10,ENRG02,34.8
2025-12-11,ENRG02,34.13
2025-12-12,ENRG02,34.61
2025-12-15,ENRG02,33.68
2025-12-16,ENRG02,34.04
2025-12-17,ENRG02,34.11
2025-12-18,ENRG02,34.78
2025-12-19,ENRG02,34.75
2025-12-22,ENRG02,34.79
2025-12-23,ENRG02,35.12
2025-12-24,ENRG02,34.72
2025-12-25,ENRG02,34.29
2025-12-26,ENRG02,34.59
2025-12-29,ENRG02,34.58
2025-12-30,ENRG02,34.34
2025-12-31,ENRG02,34.3
2026-01-01,ENRG02,35.29
2026-01-02,ENRG02,35.02
2026-01-05,ENRG02,34.73
2026-01-06,ENRG02,33.68
2026-01-07,ENRG02,33.66
2026-01-08,ENRG02,34.07
2026-01-09,ENRG02,34.59
2026-01-12,ENRG02,34.67
2026-01-13,ENRG02,35.28
2026-01-14,ENRG02,35.75
2026-01-15,ENRG02,36.48
2026-01-16,ENRG02,37.14
2026-01-19,ENRG02,38.2
2026-01-20,ENRG02,38.09
2026-01-21,ENRG02,37.19
2026-01-22,ENRG02,37.65
2026-01-23,ENRG02,38.19
2026-01-26,ENRG02,39.28
2026-01-27,ENRG02,40.2
2026-01-28,ENRG02,41.62
2026-01-29,ENRG02,42.09
2026-01-30,ENRG02,42.28
2026-02-02,ENRG02,41.24
2026-02-03,ENRG02,41.48
2026-02-04,ENRG02,41.08
2026-02-05,ENRG02,41.25
2026-02-06,ENRG02,41.3
2026-02-09,ENRG02,41.66
2026-02-10,ENRG02,41.6
2026-02-11,ENRG02,42.32
2026-02-12,ENRG02,40.25
2026-02-13,ENRG02,40.4
2026-02-16,ENRG02,41.29
2026-02-17,ENRG02,42.69
2026-02-18,ENRG02,43.27
2026-02-19,ENRG02,44.59
2026-02-20,ENRG02,44.74
2026-02-23,ENRG02,44.76
2026-02-24,ENRG02,45.2
2026-02-25,ENRG02,45.21
2026-02-26,ENRG02,44.59
2026-02-27,ENRG02,44.19
2026-03-02,ENRG02,43.31
2024-01-01,ENRG03,240.71
2024-01-02,ENRG03,239.22
2024-01-03,ENRG03,236.85
2024-01-04,ENRG03,239.08
2024-01-05,ENRG03,242.51
2024-01-08,ENRG03,237.65
2024-01-09,ENRG03,232.21
2024-01-10,ENRG03,236.27
2024-01-11,ENRG03,230.49
2024-01-12,ENRG03,232.83
2024-01-15,ENRG03,239.68
2024-01-16,ENRG03,246.73
2024-01-17,ENRG03,250.09
2024-01-18,ENRG03,253.35
2024-01-19,ENRG03,263.7
2024-01-22,ENRG03,252.7
2024-01-23,ENRG03,250.66
2024-01-24,ENRG03,254.56
2024-01-25,ENRG03,253.09
2024-01-26,ENRG03,258.82
2024-01-29,ENRG03,258.71
2024-01-30,ENRG03,259.4
2024-01-31,ENRG03,258.2
2024-02-01,ENRG03,255.85
2024-02-02,ENRG03,253.4
2024-02-05,ENRG03,254.72
2024-02-06,ENRG03,251.24
2024-02-07,ENRG03,255.63
2024-02-08,ENRG03,258.71
2024-02-09,ENRG03,263.91
2024-02-12,ENRG03,258.63
2024-02-13,ENRG03,250.79
2024-02-14,ENRG03,250.85
2024-02-15,ENRG03,264.01
2024-02-16,ENRG03,270.11
2024-02-19,ENRG03,267.49
2024-02-20,ENRG03,269.62
2024-02-21,ENRG03,273.23
2024-02-22,ENRG03,266.58
2024-02-23,ENRG03,273.23
2024-02-26,ENRG03,272.49
2024-02-27,ENRG03,272.13
2024-02-28,ENRG03,272.33
2024-02-29,ENRG03,278.02
2024-03-01,ENRG03,274.32
2024-03-04,ENRG03,265.98
2024-03-05,ENRG03,267.6
2024-03-06,ENRG03,257.84
2024-03-07,ENRG03,256.52
2024-03-08,ENRG03,262.08
2024-03-11,ENRG03,264.89
2024-03-12,ENRG03,269.94
2024-03-13,ENRG03,273.03
2024-03-14,ENRG03,284.96
2024-03-15,ENRG03,282.03
2024-03-18,ENRG03,284.13
2024-03-19,ENRG03,281.98
2024-03-20,ENRG03,286.92
2024-03-21,ENRG03,286.69
2024-03-22,ENRG03,295.64
2024-03-25,ENRG03,292.91
2024-03-26,ENRG03,300.41
2024-03-27,ENRG03,303.71
2024-03-28,ENRG03,303.62
2024-03-29,ENRG03,306.68
2024-04-01,ENRG03,308.21
2024-04-02,ENRG03,310.28
2024-04-03,ENRG03,309.22
2024-04-04,ENRG03,305.41
2024-04-05,ENRG03,303.66
2024-04-08,ENRG03,294.55
2024-04-09,ENRG03,299.1
2024-04-10,ENRG03,292.54
2024-04-11,ENRG03,291.48
2024-04-12,ENRG03,294.97
2024-04-15,ENRG03,299.51
2024-04-16,ENRG03,290.04
2024-04-17,ENRG03,289.64
2024-04-18,ENRG03,292.13
2024-04-19,ENRG03,292.49
2024-04-22,ENRG03,299.65
2024-04-23,ENRG03,295.31
2024-04-24,ENRG03,284.51
2024-04-25,ENRG03,288.74
2024-04-26,ENRG03,286.04
2024-04-29,ENRG03,277.07
2024-04-30,ENRG03,276.36
2024-05-01,ENRG03,282.57
2024-05-02,ENRG03,276.23
2024-05-03,ENRG03,287.92
2024-05-06,ENRG03,283.67
2024-05-07,ENRG03,284.2
2024-05-08,ENRG03,278.05
2024-05-09,ENRG03,278.34
2024-05-10,ENRG03,277.75
2024-05-13,ENRG03,270.39
2024-05-14,ENRG03,284.22
2024-05-15,ENRG03,281.77
2024-05-16,ENRG03,279.35
2024-05-17,ENRG03,284.31
2024-05-20,ENRG03,293.68
2024-05-21,ENRG03,299.72
2024-05-22,ENRG03,293.33
2024-05-23,ENRG03,294.55
2024-05-24,ENRG03,284.66
2024-05-27,ENRG03,289.36
2024-05-28,ENRG03,280.93
2024-05-29,ENRG03,276.96
2024-05-30,ENRG03,277.02
2024-05-31,ENRG03,279.33
2024-06-03,ENRG03,278.1
2024-06-04,ENRG03,285.79
2024-06-05,ENRG03,289.59
2024-06-06,ENRG03,293.04
2024-06-07,ENRG03,286.64
2024-06-10,ENRG03,295.5
2024-06-11,ENRG03,291.31
2024-06-12,ENRG03,300.51
2024-06-13,ENRG03,311.54
2024-06-14,ENRG03,314.51
2024-06-17,ENRG03,320.45
2024-06-18,ENRG03,302.76
2024-06-19,ENRG03,301.79
2024-06-20,ENRG03,307.87
2024-06-21,ENRG03,313.08
2024-06-24,ENRG03,306.3
2024-06-25,ENRG03,304.77
2024-06-26,ENRG03,290.95
2024-06-27,ENRG03,293.2
2024-06-28,ENRG03,283.35
2024-07-01,ENRG03,289.2
2024-07-02,ENRG03,295.44
2024-07-03,ENRG03,293.01
2024-07-04,ENRG03,295.85
2024-07-05,ENRG03,294.78
2024-07-08,ENRG03,296.15
2024-07-09,ENRG03,290.12
2024-07-10,ENRG03,293.46
2024-07-11,ENRG03,284.88
2024-07-12,ENRG03,275.58
2024-07-15,ENRG03,275.06
2024-07-16,ENRG03,274.1
2024-07-17,ENRG03,275.52
2024-07-18,ENRG03,272.38
2024-07-19,ENRG03,281.71
2024-07-22,ENRG03,282.61
2024-07-23,ENRG03,283.88
2024-07-24,ENRG03,284.97
2024-07-25,ENRG03,290.2
2024-07-26,ENRG03,293.3
2024-07-29,ENRG03,295.72
2024-07-30,ENRG03,299.73
2024-07-31,ENRG03,289.97
2024-08-01,ENRG03,280.73
2024-08-02,ENRG03,280.43
2024-08-05,ENRG03,279.52
2024-08-06,ENRG03,282.52
2024-08-07,ENRG03,282.71
2024-08-08,ENRG03,285.75
2024-08-09,ENRG03,279.43
2024-08-12,ENRG03,279.46
2024-08-13,ENRG03,272.8
2024-08-14,ENRG03,274.78
2024-08-15,ENRG03,265.57
2024-08-16,ENRG03,267.32
2024-08-19,ENRG03,260.33
2024-08-20,ENRG03,258.61
2024-08-21,ENRG03,262.85
2024-08-22,ENRG03,264.01
2024-08-23,ENRG03,256.27
2024-08-26,ENRG03,253.24
2024-08-27,ENRG03,246.48
2024-08-28,ENRG03,239.03
2024-08-29,ENRG03,239.61
2024-08-30,ENRG03,242.1
2024-09-02,ENRG03,244.09
2024-09-03,ENRG03,246.81
2024-09-04,ENRG03,246.83
2024-09-05,ENRG03,245.69
2024-09-06,ENRG03,241.02
2024-09-09,ENRG03,239.18
2024-09-10,ENRG03,233.57
2024-09-11,ENRG03,230.08
2024-09-12,ENRG03,230.52
2024-09-13,ENRG03,230.1
2024-09-16,ENRG03,242.86
2024-09-17,ENRG03,237.05
2024-09-18,ENRG03,236.59
2024-09-19,ENRG03,230.6
2024-09-20,ENRG03,229.06
2024-09-23,ENRG03,227.69
2024-09-24,ENRG03,231.23
2024-09-25,ENRG03,229.42
2024-09-26,ENRG03,228.7
2024-09-27,ENRG03,227.0
2024-09-30,ENRG03,221.34
2024-10-01,ENRG03,218.81
2024-10-02,ENRG03,217.37
2024-10-03,ENRG03,217.73
2024-10-04,ENRG03,219.98
2024-10-07,ENRG03,219.12
2024-10-08,ENRG03,218.19
2024-10-09,ENRG03,211.5
2024-10-10,ENRG03,213.62
2024-10-11,ENRG03,211.0
2024-10-14,ENRG03,213.9
2024-10-15,ENRG03,219.04
2024-10-16,ENRG03,218.36
2024-10-17,ENRG03,214.41
2024-10-18,ENRG03,214.41
2024-10-21,ENRG03,215.82
2024-10-22,ENRG03,214.65
2024-10-23,ENRG03,212.54
2024-10-24,ENRG03,214.76
2024-10-25,ENRG03,216.75
2024-10-28,ENRG03,215.46
2024-10-29,ENRG03,209.11
2024-10-30,ENRG03,210.89
2024-10-31,ENRG03,208.04
2024-11-01,ENRG03,208.91
2024-11-04,ENRG03,209.54
2024-11-05,ENRG03,202.48
2024-11-06,ENRG03,202.83
2024-11-07,ENRG03,204.77
2024-11-08,ENRG03,207.18
2024-11-11,ENRG03,207.68
2024-11-12,ENRG03,200.35
2024-11-13,ENRG03,205.02
2024-11-14,ENRG03,206.6
2024-11-15,ENRG03,202.18
2024-11-18,ENRG03,199.38
2024-11-19,ENRG03,200.27
2024-11-20,ENRG03,202.78
2024-11-21,ENRG03,201.06
2024-11-22,ENRG03,204.11
2024-11-25,ENRG03,197.58
2024-11-26,ENRG03,193.93
2024-11-27,ENRG03,186.78
2024-11-28,ENRG03,183.82
2024-11-29,ENRG03,188.87
2024-12-02,ENRG03,195.92
2024-12-03,ENRG03,196.81
2024-12-04,ENRG03,194.6
2024-12-05,ENRG03,193.89
2024-12-06,ENRG03,195.6
2024-12-09,ENRG03,190.15
2024-12-10,ENRG03,188.25
2024-12-11,ENRG03,193.17
2024-12-12,ENRG03,189.59
2024-12-13,ENRG03,187.09
2024-12-16,ENRG03,187.19
2024-12-17,ENRG03,188.2
2024-12-18,ENRG03,186.14
2024-12-19,ENRG03,186.45
2024-12-20,ENRG03,188.55
2024-12-23,ENRG03,195.26
2024-12-24,ENRG03,194.88
2024-12-25,ENRG03,194.79
2024-12-26,ENRG03,200.21
2024-12-27,ENRG03,198.29
2024-12-30,ENRG03,193.62
2024-12-31,ENRG03,194.55
2025-01-01,ENRG03,198.38
2025-01-02,ENRG03,199.73
2025-01-03,ENRG03,199.44
2025-01-06,ENRG03,194.3
2025-01-07,ENRG03,194.15
2025-01-08,ENRG03,198.52
2025-01-09,ENRG03,194.17
2025-01-10,ENRG03,193.37
2025-01-13,ENRG03,192.08
2025-01-14,ENRG03,189.73
2025-01-15,ENRG03,190.63
2025-01-16,ENRG03,192.21
2025-01-17,ENRG03,193.76
2025-01-20,ENRG03,190.42
2025-01-21,ENRG03,184.83
2025-01-22,ENRG03,185.76
2025-01-23,ENRG03,184.12
2025-01-24,ENRG03,190.27
2025-01-27,ENRG03,196.78
2025-01-28,ENRG03,203.89
2025-01-29,ENRG03,200.5
2025-01-30,ENRG03,202.62
2025-01-31,ENRG03,205.86
2025-02-03,ENRG03,208.73
2025-02-04,ENRG03,207.46
2025-02-05,ENRG03,212.3
2025-02-06,ENRG03,212.36
2025-02-07,ENRG03,212.92
2025-02-10,ENRG03,207.09
2025-02-11,ENRG03,209.55
2025-02-12,ENRG03,208.63
2025-02-13,ENRG03,210.44
2025-02-14,ENRG03,211.39
2025-02-17,ENRG03,212.15
2025-02-18,ENRG03,212.04
2025-02-19,ENRG03,215.1
2025-02-20,ENRG03,214.4
2025-02-21,ENRG03,208.84
2025-02-24,ENRG03,211.05
2025-02-25,ENRG03,208.04
2025-02-26,ENRG03,203.14
2025-02-27,ENRG03,199.46
2025-02-28,ENRG03,200.54
2025-03-03,ENRG03,200.25
2025-03-04,ENRG03,192.62
2025-03-05,ENRG03,191.35
2025-03-06,ENRG03,195.44
2025-03-07,ENRG03,193.91
2025-03-10,ENRG03,193.39
2025-03-11,ENRG03,197.08
2025-03-12,ENRG03,199.96
2025-03-13,ENRG03,203.7
2025-03-14,ENRG03,193.59
2025-03-17,ENRG03,199.69
2025-03-18,ENRG03,202.04
2025-03-19,ENRG03,211.05
2025-03-20,ENRG03,208.14
2025-03-21,ENRG03,201.6
2025-03-24,ENRG03,201.68
2025-03-25,ENRG03,200.74
2025-03-26,ENRG03,203.17
2025-03-27,ENRG03,207.16
2025-03-28,ENRG03,206.89
2025-03-31,ENRG03,206.06
2025-04-01,ENRG03,208.06
2025-04-02,ENRG03,207.16
2025-04-03,ENRG03,205.96
2025-04-04,ENRG03,209.86
2025-04-07,ENRG03,214.69
2025-04-08,ENRG03,218.94
2025-04-09,ENRG03,218.34
2025-04-10,ENRG03,210.0
2025-04-11,ENRG03,209.5
2025-04-14,ENRG03,206.71
2025-04-15,ENRG03,206.28
2025-04-16,ENRG03,203.85
2025-04-17,ENRG03,203.84
2025-04-18,ENRG03,200.09
2025-04-21,ENRG03,195.53
2025-04-22,ENRG03,199.9
2025-04-23,ENRG03,196.47
2025-04-24,ENRG03,196.53
2025-04-25,ENRG03,199.96
2025-04-28,ENRG03,203.31
2025-04-29,ENRG03,206.28
2025-04-30,ENRG03,207.47
2025-05-01,ENRG03,210.24
2025-05-02,ENRG03,215.5
2025-05-05,ENRG03,217.21
2025-05-06,ENRG03,210.09
2025-05-07,ENRG03,208.16
2025-05-08,ENRG03,210.83
2025-05-09,ENRG03,208.51
2025-05-12,ENRG03,214.65
2025-05-13,ENRG03,214.47
2025-05-14,ENRG03,214.87
2025-05-15,ENRG03,219.28
2025-05-16,ENRG03,218.63
2025-05-19,ENRG03,219.39
2025-05-20,ENRG03,223.0
2025-05-21,ENRG03,217.16
2025-05-22,ENRG03,216.11
2025-05-23,ENRG03,219.4
2025-05-26,ENRG03,219.72
2025-05-27,ENRG03,225.59
2025-05-28,ENRG03,219.26
2025-05-29,ENRG03,212.66
2025-05-30,ENRG03,215.67
2025-06-02,ENRG03,219.09
2025-06-03,ENRG03,218.4
2025-06-04,ENRG03,220.04
2025-06-05,ENRG03,223.05
2025-06-06,ENRG03,219.85
2025-06-09,ENRG03,217.12
2025-06-10,ENRG03,217.93
2025-06-11,ENRG03,221.54
2025-06-12,ENRG03,216.96
2025-06-13,ENRG03,216.25
2025-06-16,ENRG03,215.36
2025-06-17,ENRG03,217.05
2025-06-18,ENRG03,217.08
2025-06-19,ENRG03,215.01
2025-06-20,ENRG03,219.91
2025-06-23,ENRG03,217.84
2025-06-24,ENRG03,216.76
2025-06-25,ENRG03,210.62
2025-06-26,ENRG03,207.97
2025-06-27,ENRG03,209.97
2025-06-30,ENRG03,211.24
2025-07-01,ENRG03,213.59
2025-07-02,ENRG03,215.77
2025-07-03,ENRG03,223.94
2025-07-04,ENRG03,220.99
2025-07-07,ENRG03,214.62
2025-07-08,ENRG03,210.62
2025-07-09,ENRG03,208.02
2025-07-10,ENRG03,204.43
2025-07-11,ENRG03,204.84
2025-07-14,ENRG03,209.52
2025-07-15,ENRG03,215.39
2025-07-16,ENRG03,217.41
2025-07-17,ENRG03,225.85
2025-07-18,ENRG03,224.47
2025-07-21,ENRG03,217.94
2025-07-22,ENRG03,222.14
2025-07-23,ENRG03,214.86
2025-07-24,ENRG03,212.0
2025-07-25,ENRG03,214.05
2025-07-28,ENRG03,213.72
2025-07-29,ENRG03,213.05
2025-07-30,ENRG03,208.58
2025-07-31,ENRG03,208.61
2025-08-01,ENRG03,212.44
2025-08-04,ENRG03,212.58
2025-08-05,ENRG03,209.46
2025-08-06,ENRG03,204.82
2025-08-07,ENRG03,201.9
2025-08-08,ENRG03,203.39
2025-08-11,ENRG03,204.71
2025-08-12,ENRG03,201.82
2025-08-13,ENRG03,193.85
2025-08-14,ENRG03,195.37
2025-08-15,ENRG03,192.27
2025-08-18,ENRG03,194.71
2025-08-19,ENRG03,192.12
2025-08-20,ENRG03,188.76
2025-08-21,ENRG03,189.34
2025-08-22,ENRG03,197.43
2025-08-25,ENRG03,200.15
2025-08-26,ENRG03,200.7
2025-08-27,ENRG03,202.06
2025-08-28,ENRG03,195.75
2025-08-29,ENRG03,191.86
2025-09-01,ENRG03,183.24
2025-09-02,ENRG03,189.0
2025-09-03,ENRG03,194.26
2025-09-04,ENRG03,195.69
2025-09-05,ENRG03,196.22
2025-09-08,ENRG03,190.8
2025-09-09,ENRG03,190.11
2025-09-10,ENRG03,196.3
2025-09-11,ENRG03,196.82
2025-09-12,ENRG03,194.88
2025-09-15,ENRG03,188.77
2025-09-16,ENRG03,193.52
2025-09-17,ENRG03,193.33
2025-09-18,ENRG03,187.28
2025-09-19,ENRG03,184.22
2025-09-22,ENRG03,180.04
2025-09-23,ENRG03,179.66
2025-09-24,ENRG03,180.39
2025-09-25,ENRG03,178.81
2025-09-26,ENRG03,181.36
2025-09-29,ENRG03,181.67
2025-09-30,ENRG03,185.2
2025-10-01,ENRG03,184.07
2025-10-02,ENRG03,194.21
2025-10-03,ENRG03,192.3
2025-10-06,ENRG03,189.23
2025-10-07,ENRG03,185.79
2025-10-08,ENRG03,185.14
2025-10-09,ENRG03,179.46
2025-10-10,ENRG03,180.47
2025-10-13,ENRG03,174.33
2025-10-14,ENRG03,174.89
2025-10-15,ENRG03,170.69
2025-10-16,ENRG03,169.57
2025-10-17,ENRG03,171.47
2025-10-20,ENRG03,178.63
2025-10-21,ENRG03,175.22
2025-10-22,ENRG03,174.8
2025-10-23,ENRG03,172.57
2025-10-24,ENRG03,169.92
2025-10-27,ENRG03,167.79
2025-10-28,ENRG03,170.32
2025-10-29,ENRG03,168.88
2025-10-30,ENRG03,175.77
2025-10-31,ENRG03,177.14
2025-11-03,ENRG03,173.97
2025-11-04,ENRG03,172.87
2025-11-05,ENRG03,170.43
2025-11-06,ENRG03,172.94
2025-11-07,ENRG03,167.89
2025-11-10,ENRG03,163.88
2025-11-11,ENRG03,162.19
2025-11-12,ENRG03,164.23
2025-11-13,ENRG03,167.93
2025-11-14,ENRG03,172.15
2025-11-17,ENRG03,173.84
2025-11-18,ENRG03,173.63
2025-11-19,ENRG03,176.17
2025-11-20,ENRG03,172.59
2025-11-21,ENRG03,166.91
2025-11-24,ENRG03,168.28
2025-11-25,ENRG03,165.28
2025-11-26,ENRG03,165.14
2025-11-27,ENRG03,165.54
2025-11-28,ENRG03,166.33
2025-12-01,ENRG03,169.19
2025-12-02,ENRG03,171.77
2025-12-03,ENRG03,172.43
2025-12-04,ENRG03,171.11
2025-12-05,ENRG03,171.49
2025-12-08,ENRG03,169.7
2025-12-09,ENRG03,169.15
2025-12-10,ENRG03,177.17
2025-12-11,ENRG03,177.81
2025-12-12,ENRG03,179.3
2025-12-15,ENRG03,177.08
2025-12-16,ENRG03,180.38
2025-12-17,ENRG03,182.91
2025-12-18,ENRG03,185.49
2025-12-19,ENRG03,186.26
2025-12-22,ENRG03,189.78
2025-12-23,ENRG03,194.19
2025-12-24,ENRG03,195.23
2025-12-25,ENRG03,194.89
2025-12-26,ENRG03,198.09
2025-12-29,ENRG03,194.92
2025-12-30,ENRG03,192.46
2025-12-31,ENRG03,192.33
2026-01-01,ENRG03,186.36
2026-01-02,ENRG03,189.2
2026-01-05,ENRG03,185.97
2026-01-06,ENRG03,184.45
2026-01-07,ENRG03,183.8
2026-01-08,ENRG03,183.98
2026-01-09,ENRG03,182.9
2026-01-12,ENRG03,182.73
2026-01-13,ENRG03,182.59
2026-01-14,ENRG03,181.18
2026-01-15,ENRG03,178.71
2026-01-16,ENRG03,182.24
2026-01-19,ENRG03,175.39
2026-01-20,ENRG03,174.8
2026-01-21,ENRG03,173.37
2026-01-22,ENRG03,174.73
2026-01-23,ENRG03,170.21
2026-01-26,ENRG03,168.73
2026-01-27,ENRG03,168.47
2026-01-28,ENRG03,171.77
2026-01-29,ENRG03,172.85
2026-01-30,ENRG03,169.22
2026-02-02,ENRG03,167.78
2026-02-03,ENRG03,170.51
2026-02-04,ENRG03,166.87
2026-02-05,ENRG03,166.69
2026-02-06,ENRG03,166.71
2026-02-09,ENRG03,165.6
2026-02-10,ENRG03,173.69
2026-02-11,ENRG03,172.45
2026-02-12,ENRG03,173.9
2026-02-13,ENRG03,171.55
2026-02-16,ENRG03,173.23
2026-02-17,ENRG03,176.0
2026-02-18,ENRG03,174.19
2026-02-19,ENRG03,174.07
2026-02-20,ENRG03,171.32
2026-02-23,ENRG03,167.84
2026-02-24,ENRG03,171.02
2026-02-25,ENRG03,169.37
2026-02-26,ENRG03,162.06
2026-02-27,ENRG03,167.26
2026-03-02,ENRG03,164.89
2024-01-01,ENRG04,178.87
2024-01-02,ENRG04,178.47
2024-01-03,ENRG04,177.99
2024-01-04,ENRG04,174.11
2024-01-05,ENRG04,169.04
2024-01-08,ENRG04,168.59
2024-01-09,ENRG04,169.74
2024-01-10,ENRG04,170.72
2024-01-11,ENRG04,169.29
2024-01-12,ENRG04,169.41
2024-01-15,ENRG04,163.86
2024-01-16,ENRG04,165.26
2024-01-17,ENRG04,165.79
2024-01-18,ENRG04,171.73
2024-01-19,ENRG04,171.81
2024-01-22,ENRG04,168.94
2024-01-23,ENRG04,168.84
2024-01-24,ENRG04,167.89
2024-01-25,ENRG04,169.26
2024-01-26,ENRG04,169.39
2024-01-29,ENRG04,165.6
2024-01-30,ENRG04,160.77
2024-01-31,ENRG04,161.58
2024-02-01,ENRG04,165.65
2024-02-02,ENRG04,165.94
2024-02-05,ENRG04,168.42
2024-02-06,ENRG04,171.54
2024-02-07,ENRG04,172.41
2024-02-08,ENRG04,169.94
2024-02-09,ENRG04,170.59
2024-02-12,ENRG04,174.34
2024-02-13,ENRG04,176.06
2024-02-14,ENRG04,178.48
2024-02-15,ENRG04,177.05
2024-02-16,ENRG04,176.46
2024-02-19,ENRG04,176.14
2024-02-20,ENRG04,176.03
2024-02-21,ENRG04,179.78
2024-02-22,ENRG04,172.24
2024-02-23,ENRG04,172.38
2024-02-26,ENRG04,172.19
2024-02-27,ENRG04,167.99
2024-02-28,ENRG04,170.07
2024-02-29,ENRG04,167.9
2024-03-01,ENRG04,166.88
2024-03-04,ENRG04,172.48
2024-03-05,ENRG04,175.67
2024-03-06,ENRG04,177.54
2024-03-07,ENRG04,178.81
2024-03-08,ENRG04,178.33
2024-03-11,ENRG04,184.8
2024-03-12,ENRG04,187.52
2024-03-13,ENRG04,185.05
2024-03-14,ENRG04,180.44
2024-03-15,ENRG04,182.34
2024-03-18,ENRG04,182.21
2024-03-19,ENRG04,177.58
2024-03-20,ENRG04,179.0
2024-03-21,ENRG04,178.19
2024-03-22,ENRG04,179.94
2024-03-25,ENRG04,181.43
2024-03-26,ENRG04,179.5
2024-03-27,ENRG04,181.59
2024-03-28,ENRG04,180.02
2024-03-29,ENRG04,178.67
2024-04-01,ENRG04,177.01
2024-04-02,ENRG04,180.67
2024-04-03,ENRG04,179.81
2024-04-04,ENRG04,184.31
2024-04-05,ENRG04,190.28
2024-04-08,ENRG04,187.81
2024-04-09,ENRG04,177.99
2024-04-10,ENRG04,181.39
2024-04-11,ENRG04,180.33
2024-04-12,ENRG04,177.57
2024-04-15,ENRG04,175.74
2024-04-16,ENRG04,174.48
2024-04-17,ENRG04,178.61
2024-04-18,ENRG04,179.18
2024-04-19,ENRG04,183.37
2024-04-22,ENRG04,185.06
2024-04-23,ENRG04,184.08
2024-04-24,ENRG04,182.84
2024-04-25,ENRG04,184.75
2024-04-26,ENRG04,187.53
2024-04-29,ENRG04,190.95
2024-04-30,ENRG04,190.11
2024-05-01,ENRG04,190.77
2024-05-02,ENRG04,192.83
2024-05-03,ENRG04,191.55
2024-05-06,ENRG04,187.7
2024-05-07,ENRG04,185.03
2024-05-08,ENRG04,184.28
2024-05-09,ENRG04,186.53
2024-05-10,ENRG04,190.82
2024-05-13,ENRG04,186.22
2024-05-14,ENRG04,184.27
2024-05-15,ENRG04,183.14
2024-05-16,ENRG04,185.81
2024-05-17,ENRG04,184.1
2024-05-20,ENRG04,182.73
2024-05-21,ENRG04,178.14
2024-05-22,ENRG04,179.75
2024-05-23,ENRG04,179.28
2024-05-24,ENRG04,177.22
2024-05-27,ENRG04,176.45
2024-05-28,ENRG04,180.08
2024-05-29,ENRG04,176.88
2024-05-30,ENRG04,174.25
2024-05-31,ENRG04,178.23
2024-06-03,ENRG04,178.53
2024-06-04,ENRG04,180.73
2024-06-05,ENRG04,182.09
2024-06-06,ENRG04,182.03
2024-06-07,ENRG04,180.95
2024-06-10,ENRG04,183.71
2024-06-11,ENRG04,187.61
2024-06-12,ENRG04,191.33
2024-06-13,ENRG04,187.3
2024-06-14,ENRG04,191.76
2024-06-17,ENRG04,190.58
2024-06-18,ENRG04,188.05
2024-06-19,ENRG04,187.53
2024-06-20,ENRG04,190.39
2024-06-21,ENRG04,192.3
2024-06-24,ENRG04,191.47
2024-06-25,ENRG04,194.42
2024-06-26,ENRG04,194.97
2024-06-27,ENRG04,193.01
2024-06-28,ENRG04,190.61
2024-07-01,ENRG04,192.08
2024-07-02,ENRG04,191.85
2024-07-03,ENRG04,187.16
2024-07-04,ENRG04,190.07
2024-07-05,ENRG04,188.48
2024-07-08,ENRG04,193.94
2024-07-09,ENRG04,189.1
2024-07-10,ENRG04,188.54
2024-07-11,ENRG04,186.22
2024-07-12,ENRG04,183.01
2024-07-15,ENRG04,181.46
2024-07-16,ENRG04,187.3
2024-07-17,ENRG04,187.84
2024-07-18,ENRG04,185.22
2024-07-19,ENRG04,179.17
2024-07-22,ENRG04,173.68
2024-07-23,ENRG04,172.05
2024-07-24,ENRG04,170.14
2024-07-25,ENRG04,169.51
2024-07-26,ENRG04,162.62
2024-07-29,ENRG04,162.4
2024-07-30,ENRG04,165.46
2024-07-31,ENRG04,170.34
2024-08-01,ENRG04,164.58
2024-08-02,ENRG04,162.26
2024-08-05,ENRG04,159.81
2024-08-06,ENRG04,160.28
2024-08-07,ENRG04,156.81
2024-08-08,ENRG04,161.6
2024-08-09,ENRG04,161.78
2024-08-12,ENRG04,161.47
2024-08-13,ENRG04,166.15
2024-08-14,ENRG04,166.15
2024-08-15,ENRG04,167.39
2024-08-16,ENRG04,165.18
2024-08-19,ENRG04,161.16
2024-08-20,ENRG04,159.44
2024-08-21,ENRG04,165.76
2024-08-22,ENRG04,167.7
2024-08-23,ENRG04,168.58
2024-08-26,ENRG04,165.66
2024-08-27,ENRG04,168.43
2024-08-28,ENRG04,164.37
2024-08-29,ENRG04,159.78
2024-08-30,ENRG04,158.22
2024-09-02,ENRG04,163.83
2024-09-03,ENRG04,169.48
2024-09-04,ENRG04,168.15
2024-09-05,ENRG04,166.16
2024-09-06,ENRG04,161.31
2024-09-09,ENRG04,161.58
2024-09-10,ENRG04,162.1
2024-09-11,ENRG04,164.45
2024-09-12,ENRG04,167.2
2024-09-13,ENRG04,166.66
2024-09-16,ENRG04,168.37
2024-09-17,ENRG04,166.3
2024-09-18,ENRG04,167.96
2024-09-19,ENRG04,166.47
2024-09-20,ENRG04,167.9
2024-09-23,ENRG04,169.1
2024-09-24,ENRG04,169.36
2024-09-25,ENRG04,171.83
2024-09-26,ENRG04,167.02
2024-09-27,ENRG04,163.87
2024-09-30,ENRG04,163.12
2024-10-01,ENRG04,158.94
2024-10-02,ENRG04,157.82
2024-10-03,ENRG04,156.8
2024-10-04,ENRG04,160.55
2024-10-07,ENRG04,161.01
2024-10-08,ENRG04,164.04
2024-10-09,ENRG04,164.98
2024-10-10,ENRG04,163.44
2024-10-11,ENRG04,163.88
2024-10-14,ENRG04,166.08
2024-10-15,ENRG04,169.7
2024-10-16,ENRG04,169.34
2024-10-17,ENRG04,164.37
2024-10-18,ENRG04,159.34
2024-10-21,ENRG04,158.45
2024-10-22,ENRG04,151.83
2024-10-23,ENRG04,156.78
2024-10-24,ENRG04,158.51
2024-10-25,ENRG04,156.75
2024-10-28,ENRG04,153.66
2024-10-29,ENRG04,156.55
2024-10-30,ENRG04,153.46
2024-10-31,ENRG04,150.7
2024-11-01,ENRG04,148.66
2024-11-04,ENRG04,149.01
2024-11-05,ENRG04,150.72
2024-11-06,ENRG04,154.0
2024-11-07,ENRG04,156.95
2024-11-08,ENRG04,157.0
2024-11-11,ENRG04,159.93
2024-11-12,ENRG04,158.04
2024-11-13,ENRG04,152.91
2024-11-14,ENRG04,151.11
2024-11-15,ENRG04,148.96
2024-11-18,ENRG04,147.31
2024-11-19,ENRG04,144.81
2024-11-20,ENRG04,143.65
2024-11-21,ENRG04,145.3
2024-11-22,ENRG04,149.83
2024-11-25,ENRG04,145.22
2024-11-26,ENRG04,141.9
2024-11-27,ENRG04,139.92
2024-11-28,ENRG04,141.89
2024-11-29,ENRG04,141.41
2024-12-02,ENRG04,139.61
2024-12-03,ENRG04,141.45
2024-12-04,ENRG04,143.93
2024-12-05,ENRG04,143.92
2024-12-06,ENRG04,141.85
2024-12-09,ENRG04,142.59
2024-12-10,ENRG04,142.03
2024-12-11,ENRG04,141.46
2024-12-12,ENRG04,140.19
2024-12-13,ENRG04,142.57
2024-12-16,ENRG04,143.25
2024-12-17,ENRG04,145.97
2024-12-18,ENRG04,149.52
2024-12-19,ENRG04,150.8
2024-12-20,ENRG04,149.47
2024-12-23,ENRG04,152.32
2024-12-24,ENRG04,153.64
2024-12-25,ENRG04,160.89
2024-12-26,ENRG04,161.83
2024-12-27,ENRG04,163.91
2024-12-30,ENRG04,164.82
2024-12-31,ENRG04,164.57
2025-01-01,ENRG04,163.86
2025-01-02,ENRG04,164.77
2025-01-03,ENRG04,166.37
2025-01-06,ENRG04,169.88
2025-01-07,ENRG04,170.87
2025-01-08,ENRG04,169.5
2025-01-09,ENRG04,168.55
2025-01-10,ENRG04,164.59
2025-01-13,ENRG04,169.56
2025-01-14,ENRG04,167.96
2025-01-15,ENRG04,170.93
2025-01-16,ENRG04,171.84
2025-01-17,ENRG04,172.83
2025-01-20,ENRG04,172.51
2025-01-21,ENRG04,170.12
2025-01-22,ENRG04,167.2
2025-01-23,ENRG04,172.46
2025-01-24,ENRG04,172.86
2025-01-27,ENRG04,176.42
2025-01-28,ENRG04,180.87
2025-01-29,ENRG04,179.58
2025-01-30,ENRG04,181.01
2025-01-31,ENRG04,181.21
2025-02-03,ENRG04,177.49
2025-02-04,ENRG04,176.95
2025-02-05,ENRG04,178.87
2025-02-06,ENRG04,177.32
2025-02-07,ENRG04,176.34
2025-02-10,ENRG04,175.84
2025-02-11,ENRG04,182.57
2025-02-12,ENRG04,176.6
2025-02-13,ENRG04,178.25
2025-02-14,ENRG04,177.49
2025-02-17,ENRG04,175.5
2025-02-18,ENRG04,174.67
2025-02-19,ENRG04,176.82
2025-02-20,ENRG04,179.18
2025-02-21,ENRG04,179.83
2025-02-24,ENRG04,183.43
2025-02-25,ENRG04,187.67
2025-02-26,ENRG04,190.48
2025-02-27,ENRG04,188.67
2025-02-28,ENRG04,190.4
2025-03-03,ENRG04,192.17
2025-03-04,ENRG04,189.41
2025-03-05,ENRG04,184.11
2025-03-06,ENRG04,177.47
2025-03-07,ENRG04,177.74
2025-03-10,ENRG04,178.75
2025-03-11,ENRG04,175.0
2025-03-12,ENRG04,178.35
2025-03-13,ENRG04,178.89
2025-03-14,ENRG04,183.29
2025-03-17,ENRG04,184.57
2025-03-18,ENRG04,181.08
2025-03-19,ENRG04,182.63
2025-03-20,ENRG04,184.88
2025-03-21,ENRG04,183.12
2025-03-24,ENRG04,178.42
2025-03-25,ENRG04,178.8
2025-03-26,ENRG04,175.63
2025-03-27,ENRG04,179.22
2025-03-28,ENRG04,177.96
2025-03-31,ENRG04,183.54
2025-04-01,ENRG04,176.58
2025-04-02,ENRG04,177.06
2025-04-03,ENRG04,181.67
2025-04-04,ENRG04,178.81
2025-04-07,ENRG04,178.35
2025-04-08,ENRG04,177.11
2025-04-09,ENRG04,174.99
2025-04-10,ENRG04,175.81
2025-04-11,ENRG04,171.76
2025-04-14,ENRG04,171.47
2025-04-15,ENRG04,173.12
2025-04-16,ENRG04,172.5
2025-04-17,ENRG04,169.44
2025-04-18,ENRG04,172.64
2025-04-21,ENRG04,174.96
2025-04-22,ENRG04,171.73
2025-04-23,ENRG04,167.78
2025-04-24,ENRG04,164.96
2025-04-25,ENRG04,166.63
2025-04-28,ENRG04,167.5
2025-04-29,ENRG04,169.93
2025-04-30,ENRG04,168.99
2025-05-01,ENRG04,166.23
2025-05-02,ENRG04,169.03
2025-05-05,ENRG04,167.39
2025-05-06,ENRG04,168.0
2025-05-07,ENRG04,163.37
2025-05-08,ENRG04,161.74
2025-05-09,ENRG04,164.73
2025-05-12,ENRG04,162.65
2025-05-13,ENRG04,165.09
2025-05-14,ENRG04,158.21
2025-05-15,ENRG04,156.66
2025-05-16,ENRG04,156.23
2025-05-19,ENRG04,161.18
2025-05-20,ENRG04,157.83
2025-05-21,ENRG04,159.79
2025-05-22,ENRG04,162.87
2025-05-23,ENRG04,160.81
2025-05-26,ENRG04,159.77
2025-05-27,ENRG04,160.23
2025-05-28,ENRG04,156.0
2025-05-29,ENRG04,154.77
2025-05-30,ENRG04,158.38
2025-06-02,ENRG04,159.91
2025-06-03,ENRG04,159.51
2025-06-04,ENRG04,159.88
2025-06-05,ENRG04,161.6
2025-06-06,ENRG04,163.9
2025-06-09,ENRG04,162.3
2025-06-10,ENRG04,166.84
2025-06-11,ENRG04,170.84
2025-06-12,ENRG04,172.97
2025-06-13,ENRG04,170.4
2025-06-16,ENRG04,167.32
2025-06-17,ENRG04,166.39
2025-06-18,ENRG04,166.62
2025-06-19,ENRG04,161.37
2025-06-20,ENRG04,162.85
2025-06-23,ENRG04,166.68
2025-06-24,ENRG04,168.46
2025-06-25,ENRG04,166.46
2025-06-26,ENRG04,164.13
2025-06-27,ENRG04,165.06
2025-06-30,ENRG04,164.65
2025-07-01,ENRG04,166.02
2025-07-02,ENRG04,167.87
2025-07-03,ENRG04,171.21
2025-07-04,ENRG04,167.78
2025-07-07,ENRG04,168.5
2025-07-08,ENRG04,167.44
2025-07-09,ENRG04,167.2
2025-07-10,ENRG04,169.85
2025-07-11,ENRG04,172.88
2025-07-14,ENRG04,177.28
2025-07-15,ENRG04,178.69
2025-07-16,ENRG04,178.39
2025-07-17,ENRG04,177.63
2025-07-18,ENRG04,172.14
2025-07-21,ENRG04,176.34
2025-07-22,ENRG04,175.37
2025-07-23,ENRG04,177.02
2025-07-24,ENRG04,179.24
2025-07-25,ENRG04,175.27
2025-07-28,ENRG04,172.41
2025-07-29,ENRG04,177.27
2025-07-30,ENRG04,178.25
2025-07-31,ENRG04,176.44
2025-08-01,ENRG04,176.09
2025-08-04,ENRG04,179.58
2025-08-05,ENRG04,182.66
2025-08-06,ENRG04,177.89
2025-08-07,ENRG04,183.18
2025-08-08,ENRG04,186.42
2025-08-11,ENRG04,185.96
2025-08-12,ENRG04,182.03
2025-08-13,ENRG04,185.54
2025-08-14,ENRG04,187.19
2025-08-15,ENRG04,182.33
2025-08-18,ENRG04,181.62
2025-08-19,ENRG04,191.9
2025-08-20,ENRG04,192.01
2025-08-21,ENRG04,189.51
2025-08-22,ENRG04,186.12
2025-08-25,ENRG04,192.12
2025-08-26,ENRG04,195.1
2025-08-27,ENRG04,200.11
2025-08-28,ENRG04,201.06
2025-08-29,ENRG04,205.66
2025-09-01,ENRG04,202.58
2025-09-02,ENRG04,203.23
2025-09-03,ENRG04,204.34
2025-09-04,ENRG04,209.49
2025-09-05,ENRG04,210.76
2025-09-08,ENRG04,208.45
2025-09-09,ENRG04,208.75
2025-09-10,ENRG04,202.51
2025-09-11,ENRG04,194.11
2025-09-12,ENRG04,197.08
2025-09-15,ENRG04,195.81
2025-09-16,ENRG04,194.94
2025-09-17,ENRG04,197.92
2025-09-18,ENRG04,202.95
2025-09-19,ENRG04,204.97
2025-09-22,ENRG04,212.14
2025-09-23,ENRG04,214.13
2025-09-24,ENRG04,215.35
2025-09-25,ENRG04,216.35
2025-09-26,ENRG04,211.41
2025-09-29,ENRG04,215.11
2025-09-30,ENRG04,205.71
2025-10-01,ENRG04,203.6
2025-10-02,ENRG04,203.74
2025-10-03,ENRG04,200.91
2025-10-06,ENRG04,199.33
2025-10-07,ENRG04,205.99
2025-10-08,ENRG04,210.15
2025-10-09,ENRG04,207.62
2025-10-10,ENRG04,205.93
2025-10-13,ENRG04,201.25
2025-10-14,ENRG04,203.87
2025-10-15,ENRG04,203.01
2025-10-16,ENRG04,195.89
2025-10-17,ENRG04,196.3
2025-10-20,ENRG04,197.91
2025-10-21,ENRG04,201.4
2025-10-22,ENRG04,201.2
2025-10-23,ENRG04,199.91
2025-10-24,ENRG04,207.11
2025-10-27,ENRG04,207.2
2025-10-28,ENRG04,209.95
2025-10-29,ENRG04,207.97
2025-10-30,ENRG04,210.62
2025-10-31,ENRG04,205.16
2025-11-03,ENRG04,203.52
2025-11-04,ENRG04,199.15
2025-11-05,ENRG04,197.04
2025-11-06,ENRG04,201.54
2025-11-07,ENRG04,199.38
2025-11-10,ENRG04,202.01
2025-11-11,ENRG04,207.59
2025-11-12,ENRG04,207.55
2025-11-13,ENRG04,211.32
2025-11-14,ENRG04,213.41
2025-11-17,ENRG04,213.92
2025-11-18,ENRG04,216.87
2025-11-19,ENRG04,224.12
2025-11-20,ENRG04,221.62
2025-11-21,ENRG04,217.86
2025-11-24,ENRG04,213.93
2025-11-25,ENRG04,217.82
2025-11-26,ENRG04,222.32
2025-11-27,ENRG04,220.24
2025-11-28,ENRG04,211.83
2025-12-01,ENRG04,209.32
2025-12-02,ENRG04,211.45
2025-12-03,ENRG04,211.26
2025-12-04,ENRG04,212.01
2025-12-05,ENRG04,210.08
2025-12-08,ENRG04,213.97
2025-12-09,ENRG04,215.36
2025-12-10,ENRG04,217.7
2025-12-11,ENRG04,218.39
2025-12-12,ENRG04,220.51
2025-12-15,ENRG04,222.4
2025-12-16,ENRG04,218.75
2025-12-17,ENRG04,220.29
2025-12-18,ENRG04,223.49
2025-12-19,ENRG04,228.2
2025-12-22,ENRG04,229.98
2025-12-23,ENRG04,226.06
2025-12-24,ENRG04,222.82
2025-12-25,ENRG04,221.14
2025-12-26,ENRG04,221.96
2025-12-29,ENRG04,221.54
2025-12-30,ENRG04,217.13
2025-12-31,ENRG04,212.78
2026-01-01,ENRG04,204.8
2026-01-02,ENRG04,193.37
2026-01-05,ENRG04,192.96
2026-01-06,ENRG04,201.08
2026-01-07,ENRG04,207.65
2026-01-08,ENRG04,204.05
2026-01-09,ENRG04,204.66
2026-01-12,ENRG04,199.33
2026-01-13,ENRG04,194.68
2026-01-14,ENRG04,190.54
2026-01-15,ENRG04,189.83
2026-01-16,ENRG04,189.26
2026-01-19,ENRG04,190.18
2026-01-20,ENRG04,192.51
2026-01-21,ENRG04,191.4
2026-01-22,ENRG04,191.58
2026-01-23,ENRG04,187.86
2026-01-26,ENRG04,183.37
2026-01-27,ENRG04,178.48
2026-01-28,ENRG04,180.62
2026-01-29,ENRG04,179.58
2026-01-30,ENRG04,173.58
2026-02-02,ENRG04,173.44
2026-02-03,ENRG04,169.59
2026-02-04,ENRG04,174.71
2026-02-05,ENRG04,172.94
2026-02-06,ENRG04,175.12
2026-02-09,ENRG04,178.6
2026-02-10,ENRG04,175.58
2026-02-11,ENRG04,175.88
2026-02-12,ENRG04,177.68
2026-02-13,ENRG04,178.1
2026-02-16,ENRG04,179.32
2026-02-17,ENRG04,175.08
2026-02-18,ENRG04,176.88
2026-02-19,ENRG04,175.38
2026-02-20,ENRG04,176.54
2026-02-23,ENRG04,179.51
2026-02-24,ENRG04,181.73
2026-02-25,ENRG04,182.92
2026-02-26,ENRG04,185.09
2026-02-27,ENRG04,187.44
2026-03-02,ENRG04,192.54
2024-01-01,ENRG05,220.71
2024-01-02,ENRG05,224.48
2024-01-03,ENRG05,222.56
2024-01-04,ENRG05,217.28
2024-01-05,ENRG05,219.27
2024-01-08,ENRG05,218.53
2024-01-09,ENRG05,213.84
2024-01-10,ENRG05,215.83
2024-01-11,ENRG05,221.46
2024-01-12,ENRG05,215.03
2024-01-15,ENRG05,219.05
2024-01-16,ENRG05,209.11
2024-01-17,ENRG05,207.67
2024-01-18,ENRG05,214.61
2024-01-19,ENRG05,213.41
2024-01-22,ENRG05,213.82
2024-01-23,ENRG05,216.82
2024-01-24,ENRG05,210.18
2024-01-25,ENRG05,210.52
2024-01-26,ENRG05,210.82
2024-01-29,ENRG05,217.95
2024-01-30,ENRG05,213.17
2024-01-31,ENRG05,211.77
2024-02-01,ENRG05,208.3
2024-02-02,ENRG05,204.48
2024-02-05,ENRG05,208.69
2024-02-06,ENRG05,208.85
2024-02-07,ENRG05,206.83
2024-02-08,ENRG05,204.96
2024-02-09,ENRG05,202.95
2024-02-12,ENRG05,201.28
2024-02-13,ENRG05,196.76
2024-02-14,ENRG05,195.9
2024-02-15,ENRG05,194.69
2024-02-16,ENRG05,192.09
2024-02-19,ENRG05,192.69
2024-02-20,ENRG05,193.58
2024-02-21,ENRG05,191.7
2024-02-22,ENRG05,191.26
2024-02-23,ENRG05,198.74
2024-02-26,ENRG05,206.39
2024-02-27,ENRG05,202.54
2024-02-28,ENRG05,199.26
2024-02-29,ENRG05,195.52
2024-03-01,ENRG05,199.3
2024-03-04,ENRG05,197.93
2024-03-05,ENRG05,198.84
2024-03-06,ENRG05,206.05
2024-03-07,ENRG05,206.07
2024-03-08,ENRG05,208.76
2024-03-11,ENRG05,210.77
2024-03-12,ENRG05,208.61
2024-03-13,ENRG05,212.65
2024-03-14,ENRG05,209.46
2024-03-15,ENRG05,214.57
2024-03-18,ENRG05,212.37
2024-03-19,ENRG05,210.6
2024-03-20,ENRG05,206.54
2024-03-21,ENRG05,203.17
2024-03-22,ENRG05,201.67
2024-03-25,ENRG05,192.9
2024-03-26,ENRG05,192.15
2024-03-27,ENRG05,190.45
2024-03-28,ENRG05,193.22
2024-03-29,ENRG05,194.74
2024-04-01,ENRG05,192.32
2024-04-02,ENRG05,190.79
2024-04-03,ENRG05,190.04
2024-04-04,ENRG05,195.18
2024-04-05,ENRG05,192.35
2024-04-08,ENRG05,189.92
2024-04-09,ENRG05,186.12
2024-04-10,ENRG05,181.21
2024-04-11,ENRG05,182.26
2024-04-12,ENRG05,182.98
2024-04-15,ENRG05,187.26
2024-04-16,ENRG05,190.83
2024-04-17,ENRG05,199.12
2024-04-18,ENRG05,198.92
2024-04-19,ENRG05,198.04
2024-04-22,ENRG05,193.47
2024-04-23,ENRG05,195.95
2024-04-24,ENRG05,196.43
2024-04-25,ENRG05,198.79
2024-04-26,ENRG05,194.77
2024-04-29,ENRG05,196.07
2024-04-30,ENRG05,196.85
2024-05-01,ENRG05,197.4
2024-05-02,ENRG05,195.03
2024-05-03,ENRG05,199.27
2024-05-06,ENRG05,206.68
2024-05-07,ENRG05,202.61
2024-05-08,ENRG05,205.3
2024-05-09,ENRG05,194.73
2024-05-10,ENRG05,197.13
2024-05-13,ENRG05,190.55
2024-05-14,ENRG05,188.81
2024-05-15,ENRG05,184.4
2024-05-16,ENRG05,183.74
2024-05-17,ENRG05,186.57
2024-05-20,ENRG05,180.39
2024-05-21,ENRG05,179.28
2024-05-22,ENRG05,177.67
2024-05-23,ENRG05,182.78
2024-05-24,ENRG05,184.26
2024-05-27,ENRG05,180.41
2024-05-28,ENRG05,178.93
2024-05-29,ENRG05,184.0
2024-05-30,ENRG05,186.42
2024-05-31,ENRG05,183.39
2024-06-03,ENRG05,182.57
2024-06-04,ENRG05,181.85
2024-06-05,ENRG05,180.14
2024-06-06,ENRG05,174.65
2024-06-07,ENRG05,172.57
2024-06-10,ENRG05,176.94
2024-06-11,ENRG05,175.78
2024-06-12,ENRG05,175.51
2024-06-13,ENRG05,176.0
2024-06-14,ENRG05,183.08
2024-06-17,ENRG05,183.17
2024-06-18,ENRG05,186.83
2024-06-19,ENRG05,184.87
2024-06-20,ENRG05,184.07
2024-06-21,ENRG05,184.16
2024-06-24,ENRG05,181.65
2024-06-25,ENRG05,181.04
2024-06-26,ENRG05,183.99
2024-06-27,ENRG05,181.39
2024-06-28,ENRG05,181.45
2024-07-01,ENRG05,183.82
2024-07-02,ENRG05,181.14
2024-07-03,ENRG05,184.77
2024-07-04,ENRG05,185.07
2024-07-05,ENRG05,184.57
2024-07-08,ENRG05,177.96
2024-07-09,ENRG05,176.81
2024-07-10,ENRG05,178.05
2024-07-11,ENRG05,183.7
2024-07-12,ENRG05,185.63
2024-07-15,ENRG05,189.45
2024-07-16,ENRG05,185.38
2024-07-17,ENRG05,185.01
2024-07-18,ENRG05,189.13
2024-07-19,ENRG05,186.17
2024-07-22,ENRG05,189.46
2024-07-23,ENRG05,192.02
2024-07-24,ENRG05,193.02
2024-07-25,ENRG05,191.94
2024-07-26,ENRG05,188.59
2024-07-29,ENRG05,194.67
2024-07-30,ENRG05,196.95
2024-07-31,ENRG05,198.21
2024-08-01,ENRG05,196.8
2024-08-02,ENRG05,196.99
2024-08-05,ENRG05,197.64
2024-08-06,ENRG05,199.12
2024-08-07,ENRG05,201.81
2024-08-08,ENRG05,199.03
2024-08-09,ENRG05,193.83
2024-08-12,ENRG05,194.19
2024-08-13,ENRG05,188.14
2024-08-14,ENRG05,187.1
2024-08-15,ENRG05,185.44
2024-08-16,ENRG05,187.14
2024-08-19,ENRG05,193.87
2024-08-20,ENRG05,187.14
2024-08-21,ENRG05,194.86
2024-08-22,ENRG05,194.1
2024-08-23,ENRG05,195.37
2024-08-26,ENRG05,190.46
2024-08-27,ENRG05,193.93
2024-08-28,ENRG05,194.13
2024-08-29,ENRG05,193.98
2024-08-30,ENRG05,187.27
2024-09-02,ENRG05,187.58
2024-09-03,ENRG05,190.49
2024-09-04,ENRG05,189.73
2024-09-05,ENRG05,193.8
2024-09-06,ENRG05,197.81
2024-09-09,ENRG05,195.59
2024-09-10,ENRG05,201.26
2024-09-11,ENRG05,201.49
2024-09-12,ENRG05,201.73
2024-09-13,ENRG05,202.15
2024-09-16,ENRG05,202.46
2024-09-17,ENRG05,192.94
2024-09-18,ENRG05,192.35
2024-09-19,ENRG05,187.69
2024-09-20,ENRG05,193.24
2024-09-23,ENRG05,198.81
2024-09-24,ENRG05,201.92
2024-09-25,ENRG05,201.11
2024-09-26,ENRG05,197.52
2024-09-27,ENRG05,195.25
2024-09-30,ENRG05,202.13
2024-10-01,ENRG05,199.67
2024-10-02,ENRG05,191.27
2024-10-03,ENRG05,194.87
2024-10-04,ENRG05,200.19
2024-10-07,ENRG05,206.23
2024-10-08,ENRG05,210.15
2024-10-09,ENRG05,214.76
2024-10-10,ENRG05,215.03
2024-10-11,ENRG05,207.05
2024-10-14,ENRG05,207.22
2024-10-15,ENRG05,209.6
2024-10-16,ENRG05,209.15
2024-10-17,ENRG05,208.54
2024-10-18,ENRG05,204.98
2024-10-21,ENRG05,201.34
2024-10-22,ENRG05,208.07
2024-10-23,ENRG05,215.15
2024-10-24,ENRG05,215.2
2024-10-25,ENRG05,216.36
2024-10-28,ENRG05,212.6
2024-10-29,ENRG05,215.13
2024-10-30,ENRG05,222.0
2024-10-31,ENRG05,215.96
2024-11-01,ENRG05,217.83
2024-11-04,ENRG05,220.01
2024-11-05,ENRG05,222.16
2024-11-06,ENRG05,228.8
2024-11-07,ENRG05,237.25
2024-11-08,ENRG05,236.33
2024-11-11,ENRG05,239.26
2024-11-12,ENRG05,239.7
2024-11-13,ENRG05,237.04
2024-11-14,ENRG05,238.27
2024-11-15,ENRG05,241.22
2024-11-18,ENRG05,242.23
2024-11-19,ENRG05,238.46
2024-11-20,ENRG05,236.54
2024-11-21,ENRG05,234.67
2024-11-22,ENRG05,231.19
2024-11-25,ENRG05,232.56
2024-11-26,ENRG05,234.38
2024-11-27,ENRG05,238.58
2024-11-28,ENRG05,234.97
2024-11-29,ENRG05,232.6
2024-12-02,ENRG05,239.18
2024-12-03,ENRG05,238.54
2024-12-04,ENRG05,238.74
2024-12-05,ENRG05,238.06
2024-12-06,ENRG05,242.99
2024-12-09,ENRG05,248.19
2024-12-10,ENRG05,253.23
2024-12-11,ENRG05,253.43
2024-12-12,ENRG05,249.53
2024-12-13,ENRG05,258.25
2024-12-16,ENRG05,262.31
2024-12-17,ENRG05,260.23
2024-12-18,ENRG05,266.98
2024-12-19,ENRG05,264.48
2024-12-20,ENRG05,271.28
2024-12-23,ENRG05,278.58
2024-12-24,ENRG05,274.04
2024-12-25,ENRG05,276.99
2024-12-26,ENRG05,280.98
2024-12-27,ENRG05,294.29
2024-12-30,ENRG05,290.44
2024-12-31,ENRG05,298.02
2025-01-01,ENRG05,298.2
2025-01-02,ENRG05,291.63
2025-01-03,ENRG05,291.08
2025-01-06,ENRG05,291.18
2025-01-07,ENRG05,285.72
2025-01-08,ENRG05,287.41
2025-01-09,ENRG05,292.45
2025-01-10,ENRG05,293.8
2025-01-13,ENRG05,291.02
2025-01-14,ENRG05,290.33
2025-01-15,ENRG05,290.39
2025-01-16,ENRG05,291.61
2025-01-17,ENRG05,297.53
2025-01-20,ENRG05,299.07
2025-01-21,ENRG05,291.61
2025-01-22,ENRG05,288.75
2025-01-23,ENRG05,289.7
2025-01-24,ENRG05,295.65
2025-01-27,ENRG05,302.64
2025-01-28,ENRG05,312.4
2025-01-29,ENRG05,313.23
2025-01-30,ENRG05,317.63
2025-01-31,ENRG05,309.41
2025-02-03,ENRG05,311.89
2025-02-04,ENRG05,305.95
2025-02-05,ENRG05,305.7
2025-02-06,ENRG05,322.46
2025-02-07,ENRG05,324.32
2025-02-10,ENRG05,319.37
2025-02-11,ENRG05,321.81
2025-02-12,ENRG05,318.92
2025-02-13,ENRG05,313.5
2025-02-14,ENRG05,325.46
2025-02-17,ENRG05,331.8
2025-02-18,ENRG05,333.97
2025-02-19,ENRG05,331.71
2025-02-20,ENRG05,329.96
2025-02-21,ENRG05,339.22
2025-02-24,ENRG05,341.19
2025-02-25,ENRG05,322.36
2025-02-26,ENRG05,336.5
2025-02-27,ENRG05,337.71
2025-02-28,ENRG05,339.9
2025-03-03,ENRG05,346.65
2025-03-04,ENRG05,349.66
2025-03-05,ENRG05,354.47
2025-03-06,ENRG05,351.87
2025-03-07,ENRG05,344.19
2025-03-10,ENRG05,346.03
2025-03-11,ENRG05,355.05
2025-03-12,ENRG05,351.01
2025-03-13,ENRG05,346.52
2025-03-14,ENRG05,354.24
2025-03-17,ENRG05,351.43
2025-03-18,ENRG05,348.94
2025-03-19,ENRG05,346.7
2025-03-20,ENRG05,346.4
2025-03-21,ENRG05,336.69
2025-03-24,ENRG05,333.52
2025-03-25,ENRG05,335.0
2025-03-26,ENRG05,336.45
2025-03-27,ENRG05,343.56
2025-03-28,ENRG05,355.04
2025-03-31,ENRG05,364.82
2025-04-01,ENRG05,370.93
2025-04-02,ENRG05,370.05
2025-04-03,ENRG05,366.01
2025-04-04,ENRG05,366.24
2025-04-07,ENRG05,370.21
2025-04-08,ENRG05,375.8
2025-04-09,ENRG05,380.12
2025-04-10,ENRG05,379.41
2025-04-11,ENRG05,384.9
2025-04-14,ENRG05,393.75
2025-04-15,ENRG05,400.1
2025-04-16,ENRG05,399.99
2025-04-17,ENRG05,394.11
2025-04-18,ENRG05,388.14
2025-04-21,ENRG05,383.5
2025-04-22,ENRG05,385.39
2025-04-23,ENRG05,389.11
2025-04-24,ENRG05,379.32
2025-04-25,ENRG05,375.99
2025-04-28,ENRG05,377.75
2025-04-29,ENRG05,371.75
2025-04-30,ENRG05,374.76
2025-05-01,ENRG05,372.8
2025-05-02,ENRG05,368.06
2025-05-05,ENRG05,368.52
2025-05-06,ENRG05,371.24
2025-05-07,ENRG05,365.68
2025-05-08,ENRG05,364.19
2025-05-09,ENRG05,367.36
2025-05-12,ENRG05,362.44
2025-05-13,ENRG05,351.73
2025-05-14,ENRG05,342.11
2025-05-15,ENRG05,339.64
2025-05-16,ENRG05,331.68
2025-05-19,ENRG05,329.7
2025-05-20,ENRG05,339.68
2025-05-21,ENRG05,331.35
2025-05-22,ENRG05,329.77
2025-05-23,ENRG05,342.52
2025-05-26,ENRG05,345.14
2025-05-27,ENRG05,342.96
2025-05-28,ENRG05,342.1
2025-05-29,ENRG05,344.84
2025-05-30,ENRG05,355.47
2025-06-02,ENRG05,352.18
2025-06-03,ENRG05,347.48
2025-06-04,ENRG05,338.96
2025-06-05,ENRG05,339.7
2025-06-06,ENRG05,331.2
2025-06-09,ENRG05,328.54
2025-06-10,ENRG05,323.26
2025-06-11,ENRG05,329.61
2025-06-12,ENRG05,326.69
2025-06-13,ENRG05,329.12
2025-06-16,ENRG05,319.72
2025-06-17,ENRG05,320.57
2025-06-18,ENRG05,313.73
2025-06-19,ENRG05,311.42
2025-06-20,ENRG05,323.9
2025-06-23,ENRG05,329.44
2025-06-24,ENRG05,328.77
2025-06-25,ENRG05,347.8
2025-06-26,ENRG05,342.18
2025-06-27,ENRG05,349.46
2025-06-30,ENRG05,339.92
2025-07-01,ENRG05,338.53
2025-07-02,ENRG05,330.42
2025-07-03,ENRG05,332.05
2025-07-04,ENRG05,332.48
2025-07-07,ENRG05,330.74
2025-07-08,ENRG05,337.34
2025-07-09,ENRG05,334.0
2025-07-10,ENRG05,336.06
2025-07-11,ENRG05,341.13
2025-07-14,ENRG05,332.12
2025-07-15,ENRG05,327.75
2025-07-16,ENRG05,328.17
2025-07-17,ENRG05,331.99
2025-07-18,ENRG05,340.58
2025-07-21,ENRG05,339.36
2025-07-22,ENRG05,337.53
2025-07-23,ENRG05,332.33
2025-07-24,ENRG05,334.4
2025-07-25,ENRG05,332.71
2025-07-28,ENRG05,331.17
2025-07-29,ENRG05,330.71
2025-07-30,ENRG05,334.09
2025-07-31,ENRG05,330.8
2025-08-01,ENRG05,326.3
2025-08-04,ENRG05,328.94
2025-08-05,ENRG05,311.12
2025-08-06,ENRG05,307.83
2025-08-07,ENRG05,301.55
2025-08-08,ENRG05,308.17
2025-08-11,ENRG05,305.82
2025-08-12,ENRG05,302.82
2025-08-13,ENRG05,302.65
2025-08-14,ENRG05,299.49
2025-08-15,ENRG05,297.41
2025-08-18,ENRG05,298.02
2025-08-19,ENRG05,295.85
2025-08-20,ENRG05,293.65
2025-08-21,ENRG05,288.4
2025-08-22,ENRG05,282.5
2025-08-25,ENRG05,282.89
2025-08-26,ENRG05,284.54
2025-08-27,ENRG05,277.31
2025-08-28,ENRG05,281.18
2025-08-29,ENRG05,285.13
2025-09-01,ENRG05,290.22
2025-09-02,ENRG05,291.88
2025-09-03,ENRG05,295.31
2025-09-04,ENRG05,307.01
2025-09-05,ENRG05,305.44
2025-09-08,ENRG05,299.78
2025-09-09,ENRG05,291.59
2025-09-10,ENRG05,300.9
2025-09-11,ENRG05,310.57
2025-09-12,ENRG05,305.49
2025-09-15,ENRG05,301.58
2025-09-16,ENRG05,299.92
2025-09-17,ENRG05,306.61
2025-09-18,ENRG05,299.6
2025-09-19,ENRG05,289.09
2025-09-22,ENRG05,300.45
2025-09-23,ENRG05,302.23
2025-09-24,ENRG05,304.79
2025-09-25,ENRG05,303.76
2025-09-26,ENRG05,306.4
2025-09-29,ENRG05,298.14
2025-09-30,ENRG05,293.72
2025-10-01,ENRG05,294.36
2025-10-02,ENRG05,282.42
2025-10-03,ENRG05,280.96
2025-10-06,ENRG05,279.21
2025-10-07,ENRG05,277.77
2025-10-08,ENRG05,275.1
2025-10-09,ENRG05,270.25
2025-10-10,ENRG05,261.46
2025-10-13,ENRG05,262.22
2025-10-14,ENRG05,260.89
2025-10-15,ENRG05,254.51
2025-10-16,ENRG05,254.87
2025-10-17,ENRG05,253.59
2025-10-20,ENRG05,251.56
2025-10-21,ENRG05,241.87
2025-10-22,ENRG05,244.92
2025-10-23,ENRG05,239.56
2025-10-24,ENRG05,239.9
2025-10-27,ENRG05,236.48
2025-10-28,ENRG05,234.9
2025-10-29,ENRG05,239.84
2025-10-30,ENRG05,242.21
2025-10-31,ENRG05,247.21
2025-11-03,ENRG05,248.75
2025-11-04,ENRG05,250.6
2025-11-05,ENRG05,242.64
2025-11-06,ENRG05,241.33
2025-11-07,ENRG05,240.42
2025-11-10,ENRG05,245.79
2025-11-11,ENRG05,243.62
2025-11-12,ENRG05,244.86
2025-11-13,ENRG05,245.93
2025-11-14,ENRG05,251.13
2025-11-17,ENRG05,250.6
2025-11-18,ENRG05,254.41
2025-11-19,ENRG05,246.67
2025-11-20,ENRG05,239.58
2025-11-21,ENRG05,229.81
2025-11-24,ENRG05,233.13
2025-11-25,ENRG05,236.02
2025-11-26,ENRG05,239.9
2025-11-27,ENRG05,237.05
2025-11-28,ENRG05,234.72
2025-12-01,ENRG05,234.28
2025-12-02,ENRG05,240.44
2025-12-03,ENRG05,247.84
2025-12-04,ENRG05,251.45
2025-12-05,ENRG05,253.03
2025-12-08,ENRG05,259.19
2025-12-09,ENRG05,258.07
2025-12-10,ENRG05,256.33
2025-12-11,ENRG05,255.81
2025-12-12,ENRG05,251.38
2025-12-15,ENRG05,250.67
2025-12-16,ENRG05,245.7
2025-12-17,ENRG05,250.31
2025-12-18,ENRG05,252.83
2025-12-19,ENRG05,259.41
2025-12-22,ENRG05,251.88
2025-12-23,ENRG05,260.58
2025-12-24,ENRG05,253.28
2025-12-25,ENRG05,247.9
2025-12-26,ENRG05,245.2
2025-12-29,ENRG05,251.05
2025-12-30,ENRG05,
2025-12-31,ENRG05,251.11
2026-01-01,ENRG05,247.6
2026-01-02,ENRG05,241.54
2026-01-05,ENRG05,246.54
2026-01-06,ENRG05,250.16
2026-01-07,ENRG05,256.32
2026-01-08,ENRG05,258.23
2026-01-09,ENRG05,246.03
2026-01-12,ENRG05,240.59
2026-01-13,ENRG05,242.68
2026-01-14,ENRG05,241.13
2026-01-15,ENRG05,238.78
2026-01-16,ENRG05,234.11
2026-01-19,ENRG05,238.17
2026-01-20,ENRG05,240.2
2026-01-21,ENRG05,242.44
2026-01-22,ENRG05,239.75
2026-01-23,ENRG05,240.58
2026-01-26,ENRG05,234.86
2026-01-27,ENRG05,234.38
2026-01-28,ENRG05,223.79
2026-01-29,ENRG05,217.54
2026-01-30,ENRG05,216.34
2026-02-02,ENRG05,225.65
2026-02-03,ENRG05,218.41
2026-02-04,ENRG05,213.58
2026-02-05,ENRG05,214.48
2026-02-06,ENRG05,221.38
2026-02-09,ENRG05,222.25
2026-02-10,ENRG05,225.12
2026-02-11,ENRG05,223.82
2026-02-12,ENRG05,221.83
2026-02-13,ENRG05,222.23
2026-02-16,ENRG05,219.66
2026-02-17,ENRG05,222.59
2026-02-18,ENRG05,216.22
2026-02-19,ENRG05,219.75
2026-02-20,ENRG05,219.97
2026-02-23,ENRG05,219.19
2026-02-24,ENRG05,212.77
2026-02-25,ENRG05,209.08
2026-02-26,ENRG05,213.66
2026-02-27,ENRG05,212.92
2026-03-02,ENRG05,214.05
2024-01-01,CONS01,91.31
2024-01-02,CONS01,89.08
2024-01-03,CONS01,89.26
2024-01-04,CONS01,89.89
2024-01-05,CONS01,90.43
2024-01-08,CONS01,88.99
2024-01-09,CONS01,88.47
2024-01-10,CONS01,89.35
2024-01-11,CONS01,89.04
2024-01-12,CONS01,88.6
2024-01-15,CONS01,91.67
2024-01-16,CONS01,90.12
2024-01-17,CONS01,91.9
2024-01-18,CONS01,90.02
2024-01-19,CONS01,91.11
2024-01-22,CONS01,92.3
2024-01-23,CONS01,91.48
2024-01-24,CONS01,89.5
2024-01-25,CONS01,86.35
2024-01-26,CONS01,85.42
2024-01-29,CONS01,86.26
2024-01-30,CONS01,84.61
2024-01-31,CONS01,84.78
2024-02-01,CONS01,82.55
2024-02-02,CONS01,82.23
2024-02-05,CONS01,80.56
2024-02-06,CONS01,80.47
2024-02-07,CONS01,79.77
2024-02-08,CONS01,78.08
2024-02-09,CONS01,77.18
2024-02-12,CONS01,75.91
2024-02-13,CONS01,74.13
2024-02-14,CONS01,75.6
2024-02-15,CONS01,75.13
2024-02-16,CONS01,72.18
2024-02-19,CONS01,71.39
2024-02-20,CONS01,72.59
2024-02-21,CONS01,71.61
2024-02-22,CONS01,73.57
2024-02-23,CONS01,72.45
2024-02-26,CONS01,73.13
2024-02-27,CONS01,74.52
2024-02-28,CONS01,75.14
2024-02-29,CONS01,73.31
2024-03-01,CONS01,72.09
2024-03-04,CONS01,73.63
2024-03-05,CONS01,72.58
2024-03-06,CONS01,73.88
2024-03-07,CONS01,73.33
2024-03-08,CONS01,73.54
2024-03-11,CONS01,71.72
2024-03-12,CONS01,70.96
2024-03-13,CONS01,69.86
2024-03-14,CONS01,70.17
2024-03-15,CONS01,70.31
2024-03-18,CONS01,70.91
2024-03-19,CONS01,70.31
2024-03-20,CONS01,69.15
2024-03-21,CONS01,69.4
2024-03-22,CONS01,68.14
2024-03-25,CONS01,69.48
2024-03-26,CONS01,69.36
2024-03-27,CONS01,68.97
2024-03-28,CONS01,69.56
2024-03-29,CONS01,69.49
2024-04-01,CONS01,67.44
2024-04-02,CONS01,66.17
2024-04-03,CONS01,67.45
2024-04-04,CONS01,67.57
2024-04-05,CONS01,65.54
2024-04-08,CONS01,65.98
2024-04-09,CONS01,65.34
2024-04-10,CONS01,64.33
2024-04-11,CONS01,63.02
2024-04-12,CONS01,64.17
2024-04-15,CONS01,61.92
2024-04-16,CONS01,61.01
2024-04-17,CONS01,61.16
2024-04-18,CONS01,62.91
2024-04-19,CONS01,63.56
2024-04-22,CONS01,62.61
2024-04-23,CONS01,64.35
2024-04-24,CONS01,62.8
2024-04-25,CONS01,63.12
2024-04-26,CONS01,63.69
2024-04-29,CONS01,62.7
2024-04-30,CONS01,63.51
2024-05-01,CONS01,62.94
2024-05-02,CONS01,63.75
2024-05-03,CONS01,61.66
2024-05-06,CONS01,62.05
2024-05-07,CONS01,61.6
2024-05-08,CONS01,62.9
2024-05-09,CONS01,62.87
2024-05-10,CONS01,64.3
2024-05-13,CONS01,64.91
2024-05-14,CONS01,64.78
2024-05-15,CONS01,65.71
2024-05-16,CONS01,66.67
2024-05-17,CONS01,67.26
2024-05-20,CONS01,64.5
2024-05-21,CONS01,63.38
2024-05-22,CONS01,64.98
2024-05-23,CONS01,63.53
2024-05-24,CONS01,64.56
2024-05-27,CONS01,65.4
2024-05-28,CONS01,64.57
2024-05-29,CONS01,62.27
2024-05-30,CONS01,61.65
2024-05-31,CONS01,63.97
2024-06-03,CONS01,63.0
2024-06-04,CONS01,62.12
2024-06-05,CONS01,61.02
2024-06-06,CONS01,62.37
2024-06-07,CONS01,62.12
2024-06-10,CONS01,61.44
2024-06-11,CONS01,63.02
2024-06-12,CONS01,63.69
2024-06-13,CONS01,62.66
2024-06-14,CONS01,61.3
2024-06-17,CONS01,62.59
2024-06-18,CONS01,62.63
2024-06-19,CONS01,60.9
2024-06-20,CONS01,58.97
2024-06-21,CONS01,57.8
2024-06-24,CONS01,56.53
2024-06-25,CONS01,54.46
2024-06-26,CONS01,53.4
2024-06-27,CONS01,52.53
2024-06-28,CONS01,52.11
2024-07-01,CONS01,53.72
2024-07-02,CONS01,53.47
2024-07-03,CONS01,53.33
2024-07-04,CONS01,53.83
2024-07-05,CONS01,53.62
2024-07-08,CONS01,54.02
2024-07-09,CONS01,54.31
2024-07-10,CONS01,54.45
2024-07-11,CONS01,57.18
2024-07-12,CONS01,58.13
2024-07-15,CONS01,57.02
2024-07-16,CONS01,57.41
2024-07-17,CONS01,56.61
2024-07-18,CONS01,57.08
2024-07-19,CONS01,55.69
2024-07-22,CONS01,54.59
2024-07-23,CONS01,54.95
2024-07-24,CONS01,55.95
2024-07-25,CONS01,56.47
2024-07-26,CONS01,57.36
2024-07-29,CONS01,57.76
2024-07-30,CONS01,57.96
2024-07-31,CONS01,57.45
2024-08-01,CONS01,58.31
2024-08-02,CONS01,59.4
2024-08-05,CONS01,59.35
2024-08-06,CONS01,59.25
2024-08-07,CONS01,60.96
2024-08-08,CONS01,60.96
2024-08-09,CONS01,61.06
2024-08-12,CONS01,61.61
2024-08-13,CONS01,61.52
2024-08-14,CONS01,60.63
2024-08-15,CONS01,61.06
2024-08-16,CONS01,61.03
2024-08-19,CONS01,63.08
2024-08-20,CONS01,63.99
2024-08-21,CONS01,63.32
2024-08-22,CONS01,64.17
2024-08-23,CONS01,64.55
2024-08-26,CONS01,66.09
2024-08-27,CONS01,65.49
2024-08-28,CONS01,65.73
2024-08-29,CONS01,65.63
2024-08-30,CONS01,65.72
2024-09-02,CONS01,64.69
2024-09-03,CONS01,65.38
2024-09-04,CONS01,65.89
2024-09-05,CONS01,67.44
2024-09-06,CONS01,67.45
2024-09-09,CONS01,66.97
2024-09-10,CONS01,67.94
2024-09-11,CONS01,66.99
2024-09-12,CONS01,68.31
2024-09-13,CONS01,69.67
2024-09-16,CONS01,71.26
2024-09-17,CONS01,71.77
2024-09-18,CONS01,71.16
2024-09-19,CONS01,71.32
2024-09-20,CONS01,71.83
2024-09-23,CONS01,71.13
2024-09-24,CONS01,72.86
2024-09-25,CONS01,73.64
2024-09-26,CONS01,72.48
2024-09-27,CONS01,74.96
2024-09-30,CONS01,75.11
2024-10-01,CONS01,73.66
2024-10-02,CONS01,72.58
2024-10-03,CONS01,74.54
2024-10-04,CONS01,77.01
2024-10-07,CONS01,78.44
2024-10-08,CONS01,80.32
2024-10-09,CONS01,82.1
2024-10-10,CONS01,82.95
2024-10-11,CONS01,83.47
2024-10-14,CONS01,84.3
2024-10-15,CONS01,85.45
2024-10-16,CONS01,84.33
2024-10-17,CONS01,85.47
2024-10-18,CONS01,87.74
2024-10-21,CONS01,87.44
2024-10-22,CONS01,86.97
2024-10-23,CONS01,87.74
2024-10-24,CONS01,86.74
2024-10-25,CONS01,84.71
2024-10-28,CONS01,86.49
2024-10-29,CONS01,85.81
2024-10-30,CONS01,85.87
2024-10-31,CONS01,84.95
2024-11-01,CONS01,86.93
2024-11-04,CONS01,88.29
2024-11-05,CONS01,87.93
2024-11-06,CONS01,86.09
2024-11-07,CONS01,85.58
2024-11-08,CONS01,86.48
2024-11-11,CONS01,86.8
2024-11-12,CONS01,87.0
2024-11-13,CONS01,87.36
2024-11-14,CONS01,88.58
2024-11-15,CONS01,88.54
2024-11-18,CONS01,89.28
2024-11-19,CONS01,87.72
2024-11-20,CONS01,91.78
2024-11-21,CONS01,91.34
2024-11-22,CONS01,91.7
2024-11-25,CONS01,92.66
2024-11-26,CONS01,92.01
2024-11-27,CONS01,92.05
2024-11-28,CONS01,92.07
2024-11-29,CONS01,90.58
2024-12-02,CONS01,91.32
2024-12-03,CONS01,88.64
2024-12-04,CONS01,91.46
2024-12-05,CONS01,92.79
2024-12-06,CONS01,93.89
2024-12-09,CONS01,90.98
2024-12-10,CONS01,89.71
2024-12-11,CONS01,91.98
2024-12-12,CONS01,98.88
2024-12-13,CONS01,101.04
2024-12-16,CONS01,102.96
2024-12-17,CONS01,103.96
2024-12-18,CONS01,102.41
2024-12-19,CONS01,104.27
2024-12-20,CONS01,102.24
2024-12-23,CONS01,100.04
2024-12-24,CONS01,97.77
2024-12-25,CONS01,99.52
2024-12-26,CONS01,99.45
2024-12-27,CONS01,99.66
2024-12-30,CONS01,99.66
2024-12-31,CONS01,97.67
2025-01-01,CONS01,96.52
2025-01-02,CONS01,95.47
2025-01-03,CONS01,93.09
2025-01-06,CONS01,92.27
2025-01-07,CONS01,90.5
2025-01-08,CONS01,91.47
2025-01-09,CONS01,92.59
2025-01-10,CONS01,90.46
2025-01-13,CONS01,90.0
2025-01-14,CONS01,93.03
2025-01-15,CONS01,91.42
2025-01-16,CONS01,92.15
2025-01-17,CONS01,92.35
2025-01-20,CONS01,94.2
2025-01-21,CONS01,94.73
2025-01-22,CONS01,94.02
2025-01-23,CONS01,94.16
2025-01-24,CONS01,94.33
2025-01-27,CONS01,94.2
2025-01-28,CONS01,91.99
2025-01-29,CONS01,94.08
2025-01-30,CONS01,95.91
2025-01-31,CONS01,94.14
2025-02-03,CONS01,93.66
2025-02-04,CONS01,93.3
2025-02-05,CONS01,91.39
2025-02-06,CONS01,88.35
2025-02-07,CONS01,87.31
2025-02-10,CONS01,86.77
2025-02-11,CONS01,84.55
2025-02-12,CONS01,84.84
2025-02-13,CONS01,86.64
2025-02-14,CONS01,87.98
2025-02-17,CONS01,87.81
2025-02-18,CONS01,84.93
2025-02-19,CONS01,86.05
2025-02-20,CONS01,86.3
2025-02-21,CONS01,86.98
2025-02-24,CONS01,90.04
2025-02-25,CONS01,88.73
2025-02-26,CONS01,84.17
2025-02-27,CONS01,82.6
2025-02-28,CONS01,83.34
2025-03-03,CONS01,83.41
2025-03-04,CONS01,81.61
2025-03-05,CONS01,79.55
2025-03-06,CONS01,79.06
2025-03-07,CONS01,77.31
2025-03-10,CONS01,78.06
2025-03-11,CONS01,77.51
2025-03-12,CONS01,76.65
2025-03-13,CONS01,75.63
2025-03-14,CONS01,76.01
2025-03-17,CONS01,76.09
2025-03-18,CONS01,76.39
2025-03-19,CONS01,76.66
2025-03-20,CONS01,76.59
2025-03-21,CONS01,75.19
2025-03-24,CONS01,74.22
2025-03-25,CONS01,73.71
2025-03-26,CONS01,76.48
2025-03-27,CONS01,74.64
2025-03-28,CONS01,74.1
2025-03-31,CONS01,74.26
2025-04-01,CONS01,73.87
2025-04-02,CONS01,75.32
2025-04-03,CONS01,74.93
2025-04-04,CONS01,74.63
2025-04-07,CONS01,75.75
2025-04-08,CONS01,78.24
2025-04-09,CONS01,80.25
2025-04-10,CONS01,80.07
2025-04-11,CONS01,80.03
2025-04-14,CONS01,80.12
2025-04-15,CONS01,80.35
2025-04-16,CONS01,79.15
2025-04-17,CONS01,80.51
2025-04-18,CONS01,80.83
2025-04-21,CONS01,80.79
2025-04-22,CONS01,78.97
2025-04-23,CONS01,79.08
2025-04-24,CONS01,76.41
2025-04-25,CONS01,75.63
2025-04-28,CONS01,74.89
2025-04-29,CONS01,75.3
2025-04-30,CONS01,77.87
2025-05-01,CONS01,78.69
2025-05-02,CONS01,80.77
2025-05-05,CONS01,81.73
2025-05-06,CONS01,83.41
2025-05-07,CONS01,86.22
2025-05-08,CONS01,85.11
2025-05-09,CONS01,83.92
2025-05-12,CONS01,84.95
2025-05-13,CONS01,84.97
2025-05-14,CONS01,85.34
2025-05-15,CONS01,84.98
2025-05-16,CONS01,84.09
2025-05-19,CONS01,86.57
2025-05-20,CONS01,84.88
2025-05-21,CONS01,85.96
2025-05-22,CONS01,86.8
2025-05-23,CONS01,84.35
2025-05-26,CONS01,83.12
2025-05-27,CONS01,82.15
2025-05-28,CONS01,83.01
2025-05-29,CONS01,82.49
2025-05-30,CONS01,82.39
2025-06-02,CONS01,80.25
2025-06-03,CONS01,83.63
2025-06-04,CONS01,83.77
2025-06-05,CONS01,84.54
2025-06-06,CONS01,83.75
2025-06-09,CONS01,82.79
2025-06-10,CONS01,85.66
2025-06-11,CONS01,82.73
2025-06-12,CONS01,83.17
2025-06-13,CONS01,81.38
2025-06-16,CONS01,80.81
2025-06-17,CONS01,79.91
2025-06-18,CONS01,78.52
2025-06-19,CONS01,78.59
2025-06-20,CONS01,74.98
2025-06-23,CONS01,74.58
2025-06-24,CONS01,74.48
2025-06-25,CONS01,72.68
2025-06-26,CONS01,74.68
2025-06-27,CONS01,73.9
2025-06-30,CONS01,73.61
2025-07-01,CONS01,72.85
2025-07-02,CONS01,72.76
2025-07-03,CONS01,74.5
2025-07-04,CONS01,77.84
2025-07-07,CONS01,78.9
2025-07-08,CONS01,80.47
2025-07-09,CONS01,82.98
2025-07-10,CONS01,83.38
2025-07-11,CONS01,85.76
2025-07-14,CONS01,87.01
2025-07-15,CONS01,87.26
2025-07-16,CONS01,87.84
2025-07-17,CONS01,84.98
2025-07-18,CONS01,85.46
2025-07-21,CONS01,83.11
2025-07-22,CONS01,80.7
2025-07-23,CONS01,81.01
2025-07-24,CONS01,79.41
2025-07-25,CONS01,79.42
2025-07-28,CONS01,79.64
2025-07-29,CONS01,79.93
2025-07-30,CONS01,78.65
2025-07-31,CONS01,79.95
2025-08-01,CONS01,79.84
2025-08-04,CONS01,80.5
2025-08-05,CONS01,78.79
2025-08-06,CONS01,78.56
2025-08-07,CONS01,80.14
2025-08-08,CONS01,81.56
2025-08-11,CONS01,80.41
2025-08-12,CONS01,79.65
2025-08-13,CONS01,78.25
2025-08-14,CONS01,77.35
2025-08-15,CONS01,75.43
2025-08-18,CONS01,75.26
2025-08-19,CONS01,76.14
2025-08-20,CONS01,75.09
2025-08-21,CONS01,74.99
2025-08-22,CONS01,74.72
2025-08-25,CONS01,76.16
2025-08-26,CONS01,75.34
2025-08-27,CONS01,74.58
2025-08-28,CONS01,73.47
2025-08-29,CONS01,71.99
2025-09-01,CONS01,72.7
2025-09-02,CONS01,72.54
2025-09-03,CONS01,72.63
2025-09-04,CONS01,74.32
2025-09-05,CONS01,76.13
2025-09-08,CONS01,73.89
2025-09-09,CONS01,74.78
2025-09-10,CONS01,75.1
2025-09-11,CONS01,74.5
2025-09-12,CONS01,74.96
2025-09-15,CONS01,72.66
2025-09-16,CONS01,74.59
2025-09-17,CONS01,75.31
2025-09-18,CONS01,74.16
2025-09-19,CONS01,73.4
2025-09-22,CONS01,71.17
2025-09-23,CONS01,70.79
2025-09-24,CONS01,70.19
2025-09-25,CONS01,68.54
2025-09-26,CONS01,69.52
2025-09-29,CONS01,71.14
2025-09-30,CONS01,71.12
2025-10-01,CONS01,70.75
2025-10-02,CONS01,71.33
2025-10-03,CONS01,71.33
2025-10-06,CONS01,69.96
2025-10-07,CONS01,69.16
2025-10-08,CONS01,68.81
2025-10-09,CONS01,69.14
2025-10-10,CONS01,69.17
2025-10-13,CONS01,69.45
2025-10-14,CONS01,67.57
2025-10-15,CONS01,68.4
2025-10-16,CONS01,68.42
2025-10-17,CONS01,71.58
2025-10-20,CONS01,71.11
2025-10-21,CONS01,71.54
2025-10-22,CONS01,75.21
2025-10-23,CONS01,75.49
2025-10-24,CONS01,75.42
2025-10-27,CONS01,74.11
2025-10-28,CONS01,76.17
2025-10-29,CONS01,74.6
2025-10-30,CONS01,75.2
2025-10-31,CONS01,74.58
2025-11-03,CONS01,74.35
2025-11-04,CONS01,72.46
2025-11-05,CONS01,74.24
2025-11-06,CONS01,73.89
2025-11-07,CONS01,72.29
2025-11-10,CONS01,73.94
2025-11-11,CONS01,73.3
2025-11-12,CONS01,73.76
2025-11-13,CONS01,74.9
2025-11-14,CONS01,75.56
2025-11-17,CONS01,72.6
2025-11-18,CONS01,73.53
2025-11-19,CONS01,73.41
2025-11-20,CONS01,73.0
2025-11-21,CONS01,72.88
2025-11-24,CONS01,70.79
2025-11-25,CONS01,71.06
2025-11-26,CONS01,69.33
2025-11-27,CONS01,69.0
2025-11-28,CONS01,69.21
2025-12-01,CONS01,70.57
2025-12-02,CONS01,69.55
2025-12-03,CONS01,71.39
2025-12-04,CONS01,72.63
2025-12-05,CONS01,72.09
2025-12-08,CONS01,70.67
2025-12-09,CONS01,68.85
2025-12-10,CONS01,69.21
2025-12-11,CONS01,68.31
2025-12-12,CONS01,69.81
2025-12-15,CONS01,68.98
2025-12-16,CONS01,67.88
2025-12-17,CONS01,68.18
2025-12-18,CONS01,67.36
2025-12-19,CONS01,67.39
2025-12-22,CONS01,68.61
2025-12-23,CONS01,68.78
2025-12-24,CONS01,68.95
2025-12-25,CONS01,69.22
2025-12-26,CONS01,67.13
2025-12-29,CONS01,67.63
2025-12-30,CONS01,67.84
2025-12-31,CONS01,68.95
2026-01-01,CONS01,69.72
2026-01-02,CONS01,69.49
2026-01-05,CONS01,70.8
2026-01-06,CONS01,70.45
2026-01-07,CONS01,70.79
2026-01-08,CONS01,70.41
2026-01-09,CONS01,71.02
2026-01-12,CONS01,70.56
2026-01-13,CONS01,72.67
2026-01-14,CONS01,75.33
2026-01-15,CONS01,76.54
2026-01-16,CONS01,78.69
2026-01-19,CONS01,76.53
2026-01-20,CONS01,74.59
2026-01-21,CONS01,74.19
2026-01-22,CONS01,74.26
2026-01-23,CONS01,74.02
2026-01-26,CONS01,71.85
2026-01-27,CONS01,73.37
2026-01-28,CONS01,76.23
2026-01-29,CONS01,78.01
2026-01-30,CONS01,79.56
2026-02-02,CONS01,79.91
2026-02-03,CONS01,78.72
2026-02-04,CONS01,78.85
2026-02-05,CONS01,81.86
2026-02-06,CONS01,81.36
2026-02-09,CONS01,80.72
2026-02-10,CONS01,82.36
2026-02-11,CONS01,84.12
2026-02-12,CONS01,82.86
2026-02-13,CONS01,82.5
2026-02-16,CONS01,81.78
2026-02-17,CONS01,81.9
2026-02-18,CONS01,83.55
2026-02-19,CONS01,82.37
2026-02-20,CONS01,84.01
2026-02-23,CONS01,84.19
2026-02-24,CONS01,87.74
2026-02-25,CONS01,88.27
2026-02-26,CONS01,88.14
2026-02-27,CONS01,89.08
2026-03-02,CONS01,88.57
2024-01-01,CONS02,101.74
2024-01-02,CONS02,101.3
2024-01-03,CONS02,98.42
2024-01-04,CONS02,98.32
2024-01-05,CONS02,94.69
2024-01-08,CONS02,94.13
2024-01-09,CONS02,94.57
2024-01-10,CONS02,94.77
2024-01-11,CONS02,94.09
2024-01-12,CONS02,93.98
2024-01-15,CONS02,92.68
2024-01-16,CONS02,92.72
2024-01-17,CONS02,92.85
2024-01-18,CONS02,91.37
2024-01-19,CONS02,91.84
2024-01-22,CONS02,92.3
2024-01-23,CONS02,92.05
2024-01-24,CONS02,96.09
2024-01-25,CONS02,95.87
2024-01-26,CONS02,95.42
2024-01-29,CONS02,94.72
2024-01-30,CONS02,93.1
2024-01-31,CONS02,94.28
2024-02-01,CONS02,93.14
2024-02-02,CONS02,92.21
2024-02-05,CONS02,91.35
2024-02-06,CONS02,89.76
2024-02-07,CONS02,86.95
2024-02-08,CONS02,86.26
2024-02-09,CONS02,87.64
2024-02-12,CONS02,87.98
2024-02-13,CONS02,90.47
2024-02-14,CONS02,91.72
2024-02-15,CONS02,92.62
2024-02-16,CONS02,95.78
2024-02-19,CONS02,95.64
2024-02-20,CONS02,95.78
2024-02-21,CONS02,95.79
2024-02-22,CONS02,98.48
2024-02-23,CONS02,98.51
2024-02-26,CONS02,97.39
2024-02-27,CONS02,98.45
2024-02-28,CONS02,97.04
2024-02-29,CONS02,98.0
2024-03-01,CONS02,98.76
2024-03-04,CONS02,98.45
2024-03-05,CONS02,99.48
2024-03-06,CONS02,96.85
2024-03-07,CONS02,97.16
2024-03-08,CONS02,96.38
2024-03-11,CONS02,101.37
2024-03-12,CONS02,101.69
2024-03-13,CONS02,100.63
2024-03-14,CONS02,98.16
2024-03-15,CONS02,100.5
2024-03-18,CONS02,99.89
2024-03-19,CONS02,98.5
2024-03-20,CONS02,99.13
2024-03-21,CONS02,100.32
2024-03-22,CONS02,101.49
2024-03-25,CONS02,101.56
2024-03-26,CONS02,101.88
2024-03-27,CONS02,102.34
2024-03-28,CONS02,102.99
2024-03-29,CONS02,103.8
2024-04-01,CONS02,105.88
2024-04-02,CONS02,106.02
2024-04-03,CONS02,104.49
2024-04-04,CONS02,104.25
2024-04-05,CONS02,105.7
2024-04-08,CONS02,102.33
2024-04-09,CONS02,99.08
2024-04-10,CONS02,100.75
2024-04-11,CONS02,103.54
2024-04-12,CONS02,101.21
2024-04-15,CONS02,101.42
2024-04-16,CONS02,100.72
2024-04-17,CONS02,100.28
2024-04-18,CONS02,100.86
2024-04-19,CONS02,98.55
2024-04-22,CONS02,96.61
2024-04-23,CONS02,96.12
2024-04-24,CONS02,95.89
2024-04-25,CONS02,93.98
2024-04-26,CONS02,95.34
2024-04-29,CONS02,94.66
2024-04-30,CONS02,93.96
2024-05-01,CONS02,94.47
2024-05-02,CONS02,94.28
2024-05-03,CONS02,95.73
2024-05-06,CONS02,94.15
2024-05-07,CONS02,91.81
2024-05-08,CONS02,91.33
2024-05-09,CONS02,91.45
2024-05-10,CONS02,89.44
2024-05-13,CONS02,87.23
2024-05-14,CONS02,87.54
2024-05-15,CONS02,86.37
2024-05-16,CONS02,84.14
2024-05-17,CONS02,85.63
2024-05-20,CONS02,84.68
2024-05-21,CONS02,86.46
2024-05-22,CONS02,86.53
2024-05-23,CONS02,87.01
2024-05-24,CONS02,86.71
2024-05-27,CONS02,82.59
2024-05-28,CONS02,80.93
2024-05-29,CONS02,80.77
2024-05-30,CONS02,81.32
2024-05-31,CONS02,78.73
2024-06-03,CONS02,78.67
2024-06-04,CONS02,77.11
2024-06-05,CONS02,77.46
2024-06-06,CONS02,77.45
2024-06-07,CONS02,78.51
2024-06-10,CONS02,80.04
2024-06-11,CONS02,80.73
2024-06-12,CONS02,82.0
2024-06-13,CONS02,81.51
2024-06-14,CONS02,85.68
2024-06-17,CONS02,83.82
2024-06-18,CONS02,83.05
2024-06-19,CONS02,84.43
2024-06-20,CONS02,85.59
2024-06-21,CONS02,86.37
2024-06-24,CONS02,87.45
2024-06-25,CONS02,84.19
2024-06-26,CONS02,86.63
2024-06-27,CONS02,86.34
2024-06-28,CONS02,88.3
2024-07-01,CONS02,85.09
2024-07-02,CONS02,85.51
2024-07-03,CONS02,84.67
2024-07-04,CONS02,85.57
2024-07-05,CONS02,86.08
2024-07-08,CONS02,86.67
2024-07-09,CONS02,85.05
2024-07-10,CONS02,84.99
2024-07-11,CONS02,84.74
2024-07-12,CONS02,85.52
2024-07-15,CONS02,87.07
2024-07-16,CONS02,87.33
2024-07-17,CONS02,85.35
2024-07-18,CONS02,85.54
2024-07-19,CONS02,89.58
2024-07-22,CONS02,92.27
2024-07-23,CONS02,87.35
2024-07-24,CONS02,87.48
2024-07-25,CONS02,88.97
2024-07-26,CONS02,88.71
2024-07-29,CONS02,88.0
2024-07-30,CONS02,87.6
2024-07-31,CONS02,88.5
2024-08-01,CONS02,86.7
2024-08-02,CONS02,88.58
2024-08-05,CONS02,88.52
2024-08-06,CONS02,87.05
2024-08-07,CONS02,88.84
2024-08-08,CONS02,86.4
2024-08-09,CONS02,85.56
2024-08-12,CONS02,84.7
2024-08-13,CONS02,88.0
2024-08-14,CONS02,86.94
2024-08-15,CONS02,83.59
2024-08-16,CONS02,82.74
2024-08-19,CONS02,83.45
2024-08-20,CONS02,84.65
2024-08-21,CONS02,88.14
2024-08-22,CONS02,90.4
2024-08-23,CONS02,90.73
2024-08-26,CONS02,89.31
2024-08-27,CONS02,91.94
2024-08-28,CONS02,91.36
2024-08-29,CONS02,90.31
2024-08-30,CONS02,89.65
2024-09-02,CONS02,87.66
2024-09-03,CONS02,86.95
2024-09-04,CONS02,86.61
2024-09-05,CONS02,87.78
2024-09-06,CONS02,87.19
2024-09-09,CONS02,85.23
2024-09-10,CONS02,82.79
2024-09-11,CONS02,83.13
2024-09-12,CONS02,83.27
2024-09-13,CONS02,82.46
2024-09-16,CONS02,81.79
2024-09-17,CONS02,82.39
2024-09-18,CONS02,84.47
2024-09-19,CONS02,83.31
2024-09-20,CONS02,83.47
2024-09-23,CONS02,84.94
2024-09-24,CONS02,83.78
2024-09-25,CONS02,83.78
2024-09-26,CONS02,83.74
2024-09-27,CONS02,81.79
2024-09-30,CONS02,82.07
2024-10-01,CONS02,82.14
2024-10-02,CONS02,82.98
2024-10-03,CONS02,81.23
2024-10-04,CONS02,81.27
2024-10-07,CONS02,83.32
2024-10-08,CONS02,86.46
2024-10-09,CONS02,88.48
2024-10-10,CONS02,86.63
2024-10-11,CONS02,87.36
2024-10-14,CONS02,86.63
2024-10-15,CONS02,87.09
2024-10-16,CONS02,85.91
2024-10-17,CONS02,83.29
2024-10-18,CONS02,82.79
2024-10-21,CONS02,83.9
2024-10-22,CONS02,84.36
2024-10-23,CONS02,84.99
2024-10-24,CONS02,85.35
2024-10-25,CONS02,86.0
2024-10-28,CONS02,86.84
2024-10-29,CONS02,86.44
2024-10-30,CONS02,86.59
2024-10-31,CONS02,89.34
2024-11-01,CONS02,89.59
2024-11-04,CONS02,89.69
2024-11-05,CONS02,89.88
2024-11-06,CONS02,89.56
2024-11-07,CONS02,88.88
2024-11-08,CONS02,89.24
2024-11-11,CONS02,88.46
2024-11-12,CONS02,88.25
2024-11-13,CONS02,87.02
2024-11-14,CONS02,87.22
2024-11-15,CONS02,88.16
2024-11-18,CONS02,87.85
2024-11-19,CONS02,84.7
2024-11-20,CONS02,85.63
2024-11-21,CONS02,85.84
2024-11-22,CONS02,84.33
2024-11-25,CONS02,85.53
2024-11-26,CONS02,83.4
2024-11-27,CONS02,84.99
2024-11-28,CONS02,84.93
2024-11-29,CONS02,81.49
2024-12-02,CONS02,81.77
2024-12-03,CONS02,81.2
2024-12-04,CONS02,80.41
2024-12-05,CONS02,79.37
2024-12-06,CONS02,79.21
2024-12-09,CONS02,78.54
2024-12-10,CONS02,75.94
2024-12-11,CONS02,77.7
2024-12-12,CONS02,77.38
2024-12-13,CONS02,76.39
2024-12-16,CONS02,74.86
2024-12-17,CONS02,75.92
2024-12-18,CONS02,74.17
2024-12-19,CONS02,74.37
2024-12-20,CONS02,73.61
2024-12-23,CONS02,72.94
2024-12-24,CONS02,71.51
2024-12-25,CONS02,70.73
2024-12-26,CONS02,70.76
2024-12-27,CONS02,71.09
2024-12-30,CONS02,70.1
2024-12-31,CONS02,70.01
2025-01-01,CONS02,71.15
2025-01-02,CONS02,69.04
2025-01-03,CONS02,69.05
2025-01-06,CONS02,67.89
2025-01-07,CONS02,66.63
2025-01-08,CONS02,66.96
2025-01-09,CONS02,66.32
2025-01-10,CONS02,64.89
2025-01-13,CONS02,66.46
2025-01-14,CONS02,67.58
2025-01-15,CONS02,65.25
2025-01-16,CONS02,63.53
2025-01-17,CONS02,64.23
2025-01-20,CONS02,63.92
2025-01-21,CONS02,65.67
2025-01-22,CONS02,66.42
2025-01-23,CONS02,66.79
2025-01-24,CONS02,65.59
2025-01-27,CONS02,66.19
2025-01-28,CONS02,64.69
2025-01-29,CONS02,66.22
2025-01-30,CONS02,66.75
2025-01-31,CONS02,65.78
2025-02-03,CONS02,66.75
2025-02-04,CONS02,69.46
2025-02-05,CONS02,69.21
2025-02-06,CONS02,69.92
2025-02-07,CONS02,69.39
2025-02-10,CONS02,69.52
2025-02-11,CONS02,67.66
2025-02-12,CONS02,67.68
2025-02-13,CONS02,67.75
2025-02-14,CONS02,69.96
2025-02-17,CONS02,67.72
2025-02-18,CONS02,67.4
2025-02-19,CONS02,68.99
2025-02-20,CONS02,68.71
2025-02-21,CONS02,68.51
2025-02-24,CONS02,67.51
2025-02-25,CONS02,66.39
2025-02-26,CONS02,64.23
2025-02-27,CONS02,63.52
2025-02-28,CONS02,62.41
2025-03-03,CONS02,62.56
2025-03-04,CONS02,61.7
2025-03-05,CONS02,61.18
2025-03-06,CONS02,60.7
2025-03-07,CONS02,60.67
2025-03-10,CONS02,60.11
2025-03-11,CONS02,58.98
2025-03-12,CONS02,59.09
2025-03-13,CONS02,60.24
2025-03-14,CONS02,60.4
2025-03-17,CONS02,59.75
2025-03-18,CONS02,59.64
2025-03-19,CONS02,57.45
2025-03-20,CONS02,57.33
2025-03-21,CONS02,56.93
2025-03-24,CONS02,55.99
2025-03-25,CONS02,55.25
2025-03-26,CONS02,54.86
2025-03-27,CONS02,55.86
2025-03-28,CONS02,56.97
2025-03-31,CONS02,56.04
2025-04-01,CONS02,55.53
2025-04-02,CONS02,55.05
2025-04-03,CONS02,55.87
2025-04-04,CONS02,56.04
2025-04-07,CONS02,56.15
2025-04-08,CONS02,56.7
2025-04-09,CONS02,56.11
2025-04-10,CONS02,57.51
2025-04-11,CONS02,57.52
2025-04-14,CONS02,56.65
2025-04-15,CONS02,56.44
2025-04-16,CONS02,57.71
2025-04-17,CONS02,57.28
2025-04-18,CONS02,58.28
2025-04-21,CONS02,57.64
2025-04-22,CONS02,56.86
2025-04-23,CONS02,57.55
2025-04-24,CONS02,56.67
2025-04-25,CONS02,57.52
2025-04-28,CONS02,57.9
2025-04-29,CONS02,57.01
2025-04-30,CONS02,56.95
2025-05-01,CONS02,56.41
2025-05-02,CONS02,56.78
2025-05-05,CONS02,58.73
2025-05-06,CONS02,58.35
2025-05-07,CONS02,58.93
2025-05-08,CONS02,58.97
2025-05-09,CONS02,59.02
2025-05-12,CONS02,58.86
2025-05-13,CONS02,57.97
2025-05-14,CONS02,58.34
2025-05-15,CONS02,58.05
2025-05-16,CONS02,57.12
2025-05-19,CONS02,58.18
2025-05-20,CONS02,58.3
2025-05-21,CONS02,58.08
2025-05-22,CONS02,59.5
2025-05-23,CONS02,57.55
2025-05-26,CONS02,58.89
2025-05-27,CONS02,57.97
2025-05-28,CONS02,58.21
2025-05-29,CONS02,57.61
2025-05-30,CONS02,56.67
2025-06-02,CONS02,58.03
2025-06-03,CONS02,59.98
2025-06-04,CONS02,59.76
2025-06-05,CONS02,60.14
2025-06-06,CONS02,60.22
2025-06-09,CONS02,62.12
2025-06-10,CONS02,59.77
2025-06-11,CONS02,60.2
2025-06-12,CONS02,59.43
2025-06-13,CONS02,56.92
2025-06-16,CONS02,56.57
2025-06-17,CONS02,58.47
2025-06-18,CONS02,57.8
2025-06-19,CONS02,58.64
2025-06-20,CONS02,59.92
2025-06-23,CONS02,59.92
2025-06-24,CONS02,60.07
2025-06-25,CONS02,58.23
2025-06-26,CONS02,57.5
2025-06-27,CONS02,58.46
2025-06-30,CONS02,58.54
2025-07-01,CONS02,58.94
2025-07-02,CONS02,59.1
2025-07-03,CONS02,61.45
2025-07-04,CONS02,60.99
2025-07-07,CONS02,62.77
2025-07-08,CONS02,62.94
2025-07-09,CONS02,64.88
2025-07-10,CONS02,63.47
2025-07-11,CONS02,63.7
2025-07-14,CONS02,63.27
2025-07-15,CONS02,63.45
2025-07-16,CONS02,64.86
2025-07-17,CONS02,65.32
2025-07-18,CONS02,66.78
2025-07-21,CONS02,65.99
2025-07-22,CONS02,65.03
2025-07-23,CONS02,65.07
2025-07-24,CONS02,65.05
2025-07-25,CONS02,64.85
2025-07-28,CONS02,63.75
2025-07-29,CONS02,65.14
2025-07-30,CONS02,64.74
2025-07-31,CONS02,66.42
2025-08-01,CONS02,66.45
2025-08-04,CONS02,67.25
2025-08-05,CONS02,67.95
2025-08-06,CONS02,66.96
2025-08-07,CONS02,67.42
2025-08-08,CONS02,69.78
2025-08-11,CONS02,70.12
2025-08-12,CONS02,71.28
2025-08-13,CONS02,72.19
2025-08-14,CONS02,72.61
2025-08-15,CONS02,72.87
2025-08-18,CONS02,73.61
2025-08-19,CONS02,74.65
2025-08-20,CONS02,72.85
2025-08-21,CONS02,73.2
2025-08-22,CONS02,72.98
2025-08-25,CONS02,72.49
2025-08-26,CONS02,74.2
2025-08-27,CONS02,73.24
2025-08-28,CONS02,71.42
2025-08-29,CONS02,72.47
2025-09-01,CONS02,70.64
2025-09-02,CONS02,68.21
2025-09-03,CONS02,69.34
2025-09-04,CONS02,69.56
2025-09-05,CONS02,70.17
2025-09-08,CONS02,69.64
2025-09-09,CONS02,67.92
2025-09-10,CONS02,66.49
2025-09-11,CONS02,66.19
2025-09-12,CONS02,64.69
2025-09-15,CONS02,65.07
2025-09-16,CONS02,64.55
2025-09-17,CONS02,64.78
2025-09-18,CONS02,64.98
2025-09-19,CONS02,65.45
2025-09-22,CONS02,66.06
2025-09-23,CONS02,65.67
2025-09-24,CONS02,65.91
2025-09-25,CONS02,66.21
2025-09-26,CONS02,63.33
2025-09-29,CONS02,64.09
2025-09-30,CONS02,64.28
2025-10-01,CONS02,64.95
2025-10-02,CONS02,63.47
2025-10-03,CONS02,63.13
2025-10-06,CONS02,61.91
2025-10-07,CONS02,62.75
2025-10-08,CONS02,61.19
2025-10-09,CONS02,60.18
2025-10-10,CONS02,60.78
2025-10-13,CONS02,60.11
2025-10-14,CONS02,59.12
2025-10-15,CONS02,60.1
2025-10-16,CONS02,61.15
2025-10-17,CONS02,61.96
2025-10-20,CONS02,62.93
2025-10-21,CONS02,62.68
2025-10-22,CONS02,62.47
2025-10-23,CONS02,61.76
2025-10-24,CONS02,61.97
2025-10-27,CONS02,61.4
2025-10-28,CONS02,60.94
2025-10-29,CONS02,61.61
2025-10-30,CONS02,62.94
2025-10-31,CONS02,63.41
2025-11-03,CONS02,65.48
2025-11-04,CONS02,64.67
2025-11-05,CONS02,62.55
2025-11-06,CONS02,63.37
2025-11-07,CONS02,62.51
2025-11-10,CONS02,62.22
2025-11-11,CONS02,60.26
2025-11-12,CONS02,59.3
2025-11-13,CONS02,57.72
2025-11-14,CONS02,57.28
2025-11-17,CONS02,56.89
2025-11-18,CONS02,57.0
2025-11-19,CONS02,58.29
2025-11-20,CONS02,59.02
2025-11-21,CONS02,57.31
2025-11-24,CONS02,57.96
2025-11-25,CONS02,58.09
2025-11-26,CONS02,58.01
2025-11-27,CONS02,58.0
2025-11-28,CONS02,58.23
2025-12-01,CONS02,57.52
2025-12-02,CONS02,57.35
2025-12-03,CONS02,58.59
2025-12-04,CONS02,57.87
2025-12-05,CONS02,56.81
2025-12-08,CONS02,56.76
2025-12-09,CONS02,55.63
2025-12-10,CONS02,53.92
2025-12-11,CONS02,53.6
2025-12-12,CONS02,55.01
2025-12-15,CONS02,54.99
2025-12-16,CONS02,55.18
2025-12-17,CONS02,53.09
2025-12-18,CONS02,53.52
2025-12-19,CONS02,53.63
2025-12-22,CONS02,53.0
2025-12-23,CONS02,53.19
2025-12-24,CONS02,53.37
2025-12-25,CONS02,52.37
2025-12-26,CONS02,52.69
2025-12-29,CONS02,53.84
2025-12-30,CONS02,53.64
2025-12-31,CONS02,52.82
2026-01-01,CONS02,52.67
2026-01-02,CONS02,53.49
2026-01-05,CONS02,52.33
2026-01-06,CONS02,52.89
2026-01-07,CONS02,52.26
2026-01-08,CONS02,52.5
2026-01-09,CONS02,51.98
2026-01-12,CONS02,51.47
2026-01-13,CONS02,52.9
2026-01-14,CONS02,51.57
2026-01-15,CONS02,52.04
2026-01-16,CONS02,53.67
2026-01-19,CONS02,54.35
2026-01-20,CONS02,53.07
2026-01-21,CONS02,51.86
2026-01-22,CONS02,51.17
2026-01-23,CONS02,51.33
2026-01-26,CONS02,51.56
2026-01-27,CONS02,50.39
2026-01-28,CONS02,49.61
2026-01-29,CONS02,48.9
2026-01-30,CONS02,48.76
2026-02-02,CONS02,50.52
2026-02-03,CONS02,49.68
2026-02-04,CONS02,48.82
2026-02-05,CONS02,47.84
2026-02-06,CONS02,48.41
2026-02-09,CONS02,48.38
2026-02-10,CONS02,47.62
2026-02-11,CONS02,47.32
2026-02-12,CONS02,46.66
2026-02-13,CONS02,46.92
2026-02-16,CONS02,49.2
2026-02-17,CONS02,49.71
2026-02-18,CONS02,49.64
2026-02-19,CONS02,49.06
2026-02-20,CONS02,47.89
2026-02-23,CONS02,48.54
2026-02-24,CONS02,49.14
2026-02-25,CONS02,48.75
2026-02-26,CONS02,49.82
2026-02-27,CONS02,49.86
2026-03-02,CONS02,50.57
2024-01-01,CONS03,196.11
2024-01-02,CONS03,192.8
2024-01-03,CONS03,192.35
2024-01-04,CONS03,195.33
2024-01-05,CONS03,193.6
2024-01-08,CONS03,195.19
2024-01-09,CONS03,191.44
2024-01-10,CONS03,194.19
2024-01-11,CONS03,195.34
2024-01-12,CONS03,191.17
2024-01-15,CONS03,190.46
2024-01-16,CONS03,193.71
2024-01-17,CONS03,189.38
2024-01-18,CONS03,185.78
2024-01-19,CONS03,185.61
2024-01-22,CONS03,192.79
2024-01-23,CONS03,190.51
2024-01-24,CONS03,192.27
2024-01-25,CONS03,193.23
2024-01-26,CONS03,191.24
2024-01-29,CONS03,191.85
2024-01-30,CONS03,190.36
2024-01-31,CONS03,189.19
2024-02-01,CONS03,183.59
2024-02-02,CONS03,183.56
2024-02-05,CONS03,186.59
2024-02-06,CONS03,186.84
2024-02-07,CONS03,190.56
2024-02-08,CONS03,192.61
2024-02-09,CONS03,192.46
2024-02-12,CONS03,190.34
2024-02-13,CONS03,188.73
2024-02-14,CONS03,183.8
2024-02-15,CONS03,182.97
2024-02-16,CONS03,183.5
2024-02-19,CONS03,189.22
2024-02-20,CONS03,191.08
2024-02-21,CONS03,188.16
2024-02-22,CONS03,183.34
2024-02-23,CONS03,182.72
2024-02-26,CONS03,185.44
2024-02-27,CONS03,184.76
2024-02-28,CONS03,186.62
2024-02-29,CONS03,186.07
2024-03-01,CONS03,188.52
2024-03-04,CONS03,183.16
2024-03-05,CONS03,188.5
2024-03-06,CONS03,184.79
2024-03-07,CONS03,187.48
2024-03-08,CONS03,186.62
2024-03-11,CONS03,186.29
2024-03-12,CONS03,185.53
2024-03-13,CONS03,186.44
2024-03-14,CONS03,188.03
2024-03-15,CONS03,191.67
2024-03-18,CONS03,196.59
2024-03-19,CONS03,197.82
2024-03-20,CONS03,203.98
2024-03-21,CONS03,204.38
2024-03-22,CONS03,208.41
2024-03-25,CONS03,210.08
2024-03-26,CONS03,208.07
2024-03-27,CONS03,208.81
2024-03-28,CONS03,210.76
2024-03-29,CONS03,210.7
2024-04-01,CONS03,212.33
2024-04-02,CONS03,215.7
2024-04-03,CONS03,215.68
2024-04-04,CONS03,204.31
2024-04-05,CONS03,210.55
2024-04-08,CONS03,209.48
2024-04-09,CONS03,206.44
2024-04-10,CONS03,202.32
2024-04-11,CONS03,201.16
2024-04-12,CONS03,199.18
2024-04-15,CONS03,196.6
2024-04-16,CONS03,194.25
2024-04-17,CONS03,196.16
2024-04-18,CONS03,203.38
2024-04-19,CONS03,206.45
2024-04-22,CONS03,210.68
2024-04-23,CONS03,209.31
2024-04-24,CONS03,209.77
2024-04-25,CONS03,211.44
2024-04-26,CONS03,209.0
2024-04-29,CONS03,207.46
2024-04-30,CONS03,210.71
2024-05-01,CONS03,214.91
2024-05-02,CONS03,215.24
2024-05-03,CONS03,210.67
2024-05-06,CONS03,209.61
2024-05-07,CONS03,204.24
2024-05-08,CONS03,204.57
2024-05-09,CONS03,205.58
2024-05-10,CONS03,204.64
2024-05-13,CONS03,205.59
2024-05-14,CONS03,207.19
2024-05-15,CONS03,208.21
2024-05-16,CONS03,203.77
2024-05-17,CONS03,202.9
2024-05-20,CONS03,204.46
2024-05-21,CONS03,210.33
2024-05-22,CONS03,209.37
2024-05-23,CONS03,211.51
2024-05-24,CONS03,214.91
2024-05-27,CONS03,214.22
2024-05-28,CONS03,218.71
2024-05-29,CONS03,223.51
2024-05-30,CONS03,229.13
2024-05-31,CONS03,231.09
2024-06-03,CONS03,240.97
2024-06-04,CONS03,238.38
2024-06-05,CONS03,247.56
2024-06-06,CONS03,251.06
2024-06-07,CONS03,257.19
2024-06-10,CONS03,255.79
2024-06-11,CONS03,259.75
2024-06-12,CONS03,266.5
2024-06-13,CONS03,261.37
2024-06-14,CONS03,260.68
2024-06-17,CONS03,250.71
2024-06-18,CONS03,249.98
2024-06-19,CONS03,246.38
2024-06-20,CONS03,245.49
2024-06-21,CONS03,258.48
2024-06-24,CONS03,266.55
2024-06-25,CONS03,259.73
2024-06-26,CONS03,262.4
2024-06-27,CONS03,266.25
2024-06-28,CONS03,264.72
2024-07-01,CONS03,265.64
2024-07-02,CONS03,267.04
2024-07-03,CONS03,260.65
2024-07-04,CONS03,255.89
2024-07-05,CONS03,256.76
2024-07-08,CONS03,257.3
2024-07-09,CONS03,254.09
2024-07-10,CONS03,250.54
2024-07-11,CONS03,250.21
2024-07-12,CONS03,254.27
2024-07-15,CONS03,254.0
2024-07-16,CONS03,261.49
2024-07-17,CONS03,258.3
2024-07-18,CONS03,259.27
2024-07-19,CONS03,257.7
2024-07-22,CONS03,260.5
2024-07-23,CONS03,256.91
2024-07-24,CONS03,265.9
2024-07-25,CONS03,257.89
2024-07-26,CONS03,265.93
2024-07-29,CONS03,266.44
2024-07-30,CONS03,269.17
2024-07-31,CONS03,275.72
2024-08-01,CONS03,280.06
2024-08-02,CONS03,276.46
2024-08-05,CONS03,279.53
2024-08-06,CONS03,289.01
2024-08-07,CONS03,284.48
2024-08-08,CONS03,295.42
2024-08-09,CONS03,297.56
2024-08-12,CONS03,295.33
2024-08-13,CONS03,290.67
2024-08-14,CONS03,289.58
2024-08-15,CONS03,279.48
2024-08-16,CONS03,277.47
2024-08-19,CONS03,276.24
2024-08-20,CONS03,270.98
2024-08-21,CONS03,274.71
2024-08-22,CONS03,273.71
2024-08-23,CONS03,270.66
2024-08-26,CONS03,269.16
2024-08-27,CONS03,270.96
2024-08-28,CONS03,271.4
2024-08-29,CONS03,268.06
2024-08-30,CONS03,268.74
2024-09-02,CONS03,268.58
2024-09-03,CONS03,263.15
2024-09-04,CONS03,261.86
2024-09-05,CONS03,264.67
2024-09-06,CONS03,267.48
2024-09-09,CONS03,266.45
2024-09-10,CONS03,269.78
2024-09-11,CONS03,265.1
2024-09-12,CONS03,260.65
2024-09-13,CONS03,259.55
2024-09-16,CONS03,266.62
2024-09-17,CONS03,267.49
2024-09-18,CONS03,266.24
2024-09-19,CONS03,273.72
2024-09-20,CONS03,272.39
2024-09-23,CONS03,283.43
2024-09-24,CONS03,280.9
2024-09-25,CONS03,275.87
2024-09-26,CONS03,275.13
2024-09-27,CONS03,273.98
2024-09-30,CONS03,270.08
2024-10-01,CONS03,282.81
2024-10-02,CONS03,284.52
2024-10-03,CONS03,286.98
2024-10-04,CONS03,284.68
2024-10-07,CONS03,281.8
2024-10-08,CONS03,287.09
2024-10-09,CONS03,278.52
2024-10-10,CONS03,272.87
2024-10-11,CONS03,271.74
2024-10-14,CONS03,278.43
2024-10-15,CONS03,276.63
2024-10-16,CONS03,278.79
2024-10-17,CONS03,279.01
2024-10-18,CONS03,285.61
2024-10-21,CONS03,277.54
2024-10-22,CONS03,281.3
2024-10-23,CONS03,280.38
2024-10-24,CONS03,285.13
2024-10-25,CONS03,281.01
2024-10-28,CONS03,281.22
2024-10-29,CONS03,280.79
2024-10-30,CONS03,275.81
2024-10-31,CONS03,269.53
2024-11-01,CONS03,266.8
2024-11-04,CONS03,267.5
2024-11-05,CONS03,263.94
2024-11-06,CONS03,262.45
2024-11-07,CONS03,253.62
2024-11-08,CONS03,252.0
2024-11-11,CONS03,256.72
2024-11-12,CONS03,260.06
2024-11-13,CONS03,259.73
2024-11-14,CONS03,260.94
2024-11-15,CONS03,257.13
2024-11-18,CONS03,264.73
2024-11-19,CONS03,274.66
2024-11-20,CONS03,275.56
2024-11-21,CONS03,288.49
2024-11-22,CONS03,285.04
2024-11-25,CONS03,278.71
2024-11-26,CONS03,275.23
2024-11-27,CONS03,274.23
2024-11-28,CONS03,285.72
2024-11-29,CONS03,284.36
2024-12-02,CONS03,280.05
2024-12-03,CONS03,275.6
2024-12-04,CONS03,281.34
2024-12-05,CONS03,286.48
2024-12-06,CONS03,284.06
2024-12-09,CONS03,274.55
2024-12-10,CONS03,269.06
2024-12-11,CONS03,277.48
2024-12-12,CONS03,281.0
2024-12-13,CONS03,281.41
2024-12-16,CONS03,290.97
2024-12-17,CONS03,301.31
2024-12-18,CONS03,301.2
2024-12-19,CONS03,301.2
2024-12-20,CONS03,298.13
2024-12-23,CONS03,296.7
2024-12-24,CONS03,288.85
2024-12-25,CONS03,281.19
2024-12-26,CONS03,272.55
2024-12-27,CONS03,277.95
2024-12-30,CONS03,270.22
2024-12-31,CONS03,279.79
2025-01-01,CONS03,276.2
2025-01-02,CONS03,284.92
2025-01-03,CONS03,283.13
2025-01-06,CONS03,275.23
2025-01-07,CONS03,281.67
2025-01-08,CONS03,288.87
2025-01-09,CONS03,284.24
2025-01-10,CONS03,282.63
2025-01-13,CONS03,278.11
2025-01-14,CONS03,277.59
2025-01-15,CONS03,278.21
2025-01-16,CONS03,276.53
2025-01-17,CONS03,267.56
2025-01-20,CONS03,264.85
2025-01-21,CONS03,268.28
2025-01-22,CONS03,267.35
2025-01-23,CONS03,265.85
2025-01-24,CONS03,261.48
2025-01-27,CONS03,258.69
2025-01-28,CONS03,265.33
2025-01-29,CONS03,259.96
2025-01-30,CONS03,263.41
2025-01-31,CONS03,263.71
2025-02-03,CONS03,264.96
2025-02-04,CONS03,261.54
2025-02-05,CONS03,259.97
2025-02-06,CONS03,260.02
2025-02-07,CONS03,257.66
2025-02-10,CONS03,259.27
2025-02-11,CONS03,261.48
2025-02-12,CONS03,271.79
2025-02-13,CONS03,273.23
2025-02-14,CONS03,263.91
2025-02-17,CONS03,269.51
2025-02-18,CONS03,268.6
2025-02-19,CONS03,278.41
2025-02-20,CONS03,285.87
2025-02-21,CONS03,283.35
2025-02-24,CONS03,287.12
2025-02-25,CONS03,284.14
2025-02-26,CONS03,284.24
2025-02-27,CONS03,287.78
2025-02-28,CONS03,293.63
2025-03-03,CONS03,298.45
2025-03-04,CONS03,298.94
2025-03-05,CONS03,312.4
2025-03-06,CONS03,310.44
2025-03-07,CONS03,301.55
2025-03-10,CONS03,293.96
2025-03-11,CONS03,301.85
2025-03-12,CONS03,301.52
2025-03-13,CONS03,302.48
2025-03-14,CONS03,299.61
2025-03-17,CONS03,297.26
2025-03-18,CONS03,293.14
2025-03-19,CONS03,295.71
2025-03-20,CONS03,295.28
2025-03-21,CONS03,297.68
2025-03-24,CONS03,299.59
2025-03-25,CONS03,297.39
2025-03-26,CONS03,289.67
2025-03-27,CONS03,281.69
2025-03-28,CONS03,297.13
2025-03-31,CONS03,305.12
2025-04-01,CONS03,312.57
2025-04-02,CONS03,308.87
2025-04-03,CONS03,309.02
2025-04-04,CONS03,304.57
2025-04-07,CONS03,297.47
2025-04-08,CONS03,294.41
2025-04-09,CONS03,301.52
2025-04-10,CONS03,306.18
2025-04-11,CONS03,300.92
2025-04-14,CONS03,299.31
2025-04-15,CONS03,303.43
2025-04-16,CONS03,300.41
2025-04-17,CONS03,300.93
2025-04-18,CONS03,303.19
2025-04-21,CONS03,305.42
2025-04-22,CONS03,306.91
2025-04-23,CONS03,303.39
2025-04-24,CONS03,300.47
2025-04-25,CONS03,294.43
2025-04-28,CONS03,286.24
2025-04-29,CONS03,285.74
2025-04-30,CONS03,290.02
2025-05-01,CONS03,282.9
2025-05-02,CONS03,284.38
2025-05-05,CONS03,288.48
2025-05-06,CONS03,279.03
2025-05-07,CONS03,277.75
2025-05-08,CONS03,286.07
2025-05-09,CONS03,288.99
2025-05-12,CONS03,279.35
2025-05-13,CONS03,282.75
2025-05-14,CONS03,279.03
2025-05-15,CONS03,282.58
2025-05-16,CONS03,279.16
2025-05-19,CONS03,278.97
2025-05-20,CONS03,276.36
2025-05-21,CONS03,276.46
2025-05-22,CONS03,273.72
2025-05-23,CONS03,272.7
2025-05-26,CONS03,267.01
2025-05-27,CONS03,269.45
2025-05-28,CONS03,270.38
2025-05-29,CONS03,262.59
2025-05-30,CONS03,267.36
2025-06-02,CONS03,266.59
2025-06-03,CONS03,267.45
2025-06-04,CONS03,271.21
2025-06-05,CONS03,272.9
2025-06-06,CONS03,278.7
2025-06-09,CONS03,277.31
2025-06-10,CONS03,282.56
2025-06-11,CONS03,283.27
2025-06-12,CONS03,285.94
2025-06-13,CONS03,288.11
2025-06-16,CONS03,294.63
2025-06-17,CONS03,298.54
2025-06-18,CONS03,296.25
2025-06-19,CONS03,292.92
2025-06-20,CONS03,292.75
2025-06-23,CONS03,288.83
2025-06-24,CONS03,283.44
2025-06-25,CONS03,272.67
2025-06-26,CONS03,265.15
2025-06-27,CONS03,274.71
2025-06-30,CONS03,271.54
2025-07-01,CONS03,280.93
2025-07-02,CONS03,283.05
2025-07-03,CONS03,282.88
2025-07-04,CONS03,275.33
2025-07-07,CONS03,275.43
2025-07-08,CONS03,284.89
2025-07-09,CONS03,292.97
2025-07-10,CONS03,294.5
2025-07-11,CONS03,288.5
2025-07-14,CONS03,283.62
2025-07-15,CONS03,279.35
2025-07-16,CONS03,285.86
2025-07-17,CONS03,294.34
2025-07-18,CONS03,295.47
2025-07-21,CONS03,293.94
2025-07-22,CONS03,302.23
2025-07-23,CONS03,296.99
2025-07-24,CONS03,297.36
2025-07-25,CONS03,299.93
2025-07-28,CONS03,295.36
2025-07-29,CONS03,292.07
2025-07-30,CONS03,288.4
2025-07-31,CONS03,295.84
2025-08-01,CONS03,306.13
2025-08-04,CONS03,306.85
2025-08-05,CONS03,305.46
2025-08-06,CONS03,302.26
2025-08-07,CONS03,302.36
2025-08-08,CONS03,299.45
2025-08-11,CONS03,299.02
2025-08-12,CONS03,301.33
2025-08-13,CONS03,299.22
2025-08-14,CONS03,298.29
2025-08-15,CONS03,297.39
2025-08-18,CONS03,295.78
2025-08-19,CONS03,293.51
2025-08-20,CONS03,297.63
2025-08-21,CONS03,288.23
2025-08-22,CONS03,296.49
2025-08-25,CONS03,297.3
2025-08-26,CONS03,300.65
2025-08-27,CONS03,304.67
2025-08-28,CONS03,300.88
2025-08-29,CONS03,296.01
2025-09-01,CONS03,290.6
2025-09-02,CONS03,289.4
2025-09-03,CONS03,293.13
2025-09-04,CONS03,290.13
2025-09-05,CONS03,293.4
2025-09-08,CONS03,280.98
2025-09-09,CONS03,279.11
2025-09-10,CONS03,285.06
2025-09-11,CONS03,284.27
2025-09-12,CONS03,280.11
2025-09-15,CONS03,276.88
2025-09-16,CONS03,261.88
2025-09-17,CONS03,257.18
2025-09-18,CONS03,262.16
2025-09-19,CONS03,259.49
2025-09-22,CONS03,257.39
2025-09-23,CONS03,246.67
2025-09-24,CONS03,239.5
2025-09-25,CONS03,244.7
2025-09-26,CONS03,247.49
2025-09-29,CONS03,241.79
2025-09-30,CONS03,239.12
2025-10-01,CONS03,239.06
2025-10-02,CONS03,233.99
2025-10-03,CONS03,225.62
2025-10-06,CONS03,225.04
2025-10-07,CONS03,227.43
2025-10-08,CONS03,229.92
2025-10-09,CONS03,233.61
2025-10-10,CONS03,227.14
2025-10-13,CONS03,227.45
2025-10-14,CONS03,226.42
2025-10-15,CONS03,226.13
2025-10-16,CONS03,225.34
2025-10-17,CONS03,222.73
2025-10-20,CONS03,210.69
2025-10-21,CONS03,215.16
2025-10-22,CONS03,216.51
2025-10-23,CONS03,210.79
2025-10-24,CONS03,212.65
2025-10-27,CONS03,211.0
2025-10-28,CONS03,209.47
2025-10-29,CONS03,206.63
2025-10-30,CONS03,208.69
2025-10-31,CONS03,205.75
2025-11-03,CONS03,201.75
2025-11-04,CONS03,205.92
2025-11-05,CONS03,205.32
2025-11-06,CONS03,204.84
2025-11-07,CONS03,207.45
2025-11-10,CONS03,205.02
2025-11-11,CONS03,203.35
2025-11-12,CONS03,204.53
2025-11-13,CONS03,198.92
2025-11-14,CONS03,199.77
2025-11-17,CONS03,197.12
2025-11-18,CONS03,200.21
2025-11-19,CONS03,202.24
2025-11-20,CONS03,203.81
2025-11-21,CONS03,197.98
2025-11-24,CONS03,197.67
2025-11-25,CONS03,193.54
2025-11-26,CONS03,193.47
2025-11-27,CONS03,185.46
2025-11-28,CONS03,180.37
2025-12-01,CONS03,184.29
2025-12-02,CONS03,185.57
2025-12-03,CONS03,184.44
2025-12-04,CONS03,181.48
2025-12-05,CONS03,177.99
2025-12-08,CONS03,178.69
2025-12-09,CONS03,177.64
2025-12-10,CONS03,182.63
2025-12-11,CONS03,182.08
2025-12-12,CONS03,182.33
2025-12-15,CONS03,177.83
2025-12-16,CONS03,176.73
2025-12-17,CONS03,177.34
2025-12-18,CONS03,176.2
2025-12-19,CONS03,174.72
2025-12-22,CONS03,175.8
2025-12-23,CONS03,180.64
2025-12-24,CONS03,181.17
2025-12-25,CONS03,184.95
2025-12-26,CONS03,187.08
2025-12-29,CONS03,190.79
2025-12-30,CONS03,188.75
2025-12-31,CONS03,188.1
2026-01-01,CONS03,187.47
2026-01-02,CONS03,189.37
2026-01-05,CONS03,192.13
2026-01-06,CONS03,192.62
2026-01-07,CONS03,195.72
2026-01-08,CONS03,193.79
2026-01-09,CONS03,196.94
2026-01-12,CONS03,200.6
2026-01-13,CONS03,203.11
2026-01-14,CONS03,203.66
2026-01-15,CONS03,206.33
2026-01-16,CONS03,203.08
2026-01-19,CONS03,203.86
2026-01-20,CONS03,205.03
2026-01-21,CONS03,200.18
2026-01-22,CONS03,201.95
2026-01-23,CONS03,197.47
2026-01-26,CONS03,196.01
2026-01-27,CONS03,196.21
2026-01-28,CONS03,193.69
2026-01-29,CONS03,194.03
2026-01-30,CONS03,194.32
2026-02-02,CONS03,191.51
2026-02-03,CONS03,193.53
2026-02-04,CONS03,190.92
2026-02-05,CONS03,198.84
2026-02-06,CONS03,198.51
2026-02-09,CONS03,194.39
2026-02-10,CONS03,191.0
2026-02-11,CONS03,195.0
2026-02-12,CONS03,193.63
2026-02-13,CONS03,188.93
2026-02-16,CONS03,191.89
2026-02-17,CONS03,190.51
2026-02-18,CONS03,192.81
2026-02-19,CONS03,196.12
2026-02-20,CONS03,197.14
2026-02-23,CONS03,205.7
2026-02-24,CONS03,199.38
2026-02-25,CONS03,196.5
2026-02-26,CONS03,195.66
2026-02-27,CONS03,203.68
2026-03-02,CONS03,210.33
2024-01-01,CONS04,406.07
2024-01-02,CONS04,401.24
2024-01-03,CONS04,395.38
2024-01-04,CONS04,389.92
2024-01-05,CONS04,400.52
2024-01-08,CONS04,398.88
2024-01-09,CONS04,398.2
2024-01-10,CONS04,403.87
2024-01-11,CONS04,391.9
2024-01-12,CONS04,392.38
2024-01-15,CONS04,384.76
2024-01-16,CONS04,382.83
2024-01-17,CONS04,378.91
2024-01-18,CONS04,374.67
2024-01-19,CONS04,376.3
2024-01-22,CONS04,377.91
2024-01-23,CONS04,376.53
2024-01-24,CONS04,379.16
2024-01-25,CONS04,373.34
2024-01-26,CONS04,378.03
2024-01-29,CONS04,376.74
2024-01-30,CONS04,373.58
2024-01-31,CONS04,368.35
2024-02-01,CONS04,366.86
2024-02-02,CONS04,379.32
2024-02-05,CONS04,379.0
2024-02-06,CONS04,371.31
2024-02-07,CONS04,377.56
2024-02-08,CONS04,374.46
2024-02-09,CONS04,376.49
2024-02-12,CONS04,372.5
2024-02-13,CONS04,381.2
2024-02-14,CONS04,377.26
2024-02-15,CONS04,386.86
2024-02-16,CONS04,379.67
2024-02-19,CONS04,377.79
2024-02-20,CONS04,387.42
2024-02-21,CONS04,388.71
2024-02-22,CONS04,404.72
2024-02-23,CONS04,402.88
2024-02-26,CONS04,404.86
2024-02-27,CONS04,418.87
2024-02-28,CONS04,407.58
2024-02-29,CONS04,395.69
2024-03-01,CONS04,390.14
2024-03-04,CONS04,395.97
2024-03-05,CONS04,384.61
2024-03-06,CONS04,388.86
2024-03-07,CONS04,392.66
2024-03-08,CONS04,407.02
2024-03-11,CONS04,414.8
2024-03-12,CONS04,417.64
2024-03-13,CONS04,427.99
2024-03-14,CONS04,432.27
2024-03-15,CONS04,428.82
2024-03-18,CONS04,420.11
2024-03-19,CONS04,415.93
2024-03-20,CONS04,415.76
2024-03-21,CONS04,417.19
2024-03-22,CONS04,401.28
2024-03-25,CONS04,399.82
2024-03-26,CONS04,400.14
2024-03-27,CONS04,404.21
2024-03-28,CONS04,416.16
2024-03-29,CONS04,417.68
2024-04-01,CONS04,410.97
2024-04-02,CONS04,397.64
2024-04-03,CONS04,402.68
2024-04-04,CONS04,396.5
2024-04-05,CONS04,402.8
2024-04-08,CONS04,413.06
2024-04-09,CONS04,401.7
2024-04-10,CONS04,405.83
2024-04-11,CONS04,415.39
2024-04-12,CONS04,423.13
2024-04-15,CONS04,407.29
2024-04-16,CONS04,401.16
2024-04-17,CONS04,392.03
2024-04-18,CONS04,395.85
2024-04-19,CONS04,398.91
2024-04-22,CONS04,379.66
2024-04-23,CONS04,377.72
2024-04-24,CONS04,383.27
2024-04-25,CONS04,384.41
2024-04-26,CONS04,385.54
2024-04-29,CONS04,383.12
2024-04-30,CONS04,375.93
2024-05-01,CONS04,375.93
2024-05-02,CONS04,376.39
2024-05-03,CONS04,380.67
2024-05-06,CONS04,385.56
2024-05-07,CONS04,386.27
2024-05-08,CONS04,394.0
2024-05-09,CONS04,391.46
2024-05-10,CONS04,381.4
2024-05-13,CONS04,384.79
2024-05-14,CONS04,385.78
2024-05-15,CONS04,389.35
2024-05-16,CONS04,380.61
2024-05-17,CONS04,392.99
2024-05-20,CONS04,398.13
2024-05-21,CONS04,396.19
2024-05-22,CONS04,389.64
2024-05-23,CONS04,397.31
2024-05-24,CONS04,389.55
2024-05-27,CONS04,405.52
2024-05-28,CONS04,401.17
2024-05-29,CONS04,413.71
2024-05-30,CONS04,412.46
2024-05-31,CONS04,424.32
2024-06-03,CONS04,418.83
2024-06-04,CONS04,419.1
2024-06-05,CONS04,425.3
2024-06-06,CONS04,430.49
2024-06-07,CONS04,439.15
2024-06-10,CONS04,435.43
2024-06-11,CONS04,436.23
2024-06-12,CONS04,446.16
2024-06-13,CONS04,440.63
2024-06-14,CONS04,445.3
2024-06-17,CONS04,443.68
2024-06-18,CONS04,445.46
2024-06-19,CONS04,446.27
2024-06-20,CONS04,440.07
2024-06-21,CONS04,438.14
2024-06-24,CONS04,439.41
2024-06-25,CONS04,438.73
2024-06-26,CONS04,451.28
2024-06-27,CONS04,459.62
2024-06-28,CONS04,462.16
2024-07-01,CONS04,455.95
2024-07-02,CONS04,449.32
2024-07-03,CONS04,465.42
2024-07-04,CONS04,457.1
2024-07-05,CONS04,458.18
2024-07-08,CONS04,461.29
2024-07-09,CONS04,458.84
2024-07-10,CONS04,450.7
2024-07-11,CONS04,444.47
2024-07-12,CONS04,440.23
2024-07-15,CONS04,434.74
2024-07-16,CONS04,445.26
2024-07-17,CONS04,445.32
2024-07-18,CONS04,441.26
2024-07-19,CONS04,442.24
2024-07-22,CONS04,447.69
2024-07-23,CONS04,445.05
2024-07-24,CONS04,452.41
2024-07-25,CONS04,442.19
2024-07-26,CONS04,451.65
2024-07-29,CONS04,451.71
2024-07-30,CONS04,451.45
2024-07-31,CONS04,445.96
2024-08-01,CONS04,436.24
2024-08-02,CONS04,423.28
2024-08-05,CONS04,417.59
2024-08-06,CONS04,422.14
2024-08-07,CONS04,414.96
2024-08-08,CONS04,403.52
2024-08-09,CONS04,397.04
2024-08-12,CONS04,394.41
2024-08-13,CONS04,392.07
2024-08-14,CONS04,391.28
2024-08-15,CONS04,398.67
2024-08-16,CONS04,407.75
2024-08-19,CONS04,422.59
2024-08-20,CONS04,410.36
2024-08-21,CONS04,404.16
2024-08-22,CONS04,409.36
2024-08-23,CONS04,406.14
2024-08-26,CONS04,412.56
2024-08-27,CONS04,414.22
2024-08-28,CONS04,426.12
2024-08-29,CONS04,434.24
2024-08-30,CONS04,442.67
2024-09-02,CONS04,439.52
2024-09-03,CONS04,438.88
2024-09-04,CONS04,436.6
2024-09-05,CONS04,424.9
2024-09-06,CONS04,436.28
2024-09-09,CONS04,442.26
2024-09-10,CONS04,439.65
2024-09-11,CONS04,450.11
2024-09-12,CONS04,445.13
2024-09-13,CONS04,430.54
2024-09-16,CONS04,438.47
2024-09-17,CONS04,428.52
2024-09-18,CONS04,427.13
2024-09-19,CONS04,428.85
2024-09-20,CONS04,431.95
2024-09-23,CONS04,438.68
2024-09-24,CONS04,443.39
2024-09-25,CONS04,447.92
2024-09-26,CONS04,441.68
2024-09-27,CONS04,444.15
2024-09-30,CONS04,432.24
2024-10-01,CONS04,444.53
2024-10-02,CONS04,433.44
2024-10-03,CONS04,430.87
2024-10-04,CONS04,420.77
2024-10-07,CONS04,415.36
2024-10-08,CONS04,415.59
2024-10-09,CONS04,411.76
2024-10-10,CONS04,420.36
2024-10-11,CONS04,422.2
2024-10-14,CONS04,418.81
2024-10-15,CONS04,417.93
2024-10-16,CONS04,427.23
2024-10-17,CONS04,434.35
2024-10-18,CONS04,425.58
2024-10-21,CONS04,420.49
2024-10-22,CONS04,424.21
2024-10-23,CONS04,427.04
2024-10-24,CONS04,419.09
2024-10-25,CONS04,424.87
2024-10-28,CONS04,418.18
2024-10-29,CONS04,428.12
2024-10-30,CONS04,432.33
2024-10-31,CONS04,423.65
2024-11-01,CONS04,419.74
2024-11-04,CONS04,415.74
2024-11-05,CONS04,417.06
2024-11-06,CONS04,415.66
2024-11-07,CONS04,407.21
2024-11-08,CONS04,397.11
2024-11-11,CONS04,401.16
2024-11-12,CONS04,403.34
2024-11-13,CONS04,404.23
2024-11-14,CONS04,406.32
2024-11-15,CONS04,401.92
2024-11-18,CONS04,403.37
2024-11-19,CONS04,421.92
2024-11-20,CONS04,430.97
2024-11-21,CONS04,428.86
2024-11-22,CONS04,424.95
2024-11-25,CONS04,403.2
2024-11-26,CONS04,411.07
2024-11-27,CONS04,417.02
2024-11-28,CONS04,413.06
2024-11-29,CONS04,402.54
2024-12-02,CONS04,394.29
2024-12-03,CONS04,397.56
2024-12-04,CONS04,397.04
2024-12-05,CONS04,402.1
2024-12-06,CONS04,402.85
2024-12-09,CONS04,409.98
2024-12-10,CONS04,412.83
2024-12-11,CONS04,419.11
2024-12-12,CONS04,403.47
2024-12-13,CONS04,394.63
2024-12-16,CONS04,392.16
2024-12-17,CONS04,399.9
2024-12-18,CONS04,413.56
2024-12-19,CONS04,412.46
2024-12-20,CONS04,408.04
2024-12-23,CONS04,393.8
2024-12-24,CONS04,400.04
2024-12-25,CONS04,396.2
2024-12-26,CONS04,417.42
2024-12-27,CONS04,411.99
2024-12-30,CONS04,427.72
2024-12-31,CONS04,433.61
2025-01-01,CONS04,425.72
2025-01-02,CONS04,427.62
2025-01-03,CONS04,433.69
2025-01-06,CONS04,432.06
2025-01-07,CONS04,438.71
2025-01-08,CONS04,445.28
2025-01-09,CONS04,450.2
2025-01-10,CONS04,450.2
2025-01-13,CONS04,440.81
2025-01-14,CONS04,440.34
2025-01-15,CONS04,441.86
2025-01-16,CONS04,427.07
2025-01-17,CONS04,428.5
2025-01-20,CONS04,427.89
2025-01-21,CONS04,418.03
2025-01-22,CONS04,415.65
2025-01-23,CONS04,413.44
2025-01-24,CONS04,427.93
2025-01-27,CONS04,429.75
2025-01-28,CONS04,437.89
2025-01-29,CONS04,437.1
2025-01-30,CONS04,422.48
2025-01-31,CONS04,427.72
2025-02-03,CONS04,422.78
2025-02-04,CONS04,420.36
2025-02-05,CONS04,412.52
2025-02-06,CONS04,413.18
2025-02-07,CONS04,421.23
2025-02-10,CONS04,428.42
2025-02-11,CONS04,440.78
2025-02-12,CONS04,454.63
2025-02-13,CONS04,438.02
2025-02-14,CONS04,428.74
2025-02-17,CONS04,414.92
2025-02-18,CONS04,419.76
2025-02-19,CONS04,414.65
2025-02-20,CONS04,411.12
2025-02-21,CONS04,409.64
2025-02-24,CONS04,412.59
2025-02-25,CONS04,401.68
2025-02-26,CONS04,392.7
2025-02-27,CONS04,392.83
2025-02-28,CONS04,401.42
2025-03-03,CONS04,401.36
2025-03-04,CONS04,395.76
2025-03-05,CONS04,380.57
2025-03-06,CONS04,387.21
2025-03-07,CONS04,382.2
2025-03-10,CONS04,374.42
2025-03-11,CONS04,362.97
2025-03-12,CONS04,353.68
2025-03-13,CONS04,347.67
2025-03-14,CONS04,346.28
2025-03-17,CONS04,338.85
2025-03-18,CONS04,340.08
2025-03-19,CONS04,338.67
2025-03-20,CONS04,352.32
2025-03-21,CONS04,341.62
2025-03-24,CONS04,342.71
2025-03-25,CONS04,343.89
2025-03-26,CONS04,337.61
2025-03-27,CONS04,338.29
2025-03-28,CONS04,343.08
2025-03-31,CONS04,343.78
2025-04-01,CONS04,352.45
2025-04-02,CONS04,338.74
2025-04-03,CONS04,333.71
2025-04-04,CONS04,342.67
2025-04-07,CONS04,348.39
2025-04-08,CONS04,351.89
2025-04-09,CONS04,359.81
2025-04-10,CONS04,347.5
2025-04-11,CONS04,352.58
2025-04-14,CONS04,359.44
2025-04-15,CONS04,355.29
2025-04-16,CONS04,372.21
2025-04-17,CONS04,373.64
2025-04-18,CONS04,359.0
2025-04-21,CONS04,361.57
2025-04-22,CONS04,357.0
2025-04-23,CONS04,364.59
2025-04-24,CONS04,368.29
2025-04-25,CONS04,364.44
2025-04-28,CONS04,374.41
2025-04-29,CONS04,380.85
2025-04-30,CONS04,375.29
2025-05-01,CONS04,374.37
2025-05-02,CONS04,377.97
2025-05-05,CONS04,375.61
2025-05-06,CONS04,373.46
2025-05-07,CONS04,373.82
2025-05-08,CONS04,366.76
2025-05-09,CONS04,352.13
2025-05-12,CONS04,353.75
2025-05-13,CONS04,341.19
2025-05-14,CONS04,335.19
2025-05-15,CONS04,324.61
2025-05-16,CONS04,315.07
2025-05-19,CONS04,317.58
2025-05-20,CONS04,316.41
2025-05-21,CONS04,315.03
2025-05-22,CONS04,307.66
2025-05-23,CONS04,304.12
2025-05-26,CONS04,306.28
2025-05-27,CONS04,306.08
2025-05-28,CONS04,310.71
2025-05-29,CONS04,316.2
2025-05-30,CONS04,314.86
2025-06-02,CONS04,304.45
2025-06-03,CONS04,300.4
2025-06-04,CONS04,299.96
2025-06-05,CONS04,295.86
2025-06-06,CONS04,290.33
2025-06-09,CONS04,290.78
2025-06-10,CONS04,303.59
2025-06-11,CONS04,301.01
2025-06-12,CONS04,301.09
2025-06-13,CONS04,294.07
2025-06-16,CONS04,300.74
2025-06-17,CONS04,305.56
2025-06-18,CONS04,310.08
2025-06-19,CONS04,317.77
2025-06-20,CONS04,315.42
2025-06-23,CONS04,313.8
2025-06-24,CONS04,323.55
2025-06-25,CONS04,327.33
2025-06-26,CONS04,314.35
2025-06-27,CONS04,317.02
2025-06-30,CONS04,313.8
2025-07-01,CONS04,318.96
2025-07-02,CONS04,321.4
2025-07-03,CONS04,311.43
2025-07-04,CONS04,313.03
2025-07-07,CONS04,314.31
2025-07-08,CONS04,316.46
2025-07-09,CONS04,319.84
2025-07-10,CONS04,328.54
2025-07-11,CONS04,331.09
2025-07-14,CONS04,331.33
2025-07-15,CONS04,338.27
2025-07-16,CONS04,352.03
2025-07-17,CONS04,357.93
2025-07-18,CONS04,359.37
2025-07-21,CONS04,362.27
2025-07-22,CONS04,364.05
2025-07-23,CONS04,364.28
2025-07-24,CONS04,378.59
2025-07-25,CONS04,373.6
2025-07-28,CONS04,381.48
2025-07-29,CONS04,380.73
2025-07-30,CONS04,370.7
2025-07-31,CONS04,369.55
2025-08-01,CONS04,366.02
2025-08-04,CONS04,369.94
2025-08-05,CONS04,370.66
2025-08-06,CONS04,363.95
2025-08-07,CONS04,373.7
2025-08-08,CONS04,381.14
2025-08-11,CONS04,392.14
2025-08-12,CONS04,393.93
2025-08-13,CONS04,393.79
2025-08-14,CONS04,398.9
2025-08-15,CONS04,394.87
2025-08-18,CONS04,395.91
2025-08-19,CONS04,394.78
2025-08-20,CONS04,384.52
2025-08-21,CONS04,385.51
2025-08-22,CONS04,382.57
2025-08-25,CONS04,381.01
2025-08-26,CONS04,383.62
2025-08-27,CONS04,392.53
2025-08-28,CONS04,386.65
2025-08-29,CONS04,384.42
2025-09-01,CONS04,379.24
2025-09-02,CONS04,373.69
2025-09-03,CONS04,369.8
2025-09-04,CONS04,368.6
2025-09-05,CONS04,372.6
2025-09-08,CONS04,374.86
2025-09-09,CONS04,367.84
2025-09-10,CONS04,376.52
2025-09-11,CONS04,383.04
2025-09-12,CONS04,376.94
2025-09-15,CONS04,385.36
2025-09-16,CONS04,387.74
2025-09-17,CONS04,386.77
2025-09-18,CONS04,389.37
2025-09-19,CONS04,389.31
2025-09-22,CONS04,393.25
2025-09-23,CONS04,394.69
2025-09-24,CONS04,392.41
2025-09-25,CONS04,378.22
2025-09-26,CONS04,381.92
2025-09-29,CONS04,379.47
2025-09-30,CONS04,384.9
2025-10-01,CONS04,388.35
2025-10-02,CONS04,386.04
2025-10-03,CONS04,393.26
2025-10-06,CONS04,394.83
2025-10-07,CONS04,396.11
2025-10-08,CONS04,395.24
2025-10-09,CONS04,407.34
2025-10-10,CONS04,402.23
2025-10-13,CONS04,400.02
2025-10-14,CONS04,391.23
2025-10-15,CONS04,396.46
2025-10-16,CONS04,392.43
2025-10-17,CONS04,389.22
2025-10-20,CONS04,385.72
2025-10-21,CONS04,386.27
2025-10-22,CONS04,377.69
2025-10-23,CONS04,362.55
2025-10-24,CONS04,365.65
2025-10-27,CONS04,351.85
2025-10-28,CONS04,357.36
2025-10-29,CONS04,367.49
2025-10-30,CONS04,366.52
2025-10-31,CONS04,375.2
2025-11-03,CONS04,375.15
2025-11-04,CONS04,386.06
2025-11-05,CONS04,383.01
2025-11-06,CONS04,366.82
2025-11-07,CONS04,366.4
2025-11-10,CONS04,377.78
2025-11-11,CONS04,381.53
2025-11-12,CONS04,378.1
2025-11-13,CONS04,380.45
2025-11-14,CONS04,387.22
2025-11-17,CONS04,386.74
2025-11-18,CONS04,405.14
2025-11-19,CONS04,401.49
2025-11-20,CONS04,408.85
2025-11-21,CONS04,414.58
2025-11-24,CONS04,409.48
2025-11-25,CONS04,406.48
2025-11-26,CONS04,414.05
2025-11-27,CONS04,415.25
2025-11-28,CONS04,417.9
2025-12-01,CONS04,405.72
2025-12-02,CONS04,410.63
2025-12-03,CONS04,412.88
2025-12-04,CONS04,412.53
2025-12-05,CONS04,415.33
2025-12-08,CONS04,412.4
2025-12-09,CONS04,408.13
2025-12-10,CONS04,406.47
2025-12-11,CONS04,403.2
2025-12-12,CONS04,419.15
2025-12-15,CONS04,426.15
2025-12-16,CONS04,418.85
2025-12-17,CONS04,434.33
2025-12-18,CONS04,431.07
2025-12-19,CONS04,431.43
2025-12-22,CONS04,438.53
2025-12-23,CONS04,423.11
2025-12-24,CONS04,421.43
2025-12-25,CONS04,417.21
2025-12-26,CONS04,418.88
2025-12-29,CONS04,421.79
2025-12-30,CONS04,421.33
2025-12-31,CONS04,420.52
2026-01-01,CONS04,428.71
2026-01-02,CONS04,431.16
2026-01-05,CONS04,431.62
2026-01-06,CONS04,432.89
2026-01-07,CONS04,447.33
2026-01-08,CONS04,448.85
2026-01-09,CONS04,444.83
2026-01-12,CONS04,429.68
2026-01-13,CONS04,418.72
2026-01-14,CONS04,415.32
2026-01-15,CONS04,414.64
2026-01-16,CONS04,410.62
2026-01-19,CONS04,413.33
2026-01-20,CONS04,409.23
2026-01-21,CONS04,402.62
2026-01-22,CONS04,407.18
2026-01-23,CONS04,417.34
2026-01-26,CONS04,409.14
2026-01-27,CONS04,411.06
2026-01-28,CONS04,397.09
2026-01-29,CONS04,386.67
2026-01-30,CONS04,382.69
2026-02-02,CONS04,390.62
2026-02-03,CONS04,385.26
2026-02-04,CONS04,379.72
2026-02-05,CONS04,380.08
2026-02-06,CONS04,380.45
2026-02-09,CONS04,375.18
2026-02-10,CONS04,388.71
2026-02-11,CONS04,386.97
2026-02-12,CONS04,387.88
2026-02-13,CONS04,385.19
2026-02-16,CONS04,388.35
2026-02-17,CONS04,397.1
2026-02-18,CONS04,409.11
2026-02-19,CONS04,403.62
2026-02-20,CONS04,411.74
2026-02-23,CONS04,415.94
2026-02-24,CONS04,423.36
2026-02-25,CONS04,422.79
2026-02-26,CONS04,421.49
2026-02-27,CONS04,428.72
2026-03-02,CONS04,436.21
2024-01-01,CONS05,363.08
2024-01-02,CONS05,362.49
2024-01-03,CONS05,346.55
2024-01-04,CONS05,336.6
2024-01-05,CONS05,334.32
2024-01-08,CONS05,327.79
2024-01-09,CONS05,332.69
2024-01-10,CONS05,324.95
2024-01-11,CONS05,322.11
2024-01-12,CONS05,319.53
2024-01-15,CONS05,326.56
2024-01-16,CONS05,323.08
2024-01-17,CONS05,325.81
2024-01-18,CONS05,327.05
2024-01-19,CONS05,332.47
2024-01-22,CONS05,337.66
2024-01-23,CONS05,337.55
2024-01-24,CONS05,327.35
2024-01-25,CONS05,326.08
2024-01-26,CONS05,326.06
2024-01-29,CONS05,327.84
2024-01-30,CONS05,323.58
2024-01-31,CONS05,330.33
2024-02-01,CONS05,330.51
2024-02-02,CONS05,325.13
2024-02-05,CONS05,322.54
2024-02-06,CONS05,333.84
2024-02-07,CONS05,337.93
2024-02-08,CONS05,344.41
2024-02-09,CONS05,338.06
2024-02-12,CONS05,333.97
2024-02-13,CONS05,329.97
2024-02-14,CONS05,331.16
2024-02-15,CONS05,330.23
2024-02-16,CONS05,327.42
2024-02-19,CONS05,325.37
2024-02-20,CONS05,320.82
2024-02-21,CONS05,319.87
2024-02-22,CONS05,326.38
2024-02-23,CONS05,317.59
2024-02-26,CONS05,319.66
2024-02-27,CONS05,327.7
2024-02-28,CONS05,326.72
2024-02-29,CONS05,323.71
2024-03-01,CONS05,329.19
2024-03-04,CONS05,323.45
2024-03-05,CONS05,323.42
2024-03-06,CONS05,317.46
2024-03-07,CONS05,306.87
2024-03-08,CONS05,306.12
2024-03-11,CONS05,299.25
2024-03-12,CONS05,299.28
2024-03-13,CONS05,305.38
2024-03-14,CONS05,315.66
2024-03-15,CONS05,316.29
2024-03-18,CONS05,322.19
2024-03-19,CONS05,324.6
2024-03-20,CONS05,322.46
2024-03-21,CONS05,311.38
2024-03-22,CONS05,320.59
2024-03-25,CONS05,314.63
2024-03-26,CONS05,322.56
2024-03-27,CONS05,325.77
2024-03-28,CONS05,320.15
2024-03-29,CONS05,322.04
2024-04-01,CONS05,334.5
2024-04-02,CONS05,343.85
2024-04-03,CONS05,340.78
2024-04-04,CONS05,336.51
2024-04-05,CONS05,337.22
2024-04-08,CONS05,336.32
2024-04-09,CONS05,343.68
2024-04-10,CONS05,348.36
2024-04-11,CONS05,337.85
2024-04-12,CONS05,340.74
2024-04-15,CONS05,339.75
2024-04-16,CONS05,340.07
2024-04-17,CONS05,341.7
2024-04-18,CONS05,349.18
2024-04-19,CONS05,355.43
2024-04-22,CONS05,350.74
2024-04-23,CONS05,350.47
2024-04-24,CONS05,347.75
2024-04-25,CONS05,337.32
2024-04-26,CONS05,336.76
2024-04-29,CONS05,348.04
2024-04-30,CONS05,337.42
2024-05-01,CONS05,337.38
2024-05-02,CONS05,337.14
2024-05-03,CONS05,338.99
2024-05-06,CONS05,333.21
2024-05-07,CONS05,324.77
2024-05-08,CONS05,316.8
2024-05-09,CONS05,324.49
2024-05-10,CONS05,318.85
2024-05-13,CONS05,316.08
2024-05-14,CONS05,328.14
2024-05-15,CONS05,323.91
2024-05-16,CONS05,326.0
2024-05-17,CONS05,332.34
2024-05-20,CONS05,338.51
2024-05-21,CONS05,330.5
2024-05-22,CONS05,326.36
2024-05-23,CONS05,328.23
2024-05-24,CONS05,339.73
2024-05-27,CONS05,335.17
2024-05-28,CONS05,332.3
2024-05-29,CONS05,334.9
2024-05-30,CONS05,338.74
2024-05-31,CONS05,342.99
2024-06-03,CONS05,337.87
2024-06-04,CONS05,334.73
2024-06-05,CONS05,336.13
2024-06-06,CONS05,343.87
2024-06-07,CONS05,342.5
2024-06-10,CONS05,342.46
2024-06-11,CONS05,336.24
2024-06-12,CONS05,347.62
2024-06-13,CONS05,348.69
2024-06-14,CONS05,355.56
2024-06-17,CONS05,355.86
2024-06-18,CONS05,356.51
2024-06-19,CONS05,346.99
2024-06-20,CONS05,333.66
2024-06-21,CONS05,341.28
2024-06-24,CONS05,341.86
2024-06-25,CONS05,343.23
2024-06-26,CONS05,335.62
2024-06-27,CONS05,330.26
2024-06-28,CONS05,336.68
2024-07-01,CONS05,347.32
2024-07-02,CONS05,343.54
2024-07-03,CONS05,347.8
2024-07-04,CONS05,349.09
2024-07-05,CONS05,348.44
2024-07-08,CONS05,360.16
2024-07-09,CONS05,357.33
2024-07-10,CONS05,365.42
2024-07-11,CONS05,368.04
2024-07-12,CONS05,368.04
2024-07-15,CONS05,377.24
2024-07-16,CONS05,379.32
2024-07-17,CONS05,378.77
2024-07-18,CONS05,388.29
2024-07-19,CONS05,397.14
2024-07-22,CONS05,405.85
2024-07-23,CONS05,377.57
2024-07-24,CONS05,380.68
2024-07-25,CONS05,382.24
2024-07-26,CONS05,382.12
2024-07-29,CONS05,386.43
2024-07-30,CONS05,388.36
2024-07-31,CONS05,393.21
2024-08-01,CONS05,391.43
2024-08-02,CONS05,402.11
2024-08-05,CONS05,407.86
2024-08-06,CONS05,411.97
2024-08-07,CONS05,415.75
2024-08-08,CONS05,424.54
2024-08-09,CONS05,432.47
2024-08-12,CONS05,431.73
2024-08-13,CONS05,439.55
2024-08-14,CONS05,441.06
2024-08-15,CONS05,456.41
2024-08-16,CONS05,465.57
2024-08-19,CONS05,460.46
2024-08-20,CONS05,479.92
2024-08-21,CONS05,461.9
2024-08-22,CONS05,467.34
2024-08-23,CONS05,461.63
2024-08-26,CONS05,477.4
2024-08-27,CONS05,479.72
2024-08-28,CONS05,473.01
2024-08-29,CONS05,470.88
2024-08-30,CONS05,464.97
2024-09-02,CONS05,462.55
2024-09-03,CONS05,459.95
2024-09-04,CONS05,453.87
2024-09-05,CONS05,456.22
2024-09-06,CONS05,459.57
2024-09-09,CONS05,451.46
2024-09-10,CONS05,438.12
2024-09-11,CONS05,440.71
2024-09-12,CONS05,445.06
2024-09-13,CONS05,451.04
2024-09-16,CONS05,455.65
2024-09-17,CONS05,468.69
2024-09-18,CONS05,477.24
2024-09-19,CONS05,500.4
2024-09-20,CONS05,528.48
2024-09-23,CONS05,511.91
2024-09-24,CONS05,491.82
2024-09-25,CONS05,491.91
2024-09-26,CONS05,496.52
2024-09-27,CONS05,495.99
2024-09-30,CONS05,502.42
2024-10-01,CONS05,500.13
2024-10-02,CONS05,494.03
2024-10-03,CONS05,489.35
2024-10-04,CONS05,487.73
2024-10-07,CONS05,495.28
2024-10-08,CONS05,491.09
2024-10-09,CONS05,488.69
2024-10-10,CONS05,493.85
2024-10-11,CONS05,492.23
2024-10-14,CONS05,502.27
2024-10-15,CONS05,494.11
2024-10-16,CONS05,484.15
2024-10-17,CONS05,486.95
2024-10-18,CONS05,490.64
2024-10-21,CONS05,483.15
2024-10-22,CONS05,494.98
2024-10-23,CONS05,512.28
2024-10-24,CONS05,506.64
2024-10-25,CONS05,520.36
2024-10-28,CONS05,498.2
2024-10-29,CONS05,508.0
2024-10-30,CONS05,500.31
2024-10-31,CONS05,509.25
2024-11-01,CONS05,500.59
2024-11-04,CONS05,500.12
2024-11-05,CONS05,492.98
2024-11-06,CONS05,491.23
2024-11-07,CONS05,507.56
2024-11-08,CONS05,506.73
2024-11-11,CONS05,526.13
2024-11-12,CONS05,522.63
2024-11-13,CONS05,536.82
2024-11-14,CONS05,521.27
2024-11-15,CONS05,518.74
2024-11-18,CONS05,513.89
2024-11-19,CONS05,528.27
2024-11-20,CONS05,530.19
2024-11-21,CONS05,510.42
2024-11-22,CONS05,498.54
2024-11-25,CONS05,489.6
2024-11-26,CONS05,497.98
2024-11-27,CONS05,505.34
2024-11-28,CONS05,502.76
2024-11-29,CONS05,497.95
2024-12-02,CONS05,504.52
2024-12-03,CONS05,494.41
2024-12-04,CONS05,498.63
2024-12-05,CONS05,502.13
2024-12-06,CONS05,499.8
2024-12-09,CONS05,503.52
2024-12-10,CONS05,504.6
2024-12-11,CONS05,509.27
2024-12-12,CONS05,497.19
2024-12-13,CONS05,502.84
2024-12-16,CONS05,512.28
2024-12-17,CONS05,515.4
2024-12-18,CONS05,521.13
2024-12-19,CONS05,520.25
2024-12-20,CONS05,528.76
2024-12-23,CONS05,529.54
2024-12-24,CONS05,518.75
2024-12-25,CONS05,526.57
2024-12-26,CONS05,511.24
2024-12-27,CONS05,513.99
2024-12-30,CONS05,510.59
2024-12-31,CONS05,506.63
2025-01-01,CONS05,508.35
2025-01-02,CONS05,502.01
2025-01-03,CONS05,506.79
2025-01-06,CONS05,507.46
2025-01-07,CONS05,501.97
2025-01-08,CONS05,514.21
2025-01-09,CONS05,516.26
2025-01-10,CONS05,522.28
2025-01-13,CONS05,535.75
2025-01-14,CONS05,549.42
2025-01-15,CONS05,555.32
2025-01-16,CONS05,552.46
2025-01-17,CONS05,538.41
2025-01-20,CONS05,540.57
2025-01-21,CONS05,551.38
2025-01-22,CONS05,555.07
2025-01-23,CONS05,520.82
2025-01-24,CONS05,529.13
2025-01-27,CONS05,538.16
2025-01-28,CONS05,535.4
2025-01-29,CONS05,545.09
2025-01-30,CONS05,551.41
2025-01-31,CONS05,544.78
2025-02-03,CONS05,557.41
2025-02-04,CONS05,544.86
2025-02-05,CONS05,544.46
2025-02-06,CONS05,543.08
2025-02-07,CONS05,535.18
2025-02-10,CONS05,538.26
2025-02-11,CONS05,551.12
2025-02-12,CONS05,563.66
2025-02-13,CONS05,571.18
2025-02-14,CONS05,553.91
2025-02-17,CONS05,540.76
2025-02-18,CONS05,542.54
2025-02-19,CONS05,542.36
2025-02-20,CONS05,537.67
2025-02-21,CONS05,556.27
2025-02-24,CONS05,557.49
2025-02-25,CONS05,563.1
2025-02-26,CONS05,573.29
2025-02-27,CONS05,574.02
2025-02-28,CONS05,600.97
2025-03-03,CONS05,590.98
2025-03-04,CONS05,584.71
2025-03-05,CONS05,574.96
2025-03-06,CONS05,591.3
2025-03-07,CONS05,600.02
2025-03-10,CONS05,594.32
2025-03-11,CONS05,585.26
2025-03-12,CONS05,600.02
2025-03-13,CONS05,604.11
2025-03-14,CONS05,619.63
2025-03-17,CONS05,619.14
2025-03-18,CONS05,625.03
2025-03-19,CONS05,628.59
2025-03-20,CONS05,621.72
2025-03-21,CONS05,620.29
2025-03-24,CONS05,607.26
2025-03-25,CONS05,612.84
2025-03-26,CONS05,621.42
2025-03-27,CONS05,632.68
2025-03-28,CONS05,640.46
2025-03-31,CONS05,639.18
2025-04-01,CONS05,657.23
2025-04-02,CONS05,667.98
2025-04-03,CONS05,684.88
2025-04-04,CONS05,702.97
2025-04-07,CONS05,701.59
2025-04-08,CONS05,706.7
2025-04-09,CONS05,716.77
2025-04-10,CONS05,702.16
2025-04-11,CONS05,688.12
2025-04-14,CONS05,672.24
2025-04-15,CONS05,671.13
2025-04-16,CONS05,667.3
2025-04-17,CONS05,650.26
2025-04-18,CONS05,652.2
2025-04-21,CONS05,651.28
2025-04-22,CONS05,665.33
2025-04-23,CONS05,689.64
2025-04-24,CONS05,695.51
2025-04-25,CONS05,687.0
2025-04-28,CONS05,695.2
2025-04-29,CONS05,695.53
2025-04-30,CONS05,692.73
2025-05-01,CONS05,682.19
2025-05-02,CONS05,676.7
2025-05-05,CONS05,674.74
2025-05-06,CONS05,684.7
2025-05-07,CONS05,691.21
2025-05-08,CONS05,714.13
2025-05-09,CONS05,723.01
2025-05-12,CONS05,728.75
2025-05-13,CONS05,724.95
2025-05-14,CONS05,711.63
2025-05-15,CONS05,704.54
2025-05-16,CONS05,695.88
2025-05-19,CONS05,664.01
2025-05-20,CONS05,652.16
2025-05-21,CONS05,671.16
2025-05-22,CONS05,675.81
2025-05-23,CONS05,671.44
2025-05-26,CONS05,676.45
2025-05-27,CONS05,652.87
2025-05-28,CONS05,656.38
2025-05-29,CONS05,671.67
2025-05-30,CONS05,670.41
2025-06-02,CONS05,649.23
2025-06-03,CONS05,644.59
2025-06-04,CONS05,659.62
2025-06-05,CONS05,662.89
2025-06-06,CONS05,646.17
2025-06-09,CONS05,673.9
2025-06-10,CONS05,658.89
2025-06-11,CONS05,656.21
2025-06-12,CONS05,644.15
2025-06-13,CONS05,632.33
2025-06-16,CONS05,627.37
2025-06-17,CONS05,634.75
2025-06-18,CONS05,649.68
2025-06-19,CONS05,645.36
2025-06-20,CONS05,633.82
2025-06-23,CONS05,639.47
2025-06-24,CONS05,645.51
2025-06-25,CONS05,648.5
2025-06-26,CONS05,651.91
2025-06-27,CONS05,650.78
2025-06-30,CONS05,652.13
2025-07-01,CONS05,650.19
2025-07-02,CONS05,662.91
2025-07-03,CONS05,689.7
2025-07-04,CONS05,692.14
2025-07-07,CONS05,692.27
2025-07-08,CONS05,695.66
2025-07-09,CONS05,687.63
2025-07-10,CONS05,697.31
2025-07-11,CONS05,703.05
2025-07-14,CONS05,697.94
2025-07-15,CONS05,709.49
2025-07-16,CONS05,709.94
2025-07-17,CONS05,697.76
2025-07-18,CONS05,702.38
2025-07-21,CONS05,705.59
2025-07-22,CONS05,718.0
2025-07-23,CONS05,728.96
2025-07-24,CONS05,727.75
2025-07-25,CONS05,721.78
2025-07-28,CONS05,722.02
2025-07-29,CONS05,726.96
2025-07-30,CONS05,733.51
2025-07-31,CONS05,737.71
2025-08-01,CONS05,736.72
2025-08-04,CONS05,750.16
2025-08-05,CONS05,741.28
2025-08-06,CONS05,774.59
2025-08-07,CONS05,785.46
2025-08-08,CONS05,769.75
2025-08-11,CONS05,772.55
2025-08-12,CONS05,783.53
2025-08-13,CONS05,778.84
2025-08-14,CONS05,758.11
2025-08-15,CONS05,744.16
2025-08-18,CONS05,751.64
2025-08-19,CONS05,728.13
2025-08-20,CONS05,709.35
2025-08-21,CONS05,716.42
2025-08-22,CONS05,713.76
2025-08-25,CONS05,705.04
2025-08-26,CONS05,698.97
2025-08-27,CONS05,680.68
2025-08-28,CONS05,686.82
2025-08-29,CONS05,677.05
2025-09-01,CONS05,670.73
2025-09-02,CONS05,675.11
2025-09-03,CONS05,672.2
2025-09-04,CONS05,663.87
2025-09-05,CONS05,640.3
2025-09-08,CONS05,644.73
2025-09-09,CONS05,645.84
2025-09-10,CONS05,640.02
2025-09-11,CONS05,628.26
2025-09-12,CONS05,628.59
2025-09-15,CONS05,634.21
2025-09-16,CONS05,635.52
2025-09-17,CONS05,654.45
2025-09-18,CONS05,662.95
2025-09-19,CONS05,661.87
2025-09-22,CONS05,670.86
2025-09-23,CONS05,671.65
2025-09-24,CONS05,672.4
2025-09-25,CONS05,688.29
2025-09-26,CONS05,677.37
2025-09-29,CONS05,677.86
2025-09-30,CONS05,692.58
2025-10-01,CONS05,696.64
2025-10-02,CONS05,692.22
2025-10-03,CONS05,671.17
2025-10-06,CONS05,643.94
2025-10-07,CONS05,668.2
2025-10-08,CONS05,672.11
2025-10-09,CONS05,665.24
2025-10-10,CONS05,669.63
2025-10-13,CONS05,658.41
2025-10-14,CONS05,654.68
2025-10-15,CONS05,643.79
2025-10-16,CONS05,627.6
2025-10-17,CONS05,604.01
2025-10-20,CONS05,586.82
2025-10-21,CONS05,597.79
2025-10-22,CONS05,587.35
2025-10-23,CONS05,593.18
2025-10-24,CONS05,603.57
2025-10-27,CONS05,603.93
2025-10-28,CONS05,600.87
2025-10-29,CONS05,602.49
2025-10-30,CONS05,598.15
2025-10-31,CONS05,611.29
2025-11-03,CONS05,632.12
2025-11-04,CONS05,648.81
2025-11-05,CONS05,623.87
2025-11-06,CONS05,619.15
2025-11-07,CONS05,619.39
2025-11-10,CONS05,624.73
2025-11-11,CONS05,605.5
2025-11-12,CONS05,586.68
2025-11-13,CONS05,600.65
2025-11-14,CONS05,594.79
2025-11-17,CONS05,579.04
2025-11-18,CONS05,567.71
2025-11-19,CONS05,571.87
2025-11-20,CONS05,563.58
2025-11-21,CONS05,566.2
2025-11-24,CONS05,556.39
2025-11-25,CONS05,539.09
2025-11-26,CONS05,553.08
2025-11-27,CONS05,557.21
2025-11-28,CONS05,554.03
2025-12-01,CONS05,548.99
2025-12-02,CONS05,563.63
2025-12-03,CONS05,569.8
2025-12-04,CONS05,581.74
2025-12-05,CONS05,575.8
2025-12-08,CONS05,576.5
2025-12-09,CONS05,580.84
2025-12-10,CONS05,575.27
2025-12-11,CONS05,574.45
2025-12-12,CONS05,568.59
2025-12-15,CONS05,572.84
2025-12-16,CONS05,559.39
2025-12-17,CONS05,565.32
2025-12-18,CONS05,568.65
2025-12-19,CONS05,566.74
2025-12-22,CONS05,571.49
2025-12-23,CONS05,567.91
2025-12-24,CONS05,561.23
2025-12-25,CONS05,566.89
2025-12-26,CONS05,573.05
2025-12-29,CONS05,567.99
2025-12-30,CONS05,562.1
2025-12-31,CONS05,560.42
2026-01-01,CONS05,555.02
2026-01-02,CONS05,570.42
2026-01-05,CONS05,573.84
2026-01-06,CONS05,574.16
2026-01-07,CONS05,564.69
2026-01-08,CONS05,572.38
2026-01-09,CONS05,566.25
2026-01-12,CONS05,559.76
2026-01-13,CONS05,567.72
2026-01-14,CONS05,571.84
2026-01-15,CONS05,546.25
2026-01-16,CONS05,544.86
2026-01-19,CONS05,546.25
2026-01-20,CONS05,543.08
2026-01-21,CONS05,544.81
2026-01-22,CONS05,527.23
2026-01-23,CONS05,500.52
2026-01-26,CONS05,491.88
2026-01-27,CONS05,494.53
2026-01-28,CONS05,465.97
2026-01-29,CONS05,459.03
2026-01-30,CONS05,443.28
2026-02-02,CONS05,441.48
2026-02-03,CONS05,457.17
2026-02-04,CONS05,455.52
2026-02-05,CONS05,454.78
2026-02-06,CONS05,461.78
2026-02-09,CONS05,462.1
2026-02-10,CONS05,460.45
2026-02-11,CONS05,468.27
2026-02-12,CONS05,472.38
2026-02-13,CONS05,474.98
2026-02-16,CONS05,473.94
2026-02-17,CONS05,471.13
2026-02-18,CONS05,479.05
2026-02-19,CONS05,476.29
2026-02-20,CONS05,486.99
2026-02-23,CONS05,477.95
2026-02-24,CONS05,490.43
2026-02-25,CONS05,494.75
2026-02-26,CONS05,486.27
2026-02-27,CONS05,490.87
2026-03-02,CONS05,485.27
2024-01-01,MFG01,329.68
2024-01-02,MFG01,328.99
2024-01-03,MFG01,334.66
2024-01-04,MFG01,337.89
2024-01-05,MFG01,331.14
2024-01-08,MFG01,324.88
2024-01-09,MFG01,326.56
2024-01-10,MFG01,328.67
2024-01-11,MFG01,324.78
2024-01-12,MFG01,334.18
2024-01-15,MFG01,339.17
2024-01-16,MFG01,335.46
2024-01-17,MFG01,331.2
2024-01-18,MFG01,329.94
2024-01-19,MFG01,328.07
2024-01-22,MFG01,335.58
2024-01-23,MFG01,341.63
2024-01-24,MFG01,341.95
2024-01-25,MFG01,346.22
2024-01-26,MFG01,351.46
2024-01-29,MFG01,351.93
2024-01-30,MFG01,354.59
2024-01-31,MFG01,358.48
2024-02-01,MFG01,361.74
2024-02-02,MFG01,356.78
2024-02-05,MFG01,352.53
2024-02-06,MFG01,350.81
2024-02-07,MFG01,346.45
2024-02-08,MFG01,337.37
2024-02-09,MFG01,341.57
2024-02-12,MFG01,343.8
2024-02-13,MFG01,335.62
2024-02-14,MFG01,334.26
2024-02-15,MFG01,333.26
2024-02-16,MFG01,334.45
2024-02-19,MFG01,328.03
2024-02-20,MFG01,320.14
2024-02-21,MFG01,323.23
2024-02-22,MFG01,314.4
2024-02-23,MFG01,313.18
2024-02-26,MFG01,311.43
2024-02-27,MFG01,310.84
2024-02-28,MFG01,312.34
2024-02-29,MFG01,321.42
2024-03-01,MFG01,312.27
2024-03-04,MFG01,317.29
2024-03-05,MFG01,303.04
2024-03-06,MFG01,310.73
2024-03-07,MFG01,299.4
2024-03-08,MFG01,312.62
2024-03-11,MFG01,310.52
2024-03-12,MFG01,317.82
2024-03-13,MFG01,324.12
2024-03-14,MFG01,321.67
2024-03-15,MFG01,319.68
2024-03-18,MFG01,314.96
2024-03-19,MFG01,319.52
2024-03-20,MFG01,317.18
2024-03-21,MFG01,312.6
2024-03-22,MFG01,315.72
2024-03-25,MFG01,310.71
2024-03-26,MFG01,308.97
2024-03-27,MFG01,309.66
2024-03-28,MFG01,306.17
2024-03-29,MFG01,303.55
2024-04-01,MFG01,312.03
2024-04-02,MFG01,310.97
2024-04-03,MFG01,309.06
2024-04-04,MFG01,308.17
2024-04-05,MFG01,310.79
2024-04-08,MFG01,305.1
2024-04-09,MFG01,307.53
2024-04-10,MFG01,309.04
2024-04-11,MFG01,299.19
2024-04-12,MFG01,308.94
2024-04-15,MFG01,317.15
2024-04-16,MFG01,312.68
2024-04-17,MFG01,306.46
2024-04-18,MFG01,307.81
2024-04-19,MFG01,300.0
2024-04-22,MFG01,307.45
2024-04-23,MFG01,304.95
2024-04-24,MFG01,313.95
2024-04-25,MFG01,309.38
2024-04-26,MFG01,308.85
2024-04-29,MFG01,315.99
2024-04-30,MFG01,314.25
2024-05-01,MFG01,315.88
2024-05-02,MFG01,
2024-05-03,MFG01,
2024-05-06,MFG01,
2024-05-07,MFG01,
2024-05-08,MFG01,
2024-05-09,MFG01,
2024-05-10,MFG01,315.34
2024-05-13,MFG01,313.88
2024-05-14,MFG01,305.89
2024-05-15,MFG01,293.03
2024-05-16,MFG01,308.24
2024-05-17,MFG01,311.26
2024-05-20,MFG01,312.12
2024-05-21,MFG01,313.78
2024-05-22,MFG01,305.79
2024-05-23,MFG01,301.5
2024-05-24,MFG01,311.05
2024-05-27,MFG01,314.83
2024-05-28,MFG01,310.6
2024-05-29,MFG01,303.83
2024-05-30,MFG01,301.11
2024-05-31,MFG01,299.49
2024-06-03,MFG01,310.62
2024-06-04,MFG01,309.66
2024-06-05,MFG01,303.13
2024-06-06,MFG01,302.9
2024-06-07,MFG01,304.43
2024-06-10,MFG01,297.5
2024-06-11,MFG01,299.75
2024-06-12,MFG01,306.36
2024-06-13,MFG01,307.22
2024-06-14,MFG01,302.9
2024-06-17,MFG01,300.11
2024-06-18,MFG01,291.24
2024-06-19,MFG01,290.62
2024-06-20,MFG01,292.33
2024-06-21,MFG01,287.7
2024-06-24,MFG01,297.84
2024-06-25,MFG01,302.17
2024-06-26,MFG01,292.51
2024-06-27,MFG01,283.27
2024-06-28,MFG01,278.34
2024-07-01,MFG01,286.3
2024-07-02,MFG01,290.98
2024-07-03,MFG01,299.57
2024-07-04,MFG01,299.72
2024-07-05,MFG01,298.68
2024-07-08,MFG01,292.06
2024-07-09,MFG01,293.98
2024-07-10,MFG01,293.03
2024-07-11,MFG01,291.88
2024-07-12,MFG01,300.47
2024-07-15,MFG01,299.88
2024-07-16,MFG01,307.15
2024-07-17,MFG01,298.47
2024-07-18,MFG01,313.0
2024-07-19,MFG01,310.99
2024-07-22,MFG01,315.04
2024-07-23,MFG01,320.05
2024-07-24,MFG01,317.28
2024-07-25,MFG01,322.05
2024-07-26,MFG01,327.2
2024-07-29,MFG01,323.09
2024-07-30,MFG01,319.11
2024-07-31,MFG01,319.47
2024-08-01,MFG01,318.9
2024-08-02,MFG01,326.99
2024-08-05,MFG01,331.23
2024-08-06,MFG01,330.91
2024-08-07,MFG01,334.62
2024-08-08,MFG01,322.39
2024-08-09,MFG01,318.91
2024-08-12,MFG01,320.66
2024-08-13,MFG01,327.2
2024-08-14,MFG01,328.47
2024-08-15,MFG01,337.19
2024-08-16,MFG01,342.56
2024-08-19,MFG01,339.65
2024-08-20,MFG01,338.9
2024-08-21,MFG01,341.49
2024-08-22,MFG01,338.84
2024-08-23,MFG01,348.28
2024-08-26,MFG01,341.43
2024-08-27,MFG01,343.48
2024-08-28,MFG01,348.13
2024-08-29,MFG01,346.27
2024-08-30,MFG01,343.01
2024-09-02,MFG01,342.65
2024-09-03,MFG01,347.76
2024-09-04,MFG01,344.73
2024-09-05,MFG01,338.2
2024-09-06,MFG01,345.31
2024-09-09,MFG01,347.89
2024-09-10,MFG01,354.31
2024-09-11,MFG01,359.26
2024-09-12,MFG01,373.46
2024-09-13,MFG01,381.07
2024-09-16,MFG01,376.22
2024-09-17,MFG01,379.51
2024-09-18,MFG01,375.82
2024-09-19,MFG01,372.86
2024-09-20,MFG01,363.49
2024-09-23,MFG01,361.73
2024-09-24,MFG01,365.39
2024-09-25,MFG01,365.06
2024-09-26,MFG01,357.95
2024-09-27,MFG01,348.24
2024-09-30,MFG01,361.58
2024-10-01,MFG01,363.81
2024-10-02,MFG01,358.52
2024-10-03,MFG01,361.61
2024-10-04,MFG01,375.97
2024-10-07,MFG01,380.28
2024-10-08,MFG01,361.32
2024-10-09,MFG01,378.67
2024-10-10,MFG01,366.18
2024-10-11,MFG01,364.93
2024-10-14,MFG01,357.6
2024-10-15,MFG01,352.94
2024-10-16,MFG01,354.86
2024-10-17,MFG01,341.73
2024-10-18,MFG01,341.28
2024-10-21,MFG01,348.43
2024-10-22,MFG01,343.25
2024-10-23,MFG01,334.76
2024-10-24,MFG01,334.02
2024-10-25,MFG01,332.09
2024-10-28,MFG01,328.63
2024-10-29,MFG01,321.7
2024-10-30,MFG01,324.8
2024-10-31,MFG01,328.38
2024-11-01,MFG01,322.18
2024-11-04,MFG01,316.9
2024-11-05,MFG01,317.77
2024-11-06,MFG01,312.35
2024-11-07,MFG01,313.45
2024-11-08,MFG01,321.82
2024-11-11,MFG01,321.57
2024-11-12,MFG01,314.64
2024-11-13,MFG01,316.96
2024-11-14,MFG01,316.04
2024-11-15,MFG01,315.28
2024-11-18,MFG01,318.07
2024-11-19,MFG01,322.13
2024-11-20,MFG01,322.43
2024-11-21,MFG01,322.17
2024-11-22,MFG01,334.24
2024-11-25,MFG01,341.56
2024-11-26,MFG01,346.79
2024-11-27,MFG01,347.71
2024-11-28,MFG01,341.52
2024-11-29,MFG01,348.55
2024-12-02,MFG01,349.56
2024-12-03,MFG01,346.03
2024-12-04,MFG01,344.62
2024-12-05,MFG01,338.73
2024-12-06,MFG01,345.28
2024-12-09,MFG01,349.63
2024-12-10,MFG01,350.88
2024-12-11,MFG01,350.71
2024-12-12,MFG01,346.52
2024-12-13,MFG01,333.34
2024-12-16,MFG01,324.96
2024-12-17,MFG01,320.72
2024-12-18,MFG01,315.66
2024-12-19,MFG01,317.4
2024-12-20,MFG01,322.13
2024-12-23,MFG01,321.48
2024-12-24,MFG01,329.73
2024-12-25,MFG01,325.18
2024-12-26,MFG01,324.49
2024-12-27,MFG01,324.28
2024-12-30,MFG01,330.76
2024-12-31,MFG01,331.49
2025-01-01,MFG01,332.38
2025-01-02,MFG01,322.58
2025-01-03,MFG01,317.45
2025-01-06,MFG01,323.81
2025-01-07,MFG01,311.81
2025-01-08,MFG01,319.44
2025-01-09,MFG01,322.41
2025-01-10,MFG01,318.17
2025-01-13,MFG01,313.5
2025-01-14,MFG01,324.29
2025-01-15,MFG01,332.63
2025-01-16,MFG01,332.01
2025-01-17,MFG01,332.92
2025-01-20,MFG01,329.15
2025-01-21,MFG01,330.04
2025-01-22,MFG01,326.14
2025-01-23,MFG01,325.78
2025-01-24,MFG01,336.49
2025-01-27,MFG01,336.01
2025-01-28,MFG01,329.77
2025-01-29,MFG01,321.76
2025-01-30,MFG01,322.59
2025-01-31,MFG01,318.27
2025-02-03,MFG01,319.78
2025-02-04,MFG01,310.56
2025-02-05,MFG01,314.51
2025-02-06,MFG01,308.6
2025-02-07,MFG01,308.95
2025-02-10,MFG01,307.16
2025-02-11,MFG01,316.75
2025-02-12,MFG01,317.83
2025-02-13,MFG01,329.05
2025-02-14,MFG01,332.47
2025-02-17,MFG01,341.1
2025-02-18,MFG01,339.92
2025-02-19,MFG01,342.14
2025-02-20,MFG01,349.75
2025-02-21,MFG01,355.55
2025-02-24,MFG01,359.05
2025-02-25,MFG01,357.04
2025-02-26,MFG01,356.13
2025-02-27,MFG01,363.53
2025-02-28,MFG01,372.44
2025-03-03,MFG01,368.58
2025-03-04,MFG01,363.76
2025-03-05,MFG01,357.95
2025-03-06,MFG01,363.4
2025-03-07,MFG01,357.43
2025-03-10,MFG01,362.8
2025-03-11,MFG01,366.47
2025-03-12,MFG01,362.98
2025-03-13,MFG01,373.31
2025-03-14,MFG01,363.59
2025-03-17,MFG01,374.57
2025-03-18,MFG01,376.83
2025-03-19,MFG01,362.88
2025-03-20,MFG01,373.38
2025-03-21,MFG01,380.03
2025-03-24,MFG01,377.21
2025-03-25,MFG01,370.78
2025-03-26,MFG01,360.42
2025-03-27,MFG01,376.19
2025-03-28,MFG01,370.05
2025-03-31,MFG01,361.75
2025-04-01,MFG01,363.6
2025-04-02,MFG01,352.99
2025-04-03,MFG01,346.86
2025-04-04,MFG01,353.18
2025-04-07,MFG01,356.23
2025-04-08,MFG01,353.86
2025-04-09,MFG01,354.09
2025-04-10,MFG01,351.37
2025-04-11,MFG01,351.09
2025-04-14,MFG01,346.38
2025-04-15,MFG01,342.86
2025-04-16,MFG01,339.2
2025-04-17,MFG01,334.87
2025-04-18,MFG01,341.26
2025-04-21,MFG01,346.09
2025-04-22,MFG01,340.39
2025-04-23,MFG01,333.17
2025-04-24,MFG01,332.33
2025-04-25,MFG01,345.32
2025-04-28,MFG01,339.04
2025-04-29,MFG01,338.15
2025-04-30,MFG01,338.8
2025-05-01,MFG01,338.24
2025-05-02,MFG01,335.55
2025-05-05,MFG01,342.62
2025-05-06,MFG01,345.53
2025-05-07,MFG01,350.89
2025-05-08,MFG01,354.72
2025-05-09,MFG01,360.54
2025-05-12,MFG01,370.93
2025-05-13,MFG01,379.92
2025-05-14,MFG01,395.94
2025-05-15,MFG01,404.73
2025-05-16,MFG01,399.98
2025-05-19,MFG01,406.2
2025-05-20,MFG01,411.51
2025-05-21,MFG01,425.86
2025-05-22,MFG01,418.57
2025-05-23,MFG01,422.9
2025-05-26,MFG01,417.85
2025-05-27,MFG01,421.83
2025-05-28,MFG01,420.32
2025-05-29,MFG01,424.08
2025-05-30,MFG01,413.44
2025-06-02,MFG01,419.46
2025-06-03,MFG01,421.15
2025-06-04,MFG01,422.43
2025-06-05,MFG01,437.38
2025-06-06,MFG01,434.5
2025-06-09,MFG01,437.31
2025-06-10,MFG01,438.23
2025-06-11,MFG01,439.92
2025-06-12,MFG01,457.65
2025-06-13,MFG01,458.31
2025-06-16,MFG01,453.77
2025-06-17,MFG01,469.19
2025-06-18,MFG01,466.73
2025-06-19,MFG01,453.38
2025-06-20,MFG01,447.47
2025-06-23,MFG01,437.57
2025-06-24,MFG01,423.52
2025-06-25,MFG01,420.88
2025-06-26,MFG01,420.48
2025-06-27,MFG01,429.54
2025-06-30,MFG01,434.53
2025-07-01,MFG01,439.23
2025-07-02,MFG01,432.3
2025-07-03,MFG01,439.31
2025-07-04,MFG01,450.45
2025-07-07,MFG01,453.78
2025-07-08,MFG01,457.37
2025-07-09,MFG01,447.09
2025-07-10,MFG01,455.71
2025-07-11,MFG01,470.46
2025-07-14,MFG01,473.34
2025-07-15,MFG01,468.41
2025-07-16,MFG01,467.19
2025-07-17,MFG01,463.79
2025-07-18,MFG01,460.92
2025-07-21,MFG01,466.44
2025-07-22,MFG01,468.92
2025-07-23,MFG01,477.54
2025-07-24,MFG01,480.87
2025-07-25,MFG01,473.53
2025-07-28,MFG01,469.41
2025-07-29,MFG01,464.79
2025-07-30,MFG01,463.37
2025-07-31,MFG01,478.48
2025-08-01,MFG01,495.46
2025-08-04,MFG01,503.07
2025-08-05,MFG01,504.3
2025-08-06,MFG01,492.09
2025-08-07,MFG01,494.19
2025-08-08,MFG01,487.31
2025-08-11,MFG01,501.75
2025-08-12,MFG01,487.4
2025-08-13,MFG01,490.92
2025-08-14,MFG01,483.34
2025-08-15,MFG01,483.4
2025-08-18,MFG01,489.34
2025-08-19,MFG01,498.49
2025-08-20,MFG01,498.1
2025-08-21,MFG01,505.07
2025-08-22,MFG01,499.2
2025-08-25,MFG01,501.56
2025-08-26,MFG01,510.75
2025-08-27,MFG01,513.96
2025-08-28,MFG01,509.22
2025-08-29,MFG01,506.81
2025-09-01,MFG01,516.23
2025-09-02,MFG01,506.24
2025-09-03,MFG01,497.79
2025-09-04,MFG01,503.33
2025-09-05,MFG01,499.5
2025-09-08,MFG01,486.58
2025-09-09,MFG01,498.56
2025-09-10,MFG01,488.84
2025-09-11,MFG01,487.23
2025-09-12,MFG01,481.95
2025-09-15,MFG01,479.51
2025-09-16,MFG01,472.02
2025-09-17,MFG01,478.23
2025-09-18,MFG01,479.33
2025-09-19,MFG01,487.96
2025-09-22,MFG01,482.75
2025-09-23,MFG01,501.43
2025-09-24,MFG01,484.39
2025-09-25,MFG01,470.72
2025-09-26,MFG01,485.71
2025-09-29,MFG01,490.0
2025-09-30,MFG01,493.16
2025-10-01,MFG01,497.14
2025-10-02,MFG01,502.4
2025-10-03,MFG01,505.26
2025-10-06,MFG01,496.63
2025-10-07,MFG01,504.09
2025-10-08,MFG01,510.23
2025-10-09,MFG01,523.51
2025-10-10,MFG01,540.29
2025-10-13,MFG01,543.66
2025-10-14,MFG01,531.81
2025-10-15,MFG01,548.94
2025-10-16,MFG01,539.05
2025-10-17,MFG01,542.49
2025-10-20,MFG01,540.14
2025-10-21,MFG01,536.12
2025-10-22,MFG01,543.65
2025-10-23,MFG01,546.21
2025-10-24,MFG01,551.42
2025-10-27,MFG01,543.49
2025-10-28,MFG01,541.95
2025-10-29,MFG01,534.6
2025-10-30,MFG01,532.85
2025-10-31,MFG01,531.87
2025-11-03,MFG01,549.69
2025-11-04,MFG01,547.29
2025-11-05,MFG01,526.51
2025-11-06,MFG01,539.89
2025-11-07,MFG01,544.42
2025-11-10,MFG01,543.3
2025-11-11,MFG01,539.18
2025-11-12,MFG01,530.16
2025-11-13,MFG01,548.81
2025-11-14,MFG01,549.49
2025-11-17,MFG01,532.46
2025-11-18,MFG01,535.76
2025-11-19,MFG01,547.56
2025-11-20,MFG01,549.26
2025-11-21,MFG01,540.51
2025-11-24,MFG01,531.03
2025-11-25,MFG01,522.42
2025-11-26,MFG01,536.89
2025-11-27,MFG01,536.36
2025-11-28,MFG01,520.31
2025-12-01,MFG01,524.07
2025-12-02,MFG01,525.55
2025-12-03,MFG01,521.46
2025-12-04,MFG01,512.04
2025-12-05,MFG01,502.39
2025-12-08,MFG01,512.37
2025-12-09,MFG01,514.8
2025-12-10,MFG01,519.39
2025-12-11,MFG01,521.84
2025-12-12,MFG01,525.07
2025-12-15,MFG01,520.8
2025-12-16,MFG01,519.03
2025-12-17,MFG01,530.07
2025-12-18,MFG01,543.73
2025-12-19,MFG01,531.93
2025-12-22,MFG01,530.09
2025-12-23,MFG01,538.26
2025-12-24,MFG01,556.66
2025-12-25,MFG01,574.68
2025-12-26,MFG01,566.62
2025-12-29,MFG01,579.79
2025-12-30,MFG01,580.58
2025-12-31,MFG01,591.67
2026-01-01,MFG01,600.24
2026-01-02,MFG01,586.77
2026-01-05,MFG01,592.75
2026-01-06,MFG01,603.66
2026-01-07,MFG01,603.62
2026-01-08,MFG01,601.13
2026-01-09,MFG01,584.3
2026-01-12,MFG01,591.67
2026-01-13,MFG01,594.07
2026-01-14,MFG01,584.38
2026-01-15,MFG01,581.13
2026-01-16,MFG01,582.92
2026-01-19,MFG01,577.23
2026-01-20,MFG01,577.44
2026-01-21,MFG01,559.42
2026-01-22,MFG01,573.18
2026-01-23,MFG01,573.51
2026-01-26,MFG01,562.34
2026-01-27,MFG01,537.61
2026-01-28,MFG01,547.73
2026-01-29,MFG01,553.39
2026-01-30,MFG01,555.66
2026-02-02,MFG01,564.46
2026-02-03,MFG01,573.38
2026-02-04,MFG01,575.56
2026-02-05,MFG01,573.1
2026-02-06,MFG01,568.97
2026-02-09,MFG01,573.45
2026-02-10,MFG01,588.04
2026-02-11,MFG01,587.13
2026-02-12,MFG01,602.91
2026-02-13,MFG01,607.14
2026-02-16,MFG01,611.48
2026-02-17,MFG01,638.14
2026-02-18,MFG01,657.31
2026-02-19,MFG01,677.37
2026-02-20,MFG01,667.85
2026-02-23,MFG01,694.4
2026-02-24,MFG01,693.58
2026-02-25,MFG01,690.95
2026-02-26,MFG01,664.3
2026-02-27,MFG01,668.4
2026-03-02,MFG01,655.57
2024-01-01,MFG02,336.19
2024-01-02,MFG02,347.17
2024-01-03,MFG02,350.72
2024-01-04,MFG02,365.22
2024-01-05,MFG02,358.6
2024-01-08,MFG02,368.71
2024-01-09,MFG02,356.86
2024-01-10,MFG02,358.3
2024-01-11,MFG02,354.34
2024-01-12,MFG02,351.59
2024-01-15,MFG02,348.42
2024-01-16,MFG02,342.79
2024-01-17,MFG02,335.12
2024-01-18,MFG02,332.55
2024-01-19,MFG02,333.35
2024-01-22,MFG02,340.43
2024-01-23,MFG02,342.34
2024-01-24,MFG02,349.63
2024-01-25,MFG02,340.43
2024-01-26,MFG02,337.88
2024-01-29,MFG02,342.31
2024-01-30,MFG02,344.53
2024-01-31,MFG02,339.29
2024-02-01,MFG02,345.09
2024-02-02,MFG02,341.9
2024-02-05,MFG02,337.22
2024-02-06,MFG02,340.27
2024-02-07,MFG02,340.41
2024-02-08,MFG02,337.31
2024-02-09,MFG02,334.03
2024-02-12,MFG02,327.7
2024-02-13,MFG02,325.46
2024-02-14,MFG02,332.01
2024-02-15,MFG02,333.57
2024-02-16,MFG02,339.42
2024-02-19,MFG02,342.68
2024-02-20,MFG02,339.0
2024-02-21,MFG02,329.04
2024-02-22,MFG02,323.65
2024-02-23,MFG02,319.84
2024-02-26,MFG02,315.62
2024-02-27,MFG02,321.29
2024-02-28,MFG02,327.0
2024-02-29,MFG02,340.12
2024-03-01,MFG02,335.55
2024-03-04,MFG02,345.29
2024-03-05,MFG02,355.29
2024-03-06,MFG02,353.91
2024-03-07,MFG02,357.03
2024-03-08,MFG02,365.11
2024-03-11,MFG02,364.84
2024-03-12,MFG02,364.05
2024-03-13,MFG02,360.05
2024-03-14,MFG02,344.86
2024-03-15,MFG02,345.4
2024-03-18,MFG02,341.09
2024-03-19,MFG02,334.59
2024-03-20,MFG02,337.23
2024-03-21,MFG02,328.53
2024-03-22,MFG02,333.39
2024-03-25,MFG02,336.39
2024-03-26,MFG02,334.07
2024-03-27,MFG02,333.79
2024-03-28,MFG02,326.74
2024-03-29,MFG02,331.25
2024-04-01,MFG02,332.47
2024-04-02,MFG02,334.13
2024-04-03,MFG02,337.25
2024-04-04,MFG02,333.45
2024-04-05,MFG02,324.44
2024-04-08,MFG02,330.12
2024-04-09,MFG02,334.32
2024-04-10,MFG02,331.19
2024-04-11,MFG02,333.73
2024-04-12,MFG02,341.39
2024-04-15,MFG02,348.49
2024-04-16,MFG02,345.05
2024-04-17,MFG02,335.91
2024-04-18,MFG02,328.05
2024-04-19,MFG02,326.3
2024-04-22,MFG02,334.99
2024-04-23,MFG02,330.7
2024-04-24,MFG02,327.25
2024-04-25,MFG02,323.71
2024-04-26,MFG02,320.71
2024-04-29,MFG02,320.74
2024-04-30,MFG02,313.45
2024-05-01,MFG02,319.66
2024-05-02,MFG02,318.92
2024-05-03,MFG02,333.25
2024-05-06,MFG02,326.31
2024-05-07,MFG02,335.75
2024-05-08,MFG02,344.26
2024-05-09,MFG02,341.81
2024-05-10,MFG02,339.48
2024-05-13,MFG02,333.95
2024-05-14,MFG02,328.58
2024-05-15,MFG02,328.68
2024-05-16,MFG02,328.9
2024-05-17,MFG02,319.51
2024-05-20,MFG02,332.8
2024-05-21,MFG02,331.34
2024-05-22,MFG02,331.83
2024-05-23,MFG02,328.19
2024-05-24,MFG02,326.71
2024-05-27,MFG02,324.71
2024-05-28,MFG02,324.79
2024-05-29,MFG02,324.8
2024-05-30,MFG02,329.6
2024-05-31,MFG02,331.05
2024-06-03,MFG02,335.35
2024-06-04,MFG02,335.39
2024-06-05,MFG02,336.88
2024-06-06,MFG02,335.52
2024-06-07,MFG02,341.68
2024-06-10,MFG02,343.77
2024-06-11,MFG02,342.89
2024-06-12,MFG02,341.84
2024-06-13,MFG02,341.27
2024-06-14,MFG02,341.56
2024-06-17,MFG02,341.31
2024-06-18,MFG02,337.98
2024-06-19,MFG02,342.74
2024-06-20,MFG02,347.95
2024-06-21,MFG02,359.22
2024-06-24,MFG02,355.43
2024-06-25,MFG02,359.8
2024-06-26,MFG02,347.54
2024-06-27,MFG02,352.83
2024-06-28,MFG02,343.69
2024-07-01,MFG02,337.7
2024-07-02,MFG02,339.82
2024-07-03,MFG02,336.12
2024-07-04,MFG02,331.64
2024-07-05,MFG02,328.84
2024-07-08,MFG02,333.26
2024-07-09,MFG02,327.76
2024-07-10,MFG02,327.54
2024-07-11,MFG02,325.41
2024-07-12,MFG02,330.31
2024-07-15,MFG02,335.45
2024-07-16,MFG02,324.47
2024-07-17,MFG02,330.67
2024-07-18,MFG02,327.13
2024-07-19,MFG02,328.62
2024-07-22,MFG02,323.17
2024-07-23,MFG02,325.42
2024-07-24,MFG02,340.46
2024-07-25,MFG02,341.35
2024-07-26,MFG02,338.62
2024-07-29,MFG02,337.31
2024-07-30,MFG02,328.49
2024-07-31,MFG02,337.16
2024-08-01,MFG02,339.16
2024-08-02,MFG02,332.86
2024-08-05,MFG02,326.87
2024-08-06,MFG02,327.05
2024-08-07,MFG02,332.64
2024-08-08,MFG02,325.85
2024-08-09,MFG02,332.48
2024-08-12,MFG02,332.03
2024-08-13,MFG02,326.57
2024-08-14,MFG02,323.92
2024-08-15,MFG02,334.21
2024-08-16,MFG02,325.96
2024-08-19,MFG02,321.76
2024-08-20,MFG02,327.37
2024-08-21,MFG02,328.75
2024-08-22,MFG02,324.16
2024-08-23,MFG02,329.89
2024-08-26,MFG02,336.0
2024-08-27,MFG02,338.11
2024-08-28,MFG02,334.48
2024-08-29,MFG02,331.82
2024-08-30,MFG02,333.62
2024-09-02,MFG02,325.84
2024-09-03,MFG02,333.73
2024-09-04,MFG02,344.04
2024-09-05,MFG02,342.68
2024-09-06,MFG02,344.98
2024-09-09,MFG02,352.45
2024-09-10,MFG02,364.96
2024-09-11,MFG02,375.3
2024-09-12,MFG02,363.69
2024-09-13,MFG02,361.73
2024-09-16,MFG02,365.1
2024-09-17,MFG02,361.96
2024-09-18,MFG02,373.69
2024-09-19,MFG02,384.76
2024-09-20,MFG02,379.22
2024-09-23,MFG02,378.23
2024-09-24,MFG02,373.24
2024-09-25,MFG02,372.04
2024-09-26,MFG02,370.64
2024-09-27,MFG02,377.12
2024-09-30,MFG02,371.2
2024-10-01,MFG02,353.83
2024-10-02,MFG02,343.71
2024-10-03,MFG02,337.46
2024-10-04,MFG02,333.57
2024-10-07,MFG02,334.8
2024-10-08,MFG02,328.39
2024-10-09,MFG02,321.33
2024-10-10,MFG02,316.05
2024-10-11,MFG02,309.8
2024-10-14,MFG02,306.8
2024-10-15,MFG02,303.59
2024-10-16,MFG02,307.45
2024-10-17,MFG02,302.07
2024-10-18,MFG02,300.21
2024-10-21,MFG02,297.36
2024-10-22,MFG02,301.78
2024-10-23,MFG02,301.03
2024-10-24,MFG02,306.81
2024-10-25,MFG02,300.54
2024-10-28,MFG02,300.36
2024-10-29,MFG02,297.34
2024-10-30,MFG02,290.87
2024-10-31,MFG02,290.6
2024-11-01,MFG02,299.75
2024-11-04,MFG02,295.24
2024-11-05,MFG02,294.65
2024-11-06,MFG02,287.78
2024-11-07,MFG02,280.31
2024-11-08,MFG02,276.42
2024-11-11,MFG02,274.26
2024-11-12,MFG02,272.34
2024-11-13,MFG02,271.32
2024-11-14,MFG02,263.35
2024-11-15,MFG02,260.46
2024-11-18,MFG02,262.89
2024-11-19,MFG02,256.54
2024-11-20,MFG02,254.98
2024-11-21,MFG02,256.4
2024-11-22,MFG02,252.87
2024-11-25,MFG02,254.5
2024-11-26,MFG02,247.61
2024-11-27,MFG02,251.64
2024-11-28,MFG02,253.37
2024-11-29,MFG02,253.7
2024-12-02,MFG02,258.91
2024-12-03,MFG02,257.46
2024-12-04,MFG02,254.67
2024-12-05,MFG02,261.04
2024-12-06,MFG02,269.77
2024-12-09,MFG02,266.48
2024-12-10,MFG02,266.02
2024-12-11,MFG02,271.1
2024-12-12,MFG02,270.8
2024-12-13,MFG02,273.78
2024-12-16,MFG02,277.71
2024-12-17,MFG02,274.98
2024-12-18,MFG02,277.14
2024-12-19,MFG02,277.19
2024-12-20,MFG02,271.2
2024-12-23,MFG02,266.45
2024-12-24,MFG02,263.4
2024-12-25,MFG02,267.88
2024-12-26,MFG02,272.6
2024-12-27,MFG02,276.36
2024-12-30,MFG02,278.63
2024-12-31,MFG02,280.79
2025-01-01,MFG02,282.27
2025-01-02,MFG02,284.43
2025-01-03,MFG02,286.95
2025-01-06,MFG02,279.78
2025-01-07,MFG02,275.89
2025-01-08,MFG02,270.86
2025-01-09,MFG02,276.34
2025-01-10,MFG02,284.65
2025-01-13,MFG02,273.62
2025-01-14,MFG02,281.41
2025-01-15,MFG02,281.93
2025-01-16,MFG02,287.16
2025-01-17,MFG02,289.86
2025-01-20,MFG02,297.46
2025-01-21,MFG02,298.68
2025-01-22,MFG02,291.43
2025-01-23,MFG02,290.97
2025-01-24,MFG02,293.76
2025-01-27,MFG02,292.7
2025-01-28,MFG02,296.26
2025-01-29,MFG02,295.99
2025-01-30,MFG02,292.91
2025-01-31,MFG02,287.27
2025-02-03,MFG02,285.33
2025-02-04,MFG02,286.47
2025-02-05,MFG02,276.45
2025-02-06,MFG02,272.65
2025-02-07,MFG02,262.93
2025-02-10,MFG02,260.09
2025-02-11,MFG02,265.78
2025-02-12,MFG02,260.18
2025-02-13,MFG02,263.55
2025-02-14,MFG02,277.15
2025-02-17,MFG02,284.48
2025-02-18,MFG02,285.25
2025-02-19,MFG02,289.74
2025-02-20,MFG02,282.69
2025-02-21,MFG02,274.77
2025-02-24,MFG02,274.99
2025-02-25,MFG02,277.05
2025-02-26,MFG02,282.59
2025-02-27,MFG02,279.78
2025-02-28,MFG02,280.84
2025-03-03,MFG02,281.72
2025-03-04,MFG02,281.14
2025-03-05,MFG02,280.86
2025-03-06,MFG02,276.62
2025-03-07,MFG02,278.1
2025-03-10,MFG02,279.16
2025-03-11,MFG02,277.03
2025-03-12,MFG02,280.43
2025-03-13,MFG02,285.71
2025-03-14,MFG02,289.28
2025-03-17,MFG02,283.94
2025-03-18,MFG02,284.53
2025-03-19,MFG02,279.95
2025-03-20,MFG02,280.52
2025-03-21,MFG02,276.02
2025-03-24,MFG02,282.45
2025-03-25,MFG02,286.51
2025-03-26,MFG02,292.55
2025-03-27,MFG02,298.17
2025-03-28,MFG02,296.81
2025-03-31,MFG02,294.63
2025-04-01,MFG02,303.95
2025-04-02,MFG02,303.14
2025-04-03,MFG02,295.84
2025-04-04,MFG02,301.29
2025-04-07,MFG02,302.16
2025-04-08,MFG02,310.44
2025-04-09,MFG02,311.89
2025-04-10,MFG02,311.87
2025-04-11,MFG02,320.54
2025-04-14,MFG02,311.76
2025-04-15,MFG02,308.56
2025-04-16,MFG02,303.73
2025-04-17,MFG02,291.82
2025-04-18,MFG02,296.49
2025-04-21,MFG02,293.61
2025-04-22,MFG02,298.48
2025-04-23,MFG02,300.66
2025-04-24,MFG02,304.04
2025-04-25,MFG02,301.63
2025-04-28,MFG02,297.58
2025-04-29,MFG02,298.15
2025-04-30,MFG02,303.17
2025-05-01,MFG02,302.98
2025-05-02,MFG02,299.25
2025-05-05,MFG02,292.88
2025-05-06,MFG02,294.04
2025-05-07,MFG02,291.2
2025-05-08,MFG02,290.91
2025-05-09,MFG02,289.75
2025-05-12,MFG02,287.52
2025-05-13,MFG02,289.12
2025-05-14,MFG02,292.09
2025-05-15,MFG02,302.51
2025-05-16,MFG02,306.73
2025-05-19,MFG02,315.62
2025-05-20,MFG02,311.07
2025-05-21,MFG02,302.2
2025-05-22,MFG02,302.21
2025-05-23,MFG02,306.97
2025-05-26,MFG02,310.93
2025-05-27,MFG02,317.81
2025-05-28,MFG02,303.39
2025-05-29,MFG02,310.33
2025-05-30,MFG02,312.29
2025-06-02,MFG02,303.71
2025-06-03,MFG02,307.75
2025-06-04,MFG02,308.78
2025-06-05,MFG02,311.0
2025-06-06,MFG02,316.68
2025-06-09,MFG02,319.23
2025-06-10,MFG02,310.86
2025-06-11,MFG02,310.16
2025-06-12,MFG02,301.22
2025-06-13,MFG02,304.83
2025-06-16,MFG02,312.59
2025-06-17,MFG02,305.7
2025-06-18,MFG02,302.09
2025-06-19,MFG02,297.39
2025-06-20,MFG02,295.05
2025-06-23,MFG02,297.33
2025-06-24,MFG02,295.04
2025-06-25,MFG02,298.6
2025-06-26,MFG02,304.41
2025-06-27,MFG02,310.54
2025-06-30,MFG02,304.38
2025-07-01,MFG02,312.07
2025-07-02,MFG02,320.4
2025-07-03,MFG02,329.45
2025-07-04,MFG02,328.61
2025-07-07,MFG02,324.26
2025-07-08,MFG02,318.62
2025-07-09,MFG02,312.39
2025-07-10,MFG02,312.55
2025-07-11,MFG02,317.42
2025-07-14,MFG02,324.98
2025-07-15,MFG02,322.23
2025-07-16,MFG02,322.11
2025-07-17,MFG02,321.6
2025-07-18,MFG02,318.02
2025-07-21,MFG02,322.32
2025-07-22,MFG02,324.53
2025-07-23,MFG02,325.45
2025-07-24,MFG02,327.65
2025-07-25,MFG02,331.38
2025-07-28,MFG02,335.09
2025-07-29,MFG02,330.13
2025-07-30,MFG02,335.56
2025-07-31,MFG02,337.2
2025-08-01,MFG02,334.66
2025-08-04,MFG02,336.17
2025-08-05,MFG02,338.36
2025-08-06,MFG02,345.05
2025-08-07,MFG02,338.65
2025-08-08,MFG02,346.83
2025-08-11,MFG02,347.08
2025-08-12,MFG02,344.02
2025-08-13,MFG02,340.8
2025-08-14,MFG02,334.76
2025-08-15,MFG02,324.37
2025-08-18,MFG02,328.43
2025-08-19,MFG02,340.23
2025-08-20,MFG02,330.43
2025-08-21,MFG02,324.88
2025-08-22,MFG02,329.37
2025-08-25,MFG02,329.2
2025-08-26,MFG02,334.24
2025-08-27,MFG02,333.73
2025-08-28,MFG02,330.34
2025-08-29,MFG02,329.1
2025-09-01,MFG02,315.08
2025-09-02,MFG02,308.69
2025-09-03,MFG02,314.06
2025-09-04,MFG02,320.89
2025-09-05,MFG02,329.11
2025-09-08,MFG02,331.82
2025-09-09,MFG02,318.44
2025-09-10,MFG02,314.9
2025-09-11,MFG02,322.5
2025-09-12,MFG02,332.02
2025-09-15,MFG02,340.26
2025-09-16,MFG02,338.92
2025-09-17,MFG02,331.05
2025-09-18,MFG02,330.9
2025-09-19,MFG02,331.09
2025-09-22,MFG02,340.52
2025-09-23,MFG02,342.02
2025-09-24,MFG02,342.22
2025-09-25,MFG02,342.78
2025-09-26,MFG02,345.35
2025-09-29,MFG02,349.35
2025-09-30,MFG02,344.9
2025-10-01,MFG02,338.43
2025-10-02,MFG02,346.88
2025-10-03,MFG02,336.74
2025-10-06,MFG02,346.77
2025-10-07,MFG02,334.95
2025-10-08,MFG02,331.52
2025-10-09,MFG02,337.42
2025-10-10,MFG02,337.53
2025-10-13,MFG02,329.63
2025-10-14,MFG02,332.26
2025-10-15,MFG02,332.76
2025-10-16,MFG02,331.56
2025-10-17,MFG02,327.94
2025-10-20,MFG02,327.83
2025-10-21,MFG02,324.5
2025-10-22,MFG02,338.82
2025-10-23,MFG02,337.45
2025-10-24,MFG02,335.29
2025-10-27,MFG02,332.12
2025-10-28,MFG02,342.84
2025-10-29,MFG02,332.83
2025-10-30,MFG02,335.08
2025-10-31,MFG02,333.74
2025-11-03,MFG02,325.29
2025-11-04,MFG02,320.59
2025-11-05,MFG02,322.51
2025-11-06,MFG02,317.59
2025-11-07,MFG02,319.17
2025-11-10,MFG02,329.2
2025-11-11,MFG02,330.31
2025-11-12,MFG02,321.77
2025-11-13,MFG02,316.96
2025-11-14,MFG02,315.43
2025-11-17,MFG02,313.52
2025-11-18,MFG02,314.47
2025-11-19,MFG02,316.34
2025-11-20,MFG02,326.29
2025-11-21,MFG02,326.36
2025-11-24,MFG02,319.69
2025-11-25,MFG02,326.43
2025-11-26,MFG02,333.95
2025-11-27,MFG02,335.44
2025-11-28,MFG02,334.06
2025-12-01,MFG02,337.9
2025-12-02,MFG02,336.72
2025-12-03,MFG02,324.36
2025-12-04,MFG02,327.75
2025-12-05,MFG02,333.11
2025-12-08,MFG02,341.85
2025-12-09,MFG02,337.45
2025-12-10,MFG02,338.93
2025-12-11,MFG02,340.54
2025-12-12,MFG02,341.17
2025-12-15,MFG02,341.98
2025-12-16,MFG02,342.31
2025-12-17,MFG02,343.71
2025-12-18,MFG02,348.4
2025-12-19,MFG02,356.16
2025-12-22,MFG02,351.42
2025-12-23,MFG02,350.43
2025-12-24,MFG02,347.87
2025-12-25,MFG02,344.43
2025-12-26,MFG02,334.52
2025-12-29,MFG02,334.76
2025-12-30,MFG02,337.75
2025-12-31,MFG02,336.91
2026-01-01,MFG02,336.96
2026-01-02,MFG02,339.6
2026-01-05,MFG02,348.32
2026-01-06,MFG02,345.8
2026-01-07,MFG02,338.61
2026-01-08,MFG02,338.16
2026-01-09,MFG02,349.72
2026-01-12,MFG02,342.52
2026-01-13,MFG02,346.63
2026-01-14,MFG02,353.96
2026-01-15,MFG02,339.0
2026-01-16,MFG02,341.6
2026-01-19,MFG02,345.41
2026-01-20,MFG02,343.86
2026-01-21,MFG02,339.96
2026-01-22,MFG02,336.44
2026-01-23,MFG02,334.56
2026-01-26,MFG02,332.84
2026-01-27,MFG02,330.0
2026-01-28,MFG02,328.05
2026-01-29,MFG02,335.18
2026-01-30,MFG02,327.95
2026-02-02,MFG02,317.73
2026-02-03,MFG02,324.72
2026-02-04,MFG02,323.7
2026-02-05,MFG02,321.53
2026-02-06,MFG02,320.99
2026-02-09,MFG02,322.29
2026-02-10,MFG02,319.35
2026-02-11,MFG02,322.35
2026-02-12,MFG02,316.87
2026-02-13,MFG02,315.24
2026-02-16,MFG02,302.77
2026-02-17,MFG02,309.25
2026-02-18,MFG02,308.36
2026-02-19,MFG02,312.17
2026-02-20,MFG02,314.94
2026-02-23,MFG02,318.15
2026-02-24,MFG02,318.2
2026-02-25,MFG02,320.52
2026-02-26,MFG02,315.07
2026-02-27,MFG02,308.53
2026-03-02,MFG02,308.06
2024-01-01,MFG03,500.68
2024-01-02,MFG03,504.22
2024-01-03,MFG03,497.86
2024-01-04,MFG03,495.58
2024-01-05,MFG03,496.92
2024-01-08,MFG03,496.46
2024-01-09,MFG03,499.03
2024-01-10,MFG03,499.8
2024-01-11,MFG03,487.44
2024-01-12,MFG03,468.71
2024-01-15,MFG03,465.7
2024-01-16,MFG03,470.54
2024-01-17,MFG03,467.61
2024-01-18,MFG03,478.16
2024-01-19,MFG03,477.9
2024-01-22,MFG03,489.72
2024-01-23,MFG03,500.02
2024-01-24,MFG03,509.63
2024-01-25,MFG03,498.74
2024-01-26,MFG03,499.05
2024-01-29,MFG03,510.18
2024-01-30,MFG03,512.84
2024-01-31,MFG03,518.11
2024-02-01,MFG03,505.32
2024-02-02,MFG03,522.92
2024-02-05,MFG03,515.63
2024-02-06,MFG03,497.28
2024-02-07,MFG03,494.28
2024-02-08,MFG03,472.65
2024-02-09,MFG03,463.56
2024-02-12,MFG03,485.05
2024-02-13,MFG03,481.88
2024-02-14,MFG03,469.64
2024-02-15,MFG03,469.99
2024-02-16,MFG03,462.54
2024-02-19,MFG03,469.88
2024-02-20,MFG03,462.49
2024-02-21,MFG03,464.89
2024-02-22,MFG03,455.43
2024-02-23,MFG03,476.87
2024-02-26,MFG03,481.34
2024-02-27,MFG03,480.22
2024-02-28,MFG03,477.83
2024-02-29,MFG03,473.21
2024-03-01,MFG03,466.87
2024-03-04,MFG03,460.39
2024-03-05,MFG03,474.43
2024-03-06,MFG03,469.86
2024-03-07,MFG03,451.99
2024-03-08,MFG03,442.64
2024-03-11,MFG03,450.16
2024-03-12,MFG03,448.25
2024-03-13,MFG03,447.31
2024-03-14,MFG03,456.86
2024-03-15,MFG03,450.61
2024-03-18,MFG03,455.87
2024-03-19,MFG03,450.53
2024-03-20,MFG03,455.33
2024-03-21,MFG03,452.26
2024-03-22,MFG03,450.43
2024-03-25,MFG03,457.22
2024-03-26,MFG03,463.51
2024-03-27,MFG03,462.27
2024-03-28,MFG03,458.48
2024-03-29,MFG03,471.82
2024-04-01,MFG03,476.96
2024-04-02,MFG03,473.75
2024-04-03,MFG03,468.32
2024-04-04,MFG03,477.1
2024-04-05,MFG03,478.24
2024-04-08,MFG03,476.97
2024-04-09,MFG03,478.1
2024-04-10,MFG03,481.15
2024-04-11,MFG03,480.81
2024-04-12,MFG03,491.37
2024-04-15,MFG03,502.65
2024-04-16,MFG03,507.62
2024-04-17,MFG03,520.33
2024-04-18,MFG03,520.57
2024-04-19,MFG03,527.19
2024-04-22,MFG03,536.88
2024-04-23,MFG03,546.89
2024-04-24,MFG03,556.07
2024-04-25,MFG03,562.55
2024-04-26,MFG03,582.54
2024-04-29,MFG03,577.06
2024-04-30,MFG03,575.62
2024-05-01,MFG03,573.57
2024-05-02,MFG03,569.94
2024-05-03,MFG03,549.71
2024-05-06,MFG03,563.48
2024-05-07,MFG03,553.24
2024-05-08,MFG03,555.1
2024-05-09,MFG03,541.06
2024-05-10,MFG03,547.26
2024-05-13,MFG03,539.69
2024-05-14,MFG03,528.82
2024-05-15,MFG03,530.83
2024-05-16,MFG03,524.29
2024-05-17,MFG03,519.03
2024-05-20,MFG03,520.79
2024-05-21,MFG03,528.45
2024-05-22,MFG03,520.82
2024-05-23,MFG03,511.68
2024-05-24,MFG03,512.05
2024-05-27,MFG03,517.18
2024-05-28,MFG03,530.95
2024-05-29,MFG03,520.87
2024-05-30,MFG03,518.04
2024-05-31,MFG03,529.16
2024-06-03,MFG03,548.12
2024-06-04,MFG03,538.48
2024-06-05,MFG03,531.48
2024-06-06,MFG03,535.29
2024-06-07,MFG03,529.88
2024-06-10,MFG03,522.8
2024-06-11,MFG03,525.26
2024-06-12,MFG03,540.06
2024-06-13,MFG03,527.5
2024-06-14,MFG03,541.88
2024-06-17,MFG03,536.44
2024-06-18,MFG03,539.94
2024-06-19,MFG03,555.56
2024-06-20,MFG03,558.98
2024-06-21,MFG03,556.16
2024-06-24,MFG03,563.51
2024-06-25,MFG03,561.92
2024-06-26,MFG03,567.37
2024-06-27,MFG03,565.45
2024-06-28,MFG03,574.38
2024-07-01,MFG03,560.14
2024-07-02,MFG03,550.09
2024-07-03,MFG03,536.3
2024-07-04,MFG03,535.92
2024-07-05,MFG03,521.32
2024-07-08,MFG03,514.99
2024-07-09,MFG03,504.88
2024-07-10,MFG03,518.47
2024-07-11,MFG03,509.38
2024-07-12,MFG03,497.74
2024-07-15,MFG03,500.12
2024-07-16,MFG03,515.45
2024-07-17,MFG03,514.53
2024-07-18,MFG03,514.32
2024-07-19,MFG03,526.43
2024-07-22,MFG03,534.91
2024-07-23,MFG03,539.16
2024-07-24,MFG03,533.67
2024-07-25,MFG03,538.21
2024-07-26,MFG03,525.19
2024-07-29,MFG03,519.45
2024-07-30,MFG03,532.99
2024-07-31,MFG03,545.65
2024-08-01,MFG03,550.11
2024-08-02,MFG03,531.17
2024-08-05,MFG03,519.77
2024-08-06,MFG03,513.57
2024-08-07,MFG03,512.14
2024-08-08,MFG03,500.77
2024-08-09,MFG03,498.7
2024-08-12,MFG03,514.71
2024-08-13,MFG03,518.58
2024-08-14,MFG03,520.78
2024-08-15,MFG03,511.39
2024-08-16,MFG03,496.46
2024-08-19,MFG03,485.63
2024-08-20,MFG03,471.1
2024-08-21,MFG03,471.88
2024-08-22,MFG03,475.28
2024-08-23,MFG03,467.16
2024-08-26,MFG03,468.55
2024-08-27,MFG03,481.08
2024-08-28,MFG03,498.18
2024-08-29,MFG03,505.23
2024-08-30,MFG03,503.79
2024-09-02,MFG03,510.64
2024-09-03,MFG03,523.22
2024-09-04,MFG03,504.47
2024-09-05,MFG03,518.08
2024-09-06,MFG03,513.16
2024-09-09,MFG03,508.37
2024-09-10,MFG03,505.27
2024-09-11,MFG03,508.34
2024-09-12,MFG03,498.32
2024-09-13,MFG03,495.92
2024-09-16,MFG03,500.75
2024-09-17,MFG03,502.87
2024-09-18,MFG03,506.47
2024-09-19,MFG03,503.67
2024-09-20,MFG03,510.11
2024-09-23,MFG03,519.96
2024-09-24,MFG03,529.45
2024-09-25,MFG03,533.68
2024-09-26,MFG03,542.86
2024-09-27,MFG03,551.53
2024-09-30,MFG03,578.27
2024-10-01,MFG03,591.12
2024-10-02,MFG03,590.36
2024-10-03,MFG03,580.84
2024-10-04,MFG03,578.29
2024-10-07,MFG03,575.01
2024-10-08,MFG03,580.47
2024-10-09,MFG03,573.33
2024-10-10,MFG03,585.81
2024-10-11,MFG03,571.33
2024-10-14,MFG03,554.71
2024-10-15,MFG03,553.53
2024-10-16,MFG03,545.3
2024-10-17,MFG03,533.11
2024-10-18,MFG03,527.16
2024-10-21,MFG03,520.09
2024-10-22,MFG03,520.34
2024-10-23,MFG03,514.69
2024-10-24,MFG03,509.85
2024-10-25,MFG03,509.96
2024-10-28,MFG03,519.42
2024-10-29,MFG03,533.33
2024-10-30,MFG03,534.91
2024-10-31,MFG03,537.24
2024-11-01,MFG03,535.63
2024-11-04,MFG03,540.43
2024-11-05,MFG03,544.39
2024-11-06,MFG03,557.54
2024-11-07,MFG03,538.75
2024-11-08,MFG03,536.64
2024-11-11,MFG03,540.08
2024-11-12,MFG03,539.99
2024-11-13,MFG03,531.02
2024-11-14,MFG03,518.76
2024-11-15,MFG03,526.44
2024-11-18,MFG03,519.43
2024-11-19,MFG03,503.18
2024-11-20,MFG03,511.09
2024-11-21,MFG03,515.46
2024-11-22,MFG03,514.54
2024-11-25,MFG03,506.22
2024-11-26,MFG03,505.34
2024-11-27,MFG03,516.55
2024-11-28,MFG03,501.69
2024-11-29,MFG03,487.72
2024-12-02,MFG03,482.36
2024-12-03,MFG03,482.27
2024-12-04,MFG03,478.11
2024-12-05,MFG03,483.78
2024-12-06,MFG03,493.41
2024-12-09,MFG03,496.03
2024-12-10,MFG03,501.18
2024-12-11,MFG03,503.79
2024-12-12,MFG03,504.03
2024-12-13,MFG03,492.44
2024-12-16,MFG03,483.48
2024-12-17,MFG03,471.87
2024-12-18,MFG03,470.75
2024-12-19,MFG03,472.86
2024-12-20,MFG03,460.66
2024-12-23,MFG03,461.4
2024-12-24,MFG03,454.27
2024-12-25,MFG03,445.67
2024-12-26,MFG03,440.78
2024-12-27,MFG03,432.03
2024-12-30,MFG03,436.87
2024-12-31,MFG03,435.68
2025-01-01,MFG03,442.21
2025-01-02,MFG03,438.81
2025-01-03,MFG03,435.74
2025-01-06,MFG03,450.56
2025-01-07,MFG03,437.53
2025-01-08,MFG03,447.78
2025-01-09,MFG03,461.25
2025-01-10,MFG03,467.75
2025-01-13,MFG03,465.1
2025-01-14,MFG03,477.19
2025-01-15,MFG03,474.57
2025-01-16,MFG03,468.68
2025-01-17,MFG03,465.55
2025-01-20,MFG03,460.91
2025-01-21,MFG03,453.19
2025-01-22,MFG03,462.38
2025-01-23,MFG03,456.09
2025-01-24,MFG03,455.98
2025-01-27,MFG03,444.27
2025-01-28,MFG03,444.65
2025-01-29,MFG03,435.53
2025-01-30,MFG03,426.4
2025-01-31,MFG03,425.69
2025-02-03,MFG03,433.92
2025-02-04,MFG03,437.49
2025-02-05,MFG03,441.63
2025-02-06,MFG03,440.73
2025-02-07,MFG03,438.2
2025-02-10,MFG03,444.57
2025-02-11,MFG03,440.2
2025-02-12,MFG03,446.94
2025-02-13,MFG03,457.02
2025-02-14,MFG03,450.23
2025-02-17,MFG03,444.74
2025-02-18,MFG03,440.51
2025-02-19,MFG03,429.01
2025-02-20,MFG03,425.51
2025-02-21,MFG03,435.61
2025-02-24,MFG03,427.54
2025-02-25,MFG03,437.87
2025-02-26,MFG03,434.58
2025-02-27,MFG03,451.25
2025-02-28,MFG03,445.85
2025-03-03,MFG03,444.82
2025-03-04,MFG03,437.67
2025-03-05,MFG03,432.38
2025-03-06,MFG03,442.93
2025-03-07,MFG03,446.84
2025-03-10,MFG03,455.25
2025-03-11,MFG03,444.61
2025-03-12,MFG03,449.98
2025-03-13,MFG03,442.25
2025-03-14,MFG03,431.74
2025-03-17,MFG03,433.72
2025-03-18,MFG03,435.64
2025-03-19,MFG03,436.18
2025-03-20,MFG03,441.95
2025-03-21,MFG03,449.03
2025-03-24,MFG03,461.04
2025-03-25,MFG03,451.3
2025-03-26,MFG03,463.64
2025-03-27,MFG03,479.49
2025-03-28,MFG03,476.47
2025-03-31,MFG03,462.31
2025-04-01,MFG03,450.93
2025-04-02,MFG03,447.32
2025-04-03,MFG03,463.67
2025-04-04,MFG03,463.95
2025-04-07,MFG03,458.94
2025-04-08,MFG03,453.41
2025-04-09,MFG03,442.75
2025-04-10,MFG03,449.86
2025-04-11,MFG03,449.24
2025-04-14,MFG03,466.36
2025-04-15,MFG03,471.77
2025-04-16,MFG03,478.96
2025-04-17,MFG03,477.02
2025-04-18,MFG03,467.79
2025-04-21,MFG03,460.58
2025-04-22,MFG03,449.37
2025-04-23,MFG03,456.86
2025-04-24,MFG03,453.84
2025-04-25,MFG03,461.75
2025-04-28,MFG03,463.02
2025-04-29,MFG03,460.72
2025-04-30,MFG03,451.16
2025-05-01,MFG03,453.74
2025-05-02,MFG03,452.09
2025-05-05,MFG03,459.57
2025-05-06,MFG03,453.79
2025-05-07,MFG03,458.96
2025-05-08,MFG03,472.65
2025-05-09,MFG03,475.11
2025-05-12,MFG03,481.97
2025-05-13,MFG03,487.08
2025-05-14,MFG03,503.86
2025-05-15,MFG03,507.39
2025-05-16,MFG03,513.93
2025-05-19,MFG03,513.75
2025-05-20,MFG03,506.74
2025-05-21,MFG03,495.87
2025-05-22,MFG03,507.33
2025-05-23,MFG03,498.27
2025-05-26,MFG03,505.11
2025-05-27,MFG03,509.05
2025-05-28,MFG03,517.61
2025-05-29,MFG03,512.97
2025-05-30,MFG03,505.82
2025-06-02,MFG03,509.42
2025-06-03,MFG03,506.89
2025-06-04,MFG03,495.81
2025-06-05,MFG03,513.26
2025-06-06,MFG03,506.1
2025-06-09,MFG03,497.2
2025-06-10,MFG03,495.19
2025-06-11,MFG03,506.5
2025-06-12,MFG03,486.9
2025-06-13,MFG03,497.3
2025-06-16,MFG03,489.29
2025-06-17,MFG03,491.76
2025-06-18,MFG03,485.93
2025-06-19,MFG03,503.5
2025-06-20,MFG03,504.78
2025-06-23,MFG03,498.5
2025-06-24,MFG03,495.94
2025-06-25,MFG03,496.89
2025-06-26,MFG03,498.63
2025-06-27,MFG03,502.72
2025-06-30,MFG03,502.86
2025-07-01,MFG03,490.54
2025-07-02,MFG03,487.68
2025-07-03,MFG03,493.16
2025-07-04,MFG03,487.36
2025-07-07,MFG03,493.41
2025-07-08,MFG03,493.84
2025-07-09,MFG03,492.05
2025-07-10,MFG03,502.77
2025-07-11,MFG03,487.19
2025-07-14,MFG03,481.42
2025-07-15,MFG03,492.24
2025-07-16,MFG03,508.6
2025-07-17,MFG03,529.68
2025-07-18,MFG03,530.32
2025-07-21,MFG03,534.85
2025-07-22,MFG03,542.88
2025-07-23,MFG03,555.51
2025-07-24,MFG03,558.8
2025-07-25,MFG03,568.29
2025-07-28,MFG03,573.16
2025-07-29,MFG03,578.72
2025-07-30,MFG03,569.33
2025-07-31,MFG03,566.12
2025-08-01,MFG03,560.97
2025-08-04,MFG03,549.13
2025-08-05,MFG03,532.97
2025-08-06,MFG03,529.07
2025-08-07,MFG03,526.71
2025-08-08,MFG03,527.87
2025-08-11,MFG03,533.3
2025-08-12,MFG03,535.27
2025-08-13,MFG03,532.96
2025-08-14,MFG03,524.34
2025-08-15,MFG03,532.77
2025-08-18,MFG03,531.95
2025-08-19,MFG03,527.96
2025-08-20,MFG03,526.35
2025-08-21,MFG03,519.56
2025-08-22,MFG03,514.76
2025-08-25,MFG03,509.7
2025-08-26,MFG03,507.22
2025-08-27,MFG03,513.35
2025-08-28,MFG03,517.27
2025-08-29,MFG03,531.83
2025-09-01,MFG03,543.59
2025-09-02,MFG03,562.89
2025-09-03,MFG03,568.73
2025-09-04,MFG03,574.46
2025-09-05,MFG03,569.59
2025-09-08,MFG03,578.23
2025-09-09,MFG03,571.57
2025-09-10,MFG03,556.62
2025-09-11,MFG03,572.08
2025-09-12,MFG03,559.38
2025-09-15,MFG03,563.97
2025-09-16,MFG03,555.2
2025-09-17,MFG03,566.63
2025-09-18,MFG03,579.68
2025-09-19,MFG03,585.38
2025-09-22,MFG03,598.68
2025-09-23,MFG03,598.94
2025-09-24,MFG03,623.21
2025-09-25,MFG03,631.77
2025-09-26,MFG03,621.72
2025-09-29,MFG03,622.68
2025-09-30,MFG03,621.16
2025-10-01,MFG03,618.54
2025-10-02,MFG03,600.28
2025-10-03,MFG03,604.64
2025-10-06,MFG03,589.74
2025-10-07,MFG03,563.11
2025-10-08,MFG03,559.79
2025-10-09,MFG03,552.34
2025-10-10,MFG03,543.94
2025-10-13,MFG03,513.72
2025-10-14,MFG03,506.01
2025-10-15,MFG03,504.58
2025-10-16,MFG03,498.97
2025-10-17,MFG03,502.6
2025-10-20,MFG03,515.35
2025-10-21,MFG03,520.29
2025-10-22,MFG03,530.06
2025-10-23,MFG03,540.8
2025-10-24,MFG03,531.05
2025-10-27,MFG03,535.41
2025-10-28,MFG03,545.16
2025-10-29,MFG03,541.04
2025-10-30,MFG03,533.5
2025-10-31,MFG03,538.76
2025-11-03,MFG03,524.55
2025-11-04,MFG03,514.44
2025-11-05,MFG03,508.42
2025-11-06,MFG03,512.69
2025-11-07,MFG03,514.87
2025-11-10,MFG03,524.59
2025-11-11,MFG03,516.04
2025-11-12,MFG03,507.13
2025-11-13,MFG03,512.07
2025-11-14,MFG03,504.86
2025-11-17,MFG03,499.53
2025-11-18,MFG03,482.98
2025-11-19,MFG03,485.66
2025-11-20,MFG03,499.28
2025-11-21,MFG03,490.18
2025-11-24,MFG03,499.34
2025-11-25,MFG03,498.95
2025-11-26,MFG03,483.25
2025-11-27,MFG03,475.61
2025-11-28,MFG03,467.56
2025-12-01,MFG03,465.04
2025-12-02,MFG03,468.69
2025-12-03,MFG03,484.43
2025-12-04,MFG03,472.1
2025-12-05,MFG03,468.12
2025-12-08,MFG03,460.71
2025-12-09,MFG03,450.33
2025-12-10,MFG03,451.24
2025-12-11,MFG03,451.39
2025-12-12,MFG03,436.79
2025-12-15,MFG03,437.06
2025-12-16,MFG03,427.71
2025-12-17,MFG03,427.93
2025-12-18,MFG03,437.83
2025-12-19,MFG03,441.62
2025-12-22,MFG03,443.16
2025-12-23,MFG03,439.07
2025-12-24,MFG03,439.73
2025-12-25,MFG03,444.32
2025-12-26,MFG03,448.17
2025-12-29,MFG03,447.5
2025-12-30,MFG03,449.39
2025-12-31,MFG03,438.87
2026-01-01,MFG03,433.21
2026-01-02,MFG03,438.85
2026-01-05,MFG03,445.64
2026-01-06,MFG03,446.52
2026-01-07,MFG03,458.54
2026-01-08,MFG03,462.87
2026-01-09,MFG03,461.07
2026-01-12,MFG03,451.08
2026-01-13,MFG03,462.9
2026-01-14,MFG03,469.46
2026-01-15,MFG03,484.8
2026-01-16,MFG03,503.85
2026-01-19,MFG03,492.33
2026-01-20,MFG03,481.09
2026-01-21,MFG03,456.44
2026-01-22,MFG03,464.13
2026-01-23,MFG03,469.75
2026-01-26,MFG03,470.72
2026-01-27,MFG03,460.47
2026-01-28,MFG03,459.87
2026-01-29,MFG03,461.54
2026-01-30,MFG03,468.18
2026-02-02,MFG03,470.62
2026-02-03,MFG03,476.38
2026-02-04,MFG03,475.46
2026-02-05,MFG03,485.72
2026-02-06,MFG03,491.39
2026-02-09,MFG03,481.03
2026-02-10,MFG03,493.21
2026-02-11,MFG03,504.24
2026-02-12,MFG03,508.61
2026-02-13,MFG03,511.33
2026-02-16,MFG03,526.75
2026-02-17,MFG03,511.43
2026-02-18,MFG03,523.01
2026-02-19,MFG03,518.68
2026-02-20,MFG03,529.06
2026-02-23,MFG03,530.36
2026-02-24,MFG03,518.66
2026-02-25,MFG03,514.18
2026-02-26,MFG03,523.79
2026-02-27,MFG03,521.96
2026-03-02,MFG03,516.28
2024-01-01,MFG04,130.19
2024-01-02,MFG04,134.33
2024-01-03,MFG04,129.2
2024-01-04,MFG04,135.75
2024-01-05,MFG04,136.29
2024-01-08,MFG04,137.75
2024-01-09,MFG04,136.71
2024-01-10,MFG04,136.75
2024-01-11,MFG04,137.26
2024-01-12,MFG04,134.71
2024-01-15,MFG04,132.8
2024-01-16,MFG04,135.67
2024-01-17,MFG04,131.92
2024-01-18,MFG04,133.0
2024-01-19,MFG04,132.16
2024-01-22,MFG04,129.91
2024-01-23,MFG04,134.56
2024-01-24,MFG04,132.29
2024-01-25,MFG04,129.64
2024-01-26,MFG04,129.24
2024-01-29,MFG04,127.49
2024-01-30,MFG04,127.54
2024-01-31,MFG04,127.94
2024-02-01,MFG04,128.52
2024-02-02,MFG04,128.27
2024-02-05,MFG04,126.69
2024-02-06,MFG04,128.19
2024-02-07,MFG04,127.97
2024-02-08,MFG04,126.87
2024-02-09,MFG04,130.29
2024-02-12,MFG04,130.04
2024-02-13,MFG04,132.64
2024-02-14,MFG04,135.61
2024-02-15,MFG04,138.79
2024-02-16,MFG04,140.56
2024-02-19,MFG04,140.6
2024-02-20,MFG04,140.48
2024-02-21,MFG04,139.9
2024-02-22,MFG04,134.49
2024-02-23,MFG04,136.27
2024-02-26,MFG04,136.91
2024-02-27,MFG04,138.99
2024-02-28,MFG04,138.74
2024-02-29,MFG04,140.44
2024-03-01,MFG04,137.0
2024-03-04,MFG04,134.15
2024-03-05,MFG04,128.22
2024-03-06,MFG04,127.94
2024-03-07,MFG04,126.2
2024-03-08,MFG04,124.19
2024-03-11,MFG04,124.97
2024-03-12,MFG04,124.05
2024-03-13,MFG04,120.89
2024-03-14,MFG04,126.47
2024-03-15,MFG04,126.42
2024-03-18,MFG04,123.99
2024-03-19,MFG04,122.53
2024-03-20,MFG04,122.19
2024-03-21,MFG04,121.84
2024-03-22,MFG04,124.73
2024-03-25,MFG04,124.59
2024-03-26,MFG04,128.79
2024-03-27,MFG04,127.83
2024-03-28,MFG04,128.85
2024-03-29,MFG04,131.25
2024-04-01,MFG04,134.12
2024-04-02,MFG04,137.32
2024-04-03,MFG04,136.69
2024-04-04,MFG04,136.72
2024-04-05,MFG04,130.66
2024-04-08,MFG04,130.24
2024-04-09,MFG04,132.84
2024-04-10,MFG04,135.02
2024-04-11,MFG04,134.85
2024-04-12,MFG04,139.02
2024-04-15,MFG04,138.1
2024-04-16,MFG04,136.36
2024-04-17,MFG04,135.25
2024-04-18,MFG04,132.56
2024-04-19,MFG04,134.08
2024-04-22,MFG04,134.82
2024-04-23,MFG04,136.34
2024-04-24,MFG04,135.36
2024-04-25,MFG04,135.26
2024-04-26,MFG04,130.0
2024-04-29,MFG04,130.92
2024-04-30,MFG04,131.19
2024-05-01,MFG04,128.63
2024-05-02,MFG04,128.43
2024-05-03,MFG04,127.87
2024-05-06,MFG04,131.97
2024-05-07,MFG04,129.49
2024-05-08,MFG04,130.3
2024-05-09,MFG04,127.78
2024-05-10,MFG04,126.54
2024-05-13,MFG04,127.2
2024-05-14,MFG04,126.76
2024-05-15,MFG04,126.78
2024-05-16,MFG04,127.58
2024-05-17,MFG04,126.48
2024-05-20,MFG04,128.53
2024-05-21,MFG04,127.87
2024-05-22,MFG04,127.68
2024-05-23,MFG04,128.55
2024-05-24,MFG04,129.11
2024-05-27,MFG04,130.65
2024-05-28,MFG04,131.43
2024-05-29,MFG04,132.58
2024-05-30,MFG04,131.85
2024-05-31,MFG04,129.35
2024-06-03,MFG04,126.06
2024-06-04,MFG04,122.31
2024-06-05,MFG04,126.23
2024-06-06,MFG04,121.24
2024-06-07,MFG04,123.88
2024-06-10,MFG04,122.09
2024-06-11,MFG04,124.73
2024-06-12,MFG04,119.82
2024-06-13,MFG04,119.35
2024-06-14,MFG04,122.51
2024-06-17,MFG04,124.12
2024-06-18,MFG04,123.4
2024-06-19,MFG04,119.13
2024-06-20,MFG04,116.33
2024-06-21,MFG04,119.27
2024-06-24,MFG04,118.56
2024-06-25,MFG04,118.44
2024-06-26,MFG04,119.08
2024-06-27,MFG04,116.32
2024-06-28,MFG04,117.21
2024-07-01,MFG04,116.36
2024-07-02,MFG04,117.01
2024-07-03,MFG04,115.83
2024-07-04,MFG04,112.58
2024-07-05,MFG04,111.75
2024-07-08,MFG04,113.07
2024-07-09,MFG04,113.91
2024-07-10,MFG04,114.01
2024-07-11,MFG04,115.88
2024-07-12,MFG04,115.49
2024-07-15,MFG04,115.65
2024-07-16,MFG04,114.68
2024-07-17,MFG04,116.69
2024-07-18,MFG04,117.34
2024-07-19,MFG04,116.2
2024-07-22,MFG04,113.12
2024-07-23,MFG04,115.4
2024-07-24,MFG04,113.89
2024-07-25,MFG04,114.07
2024-07-26,MFG04,118.94
2024-07-29,MFG04,120.69
2024-07-30,MFG04,124.22
2024-07-31,MFG04,123.06
2024-08-01,MFG04,125.47
2024-08-02,MFG04,125.57
2024-08-05,MFG04,126.43
2024-08-06,MFG04,131.07
2024-08-07,MFG04,130.45
2024-08-08,MFG04,130.53
2024-08-09,MFG04,128.45
2024-08-12,MFG04,130.54
2024-08-13,MFG04,129.27
2024-08-14,MFG04,131.68
2024-08-15,MFG04,127.81
2024-08-16,MFG04,129.11
2024-08-19,MFG04,127.66
2024-08-20,MFG04,129.37
2024-08-21,MFG04,129.38
2024-08-22,MFG04,128.17
2024-08-23,MFG04,127.32
2024-08-26,MFG04,125.41
2024-08-27,MFG04,127.34
2024-08-28,MFG04,124.97
2024-08-29,MFG04,124.41
2024-08-30,MFG04,125.22
2024-09-02,MFG04,128.89
2024-09-03,MFG04,128.91
2024-09-04,MFG04,128.39
2024-09-05,MFG04,129.06
2024-09-06,MFG04,124.28
2024-09-09,MFG04,121.63
2024-09-10,MFG04,120.85
2024-09-11,MFG04,119.33
2024-09-12,MFG04,115.93
2024-09-13,MFG04,117.76
2024-09-16,MFG04,118.34
2024-09-17,MFG04,118.68
2024-09-18,MFG04,117.23
2024-09-19,MFG04,117.43
2024-09-20,MFG04,118.56
2024-09-23,MFG04,118.03
2024-09-24,MFG04,119.01
2024-09-25,MFG04,117.34
2024-09-26,MFG04,117.58
2024-09-27,MFG04,120.03
2024-09-30,MFG04,122.73
2024-10-01,MFG04,125.7
2024-10-02,MFG04,126.38
2024-10-03,MFG04,126.49
2024-10-04,MFG04,125.51
2024-10-07,MFG04,121.46
2024-10-08,MFG04,118.56
2024-10-09,MFG04,118.24
2024-10-10,MFG04,118.04
2024-10-11,MFG04,121.08
2024-10-14,MFG04,123.98
2024-10-15,MFG04,122.48
2024-10-16,MFG04,124.32
2024-10-17,MFG04,123.29
2024-10-18,MFG04,124.85
2024-10-21,MFG04,126.69
2024-10-22,MFG04,129.56
2024-10-23,MFG04,128.45
2024-10-24,MFG04,130.84
2024-10-25,MFG04,126.47
2024-10-28,MFG04,129.46
2024-10-29,MFG04,129.44
2024-10-30,MFG04,129.47
2024-10-31,MFG04,124.76
2024-11-01,MFG04,123.92
2024-11-04,MFG04,126.98
2024-11-05,MFG04,126.05
2024-11-06,MFG04,127.7
2024-11-07,MFG04,127.82
2024-11-08,MFG04,130.3
2024-11-11,MFG04,130.79
2024-11-12,MFG04,128.64
2024-11-13,MFG04,128.81
2024-11-14,MFG04,132.56
2024-11-15,MFG04,133.78
2024-11-18,MFG04,133.54
2024-11-19,MFG04,139.01
2024-11-20,MFG04,141.95
2024-11-21,MFG04,144.08
2024-11-22,MFG04,144.94
2024-11-25,MFG04,146.89
2024-11-26,MFG04,148.95
2024-11-27,MFG04,143.15
2024-11-28,MFG04,144.21
2024-11-29,MFG04,143.83
2024-12-02,MFG04,142.58
2024-12-03,MFG04,142.12
2024-12-04,MFG04,138.19
2024-12-05,MFG04,133.74
2024-12-06,MFG04,136.78
2024-12-09,MFG04,137.96
2024-12-10,MFG04,132.01
2024-12-11,MFG04,130.68
2024-12-12,MFG04,132.79
2024-12-13,MFG04,132.16
2024-12-16,MFG04,135.16
2024-12-17,MFG04,137.75
2024-12-18,MFG04,134.43
2024-12-19,MFG04,134.12
2024-12-20,MFG04,133.08
2024-12-23,MFG04,129.8
2024-12-24,MFG04,126.44
2024-12-25,MFG04,124.64
2024-12-26,MFG04,123.24
2024-12-27,MFG04,123.9
2024-12-30,MFG04,126.27
2024-12-31,MFG04,127.48
2025-01-01,MFG04,129.24
2025-01-02,MFG04,128.65
2025-01-03,MFG04,130.09
2025-01-06,MFG04,129.78
2025-01-07,MFG04,128.79
2025-01-08,MFG04,133.23
2025-01-09,MFG04,127.68
2025-01-10,MFG04,123.41
2025-01-13,MFG04,124.3
2025-01-14,MFG04,123.74
2025-01-15,MFG04,120.58
2025-01-16,MFG04,118.33
2025-01-17,MFG04,116.39
2025-01-20,MFG04,118.3
2025-01-21,MFG04,120.91
2025-01-22,MFG04,124.52
2025-01-23,MFG04,120.99
2025-01-24,MFG04,118.05
2025-01-27,MFG04,115.04
2025-01-28,MFG04,117.74
2025-01-29,MFG04,118.66
2025-01-30,MFG04,118.87
2025-01-31,MFG04,119.39
2025-02-03,MFG04,119.31
2025-02-04,MFG04,116.94
2025-02-05,MFG04,118.05
2025-02-06,MFG04,117.69
2025-02-07,MFG04,115.18
2025-02-10,MFG04,116.41
2025-02-11,MFG04,115.55
2025-02-12,MFG04,116.06
2025-02-13,MFG04,115.83
2025-02-14,MFG04,117.73
2025-02-17,MFG04,118.23
2025-02-18,MFG04,116.38
2025-02-19,MFG04,117.09
2025-02-20,MFG04,117.88
2025-02-21,MFG04,119.0
2025-02-24,MFG04,121.25
2025-02-25,MFG04,119.94
2025-02-26,MFG04,121.42
2025-02-27,MFG04,117.69
2025-02-28,MFG04,117.47
2025-03-03,MFG04,116.92
2025-03-04,MFG04,120.0
2025-03-05,MFG04,119.7
2025-03-06,MFG04,121.05
2025-03-07,MFG04,117.25
2025-03-10,MFG04,116.54
2025-03-11,MFG04,114.8
2025-03-12,MFG04,119.95
2025-03-13,MFG04,118.55
2025-03-14,MFG04,118.74
2025-03-17,MFG04,119.04
2025-03-18,MFG04,115.67
2025-03-19,MFG04,114.61
2025-03-20,MFG04,115.48
2025-03-21,MFG04,115.69
2025-03-24,MFG04,110.94
2025-03-25,MFG04,109.84
2025-03-26,MFG04,111.89
2025-03-27,MFG04,113.11
2025-03-28,MFG04,115.62
2025-03-31,MFG04,113.61
2025-04-01,MFG04,116.26
2025-04-02,MFG04,116.2
2025-04-03,MFG04,119.57
2025-04-04,MFG04,119.61
2025-04-07,MFG04,115.24
2025-04-08,MFG04,117.03
2025-04-09,MFG04,116.13
2025-04-10,MFG04,115.38
2025-04-11,MFG04,112.4
2025-04-14,MFG04,115.72
2025-04-15,MFG04,114.66
2025-04-16,MFG04,117.95
2025-04-17,MFG04,117.07
2025-04-18,MFG04,115.15
2025-04-21,MFG04,117.92
2025-04-22,MFG04,117.8
2025-04-23,MFG04,117.7
2025-04-24,MFG04,115.02
2025-04-25,MFG04,114.11
2025-04-28,MFG04,115.02
2025-04-29,MFG04,112.37
2025-04-30,MFG04,111.31
2025-05-01,MFG04,110.5
2025-05-02,MFG04,110.67
2025-05-05,MFG04,113.65
2025-05-06,MFG04,113.07
2025-05-07,MFG04,111.7
2025-05-08,MFG04,117.25
2025-05-09,MFG04,116.37
2025-05-12,MFG04,116.01
2025-05-13,MFG04,115.29
2025-05-14,MFG04,114.75
2025-05-15,MFG04,114.95
2025-05-16,MFG04,116.89
2025-05-19,MFG04,117.77
2025-05-20,MFG04,120.09
2025-05-21,MFG04,122.39
2025-05-22,MFG04,122.88
2025-05-23,MFG04,123.75
2025-05-26,MFG04,126.26
2025-05-27,MFG04,123.77
2025-05-28,MFG04,129.37
2025-05-29,MFG04,128.22
2025-05-30,MFG04,127.45
2025-06-02,MFG04,124.71
2025-06-03,MFG04,122.09
2025-06-04,MFG04,124.27
2025-06-05,MFG04,129.38
2025-06-06,MFG04,128.1
2025-06-09,MFG04,128.94
2025-06-10,MFG04,129.49
2025-06-11,MFG04,131.86
2025-06-12,MFG04,137.16
2025-06-13,MFG04,140.96
2025-06-16,MFG04,140.4
2025-06-17,MFG04,141.78
2025-06-18,MFG04,143.42
2025-06-19,MFG04,143.41
2025-06-20,MFG04,140.63
2025-06-23,MFG04,138.65
2025-06-24,MFG04,141.55
2025-06-25,MFG04,144.78
2025-06-26,MFG04,144.29
2025-06-27,MFG04,145.01
2025-06-30,MFG04,148.18
2025-07-01,MFG04,143.68
2025-07-02,MFG04,142.56
2025-07-03,MFG04,147.79
2025-07-04,MFG04,148.63
2025-07-07,MFG04,145.65
2025-07-08,MFG04,146.0
2025-07-09,MFG04,148.73
2025-07-10,MFG04,141.96
2025-07-11,MFG04,142.45
2025-07-14,MFG04,141.54
2025-07-15,MFG04,137.4
2025-07-16,MFG04,137.64
2025-07-17,MFG04,137.34
2025-07-18,MFG04,137.32
2025-07-21,MFG04,136.5
2025-07-22,MFG04,134.04
2025-07-23,MFG04,130.57
2025-07-24,MFG04,128.98
2025-07-25,MFG04,131.02
2025-07-28,MFG04,131.61
2025-07-29,MFG04,131.48
2025-07-30,MFG04,129.06
2025-07-31,MFG04,128.23
2025-08-01,MFG04,129.97
2025-08-04,MFG04,131.19
2025-08-05,MFG04,130.1
2025-08-06,MFG04,124.03
2025-08-07,MFG04,122.56
2025-08-08,MFG04,121.53
2025-08-11,MFG04,119.58
2025-08-12,MFG04,118.73
2025-08-13,MFG04,120.51
2025-08-14,MFG04,120.46
2025-08-15,MFG04,122.64
2025-08-18,MFG04,119.35
2025-08-19,MFG04,118.73
2025-08-20,MFG04,114.62
2025-08-21,MFG04,113.78
2025-08-22,MFG04,111.67
2025-08-25,MFG04,114.28
2025-08-26,MFG04,115.16
2025-08-27,MFG04,117.29
2025-08-28,MFG04,116.42
2025-08-29,MFG04,114.32
2025-09-01,MFG04,112.19
2025-09-02,MFG04,112.76
2025-09-03,MFG04,116.47
2025-09-04,MFG04,117.37
2025-09-05,MFG04,116.61
2025-09-08,MFG04,116.25
2025-09-09,MFG04,116.22
2025-09-10,MFG04,120.49
2025-09-11,MFG04,123.21
2025-09-12,MFG04,123.82
2025-09-15,MFG04,124.1
2025-09-16,MFG04,124.81
2025-09-17,MFG04,125.96
2025-09-18,MFG04,125.06
2025-09-19,MFG04,123.19
2025-09-22,MFG04,125.52
2025-09-23,MFG04,125.61
2025-09-24,MFG04,127.79
2025-09-25,MFG04,131.61
2025-09-26,MFG04,132.89
2025-09-29,MFG04,133.79
2025-09-30,MFG04,141.53
2025-10-01,MFG04,142.1
2025-10-02,MFG04,139.36
2025-10-03,MFG04,138.69
2025-10-06,MFG04,142.61
2025-10-07,MFG04,139.33
2025-10-08,MFG04,137.48
2025-10-09,MFG04,140.26
2025-10-10,MFG04,139.62
2025-10-13,MFG04,139.38
2025-10-14,MFG04,142.12
2025-10-15,MFG04,140.33
2025-10-16,MFG04,136.66
2025-10-17,MFG04,133.28
2025-10-20,MFG04,134.72
2025-10-21,MFG04,135.39
2025-10-22,MFG04,133.74
2025-10-23,MFG04,130.99
2025-10-24,MFG04,130.39
2025-10-27,MFG04,133.05
2025-10-28,MFG04,131.09
2025-10-29,MFG04,129.57
2025-10-30,MFG04,126.83
2025-10-31,MFG04,126.03
2025-11-03,MFG04,126.83
2025-11-04,MFG04,131.7
2025-11-05,MFG04,132.26
2025-11-06,MFG04,132.17
2025-11-07,MFG04,134.26
2025-11-10,MFG04,135.98
2025-11-11,MFG04,134.61
2025-11-12,MFG04,140.23
2025-11-13,MFG04,140.21
2025-11-14,MFG04,140.85
2025-11-17,MFG04,142.29
2025-11-18,MFG04,143.22
2025-11-19,MFG04,147.19
2025-11-20,MFG04,145.67
2025-11-21,MFG04,147.77
2025-11-24,MFG04,148.25
2025-11-25,MFG04,150.92
2025-11-26,MFG04,150.38
2025-11-27,MFG04,149.48
2025-11-28,MFG04,151.49
2025-12-01,MFG04,152.51
2025-12-02,MFG04,150.31
2025-12-03,MFG04,153.99
2025-12-04,MFG04,156.07
2025-12-05,MFG04,155.91
2025-12-08,MFG04,154.64
2025-12-09,MFG04,155.7
2025-12-10,MFG04,157.6
2025-12-11,MFG04,153.12
2025-12-12,MFG04,154.2
2025-12-15,MFG04,156.06
2025-12-16,MFG04,149.5
2025-12-17,MFG04,150.07
2025-12-18,MFG04,151.99
2025-12-19,MFG04,153.63
2025-12-22,MFG04,155.89
2025-12-23,MFG04,155.02
2025-12-24,MFG04,152.17
2025-12-25,MFG04,147.28
2025-12-26,MFG04,150.22
2025-12-29,MFG04,152.17
2025-12-30,MFG04,155.42
2025-12-31,MFG04,153.43
2026-01-01,MFG04,155.7
2026-01-02,MFG04,151.53
2026-01-05,MFG04,149.21
2026-01-06,MFG04,149.59
2026-01-07,MFG04,151.42
2026-01-08,MFG04,156.04
2026-01-09,MFG04,155.42
2026-01-12,MFG04,153.04
2026-01-13,MFG04,150.56
2026-01-14,MFG04,148.74
2026-01-15,MFG04,154.73
2026-01-16,MFG04,156.89
2026-01-19,MFG04,160.08
2026-01-20,MFG04,159.44
2026-01-21,MFG04,159.48
2026-01-22,MFG04,161.53
2026-01-23,MFG04,160.11
2026-01-26,MFG04,159.32
2026-01-27,MFG04,157.43
2026-01-28,MFG04,156.21
2026-01-29,MFG04,156.4
2026-01-30,MFG04,154.13
2026-02-02,MFG04,154.97
2026-02-03,MFG04,155.81
2026-02-04,MFG04,155.35
2026-02-05,MFG04,153.09
2026-02-06,MFG04,153.42
2026-02-09,MFG04,152.07
2026-02-10,MFG04,152.25
2026-02-11,MFG04,155.3
2026-02-12,MFG04,151.85
2026-02-13,MFG04,157.83
2026-02-16,MFG04,157.67
2026-02-17,MFG04,158.89
2026-02-18,MFG04,156.78
2026-02-19,MFG04,160.05
2026-02-20,MFG04,159.74
2026-02-23,MFG04,158.66
2026-02-24,MFG04,157.06
2026-02-25,MFG04,156.35
2026-02-26,MFG04,157.57
2026-02-27,MFG04,158.11
2026-03-02,MFG04,158.04
2024-01-01,MFG05,95.54
2024-01-02,MFG05,94.77
2024-01-03,MFG05,95.59
2024-01-04,MFG05,96.75
2024-01-05,MFG05,98.17
2024-01-08,MFG05,98.2
2024-01-09,MFG05,98.91
2024-01-10,MFG05,98.64
2024-01-11,MFG05,95.57
2024-01-12,MFG05,95.23
2024-01-15,MFG05,94.61
2024-01-16,MFG05,92.87
2024-01-17,MFG05,91.95
2024-01-18,MFG05,92.2
2024-01-19,MFG05,90.35
2024-01-22,MFG05,89.22
2024-01-23,MFG05,91.73
2024-01-24,MFG05,89.12
2024-01-25,MFG05,88.85
2024-01-26,MFG05,87.01
2024-01-29,MFG05,85.86
2024-01-30,MFG05,85.58
2024-01-31,MFG05,84.08
2024-02-01,MFG05,84.98
2024-02-02,MFG05,87.07
2024-02-05,MFG05,88.41
2024-02-06,MFG05,90.07
2024-02-07,MFG05,87.86
2024-02-08,MFG05,87.5
2024-02-09,MFG05,88.27
2024-02-12,MFG05,89.68
2024-02-13,MFG05,92.53
2024-02-14,MFG05,94.34
2024-02-15,MFG05,95.89
2024-02-16,MFG05,100.47
2024-02-19,MFG05,100.67
2024-02-20,MFG05,100.18
2024-02-21,MFG05,100.53
2024-02-22,MFG05,98.9
2024-02-23,MFG05,99.05
2024-02-26,MFG05,96.0
2024-02-27,MFG05,95.12
2024-02-28,MFG05,94.95
2024-02-29,MFG05,96.6
2024-03-01,MFG05,98.56
2024-03-04,MFG05,96.88
2024-03-05,MFG05,100.53
2024-03-06,MFG05,100.83
2024-03-07,MFG05,101.29
2024-03-08,MFG05,98.38
2024-03-11,MFG05,97.31
2024-03-12,MFG05,99.17
2024-03-13,MFG05,99.51
2024-03-14,MFG05,99.73
2024-03-15,MFG05,100.17
2024-03-18,MFG05,97.6
2024-03-19,MFG05,97.46
2024-03-20,MFG05,99.96
2024-03-21,MFG05,101.94
2024-03-22,MFG05,101.74
2024-03-25,MFG05,104.64
2024-03-26,MFG05,102.3
2024-03-27,MFG05,100.54
2024-03-28,MFG05,103.94
2024-03-29,MFG05,105.05
2024-04-01,MFG05,104.54
2024-04-02,MFG05,104.47
2024-04-03,MFG05,102.98
2024-04-04,MFG05,103.52
2024-04-05,MFG05,103.92
2024-04-08,MFG05,103.99
2024-04-09,MFG05,101.85
2024-04-10,MFG05,102.37
2024-04-11,MFG05,101.42
2024-04-12,MFG05,99.65
2024-04-15,MFG05,101.95
2024-04-16,MFG05,105.97
2024-04-17,MFG05,109.7
2024-04-18,MFG05,111.02
2024-04-19,MFG05,110.52
2024-04-22,MFG05,110.42
2024-04-23,MFG05,111.26
2024-04-24,MFG05,110.45
2024-04-25,MFG05,113.1
2024-04-26,MFG05,108.99
2024-04-29,MFG05,108.44
2024-04-30,MFG05,110.04
2024-05-01,MFG05,108.4
2024-05-02,MFG05,107.96
2024-05-03,MFG05,109.15
2024-05-06,MFG05,112.17
2024-05-07,MFG05,109.59
2024-05-08,MFG05,106.92
2024-05-09,MFG05,105.13
2024-05-10,MFG05,102.25
2024-05-13,MFG05,99.59
2024-05-14,MFG05,97.87
2024-05-15,MFG05,100.07
2024-05-16,MFG05,99.54
2024-05-17,MFG05,99.63
2024-05-20,MFG05,97.94
2024-05-21,MFG05,99.09
2024-05-22,MFG05,102.47
2024-05-23,MFG05,100.86
2024-05-24,MFG05,104.02
2024-05-27,MFG05,104.74
2024-05-28,MFG05,104.8
2024-05-29,MFG05,105.58
2024-05-30,MFG05,106.36
2024-05-31,MFG05,109.95
2024-06-03,MFG05,111.01
2024-06-04,MFG05,112.12
2024-06-05,MFG05,111.31
2024-06-06,MFG05,113.02
2024-06-07,MFG05,111.11
2024-06-10,MFG05,111.36
2024-06-11,MFG05,117.17
2024-06-12,MFG05,111.93
2024-06-13,MFG05,112.43
2024-06-14,MFG05,113.01
2024-06-17,MFG05,112.58
2024-06-18,MFG05,112.2
2024-06-19,MFG05,112.42
2024-06-20,MFG05,111.94
2024-06-21,MFG05,112.42
2024-06-24,MFG05,111.47
2024-06-25,MFG05,115.56
2024-06-26,MFG05,115.07
2024-06-27,MFG05,116.29
2024-06-28,MFG05,114.92
2024-07-01,MFG05,116.89
2024-07-02,MFG05,118.46
2024-07-03,MFG05,119.39
2024-07-04,MFG05,117.22
2024-07-05,MFG05,115.67
2024-07-08,MFG05,119.22
2024-07-09,MFG05,117.61
2024-07-10,MFG05,119.01
2024-07-11,MFG05,117.02
2024-07-12,MFG05,119.18
2024-07-15,MFG05,117.74
2024-07-16,MFG05,115.73
2024-07-17,MFG05,114.28
2024-07-18,MFG05,113.18
2024-07-19,MFG05,114.04
2024-07-22,MFG05,114.21
2024-07-23,MFG05,112.0
2024-07-24,MFG05,111.97
2024-07-25,MFG05,109.7
2024-07-26,MFG05,111.01
2024-07-29,MFG05,112.69
2024-07-30,MFG05,112.68
2024-07-31,MFG05,113.26
2024-08-01,MFG05,116.87
2024-08-02,MFG05,116.57
2024-08-05,MFG05,114.63
2024-08-06,MFG05,115.86
2024-08-07,MFG05,113.53
2024-08-08,MFG05,113.13
2024-08-09,MFG05,111.95
2024-08-12,MFG05,110.57
2024-08-13,MFG05,110.1
2024-08-14,MFG05,111.92
2024-08-15,MFG05,114.18
2024-08-16,MFG05,116.12
2024-08-19,MFG05,116.85
2024-08-20,MFG05,116.35
2024-08-21,MFG05,111.44
2024-08-22,MFG05,112.21
2024-08-23,MFG05,107.64
2024-08-26,MFG05,103.95
2024-08-27,MFG05,103.68
2024-08-28,MFG05,104.2
2024-08-29,MFG05,103.39
2024-08-30,MFG05,106.28
2024-09-02,MFG05,107.19
2024-09-03,MFG05,106.74
2024-09-04,MFG05,109.44
2024-09-05,MFG05,112.56
2024-09-06,MFG05,113.63
2024-09-09,MFG05,112.08
2024-09-10,MFG05,111.0
2024-09-11,MFG05,108.14
2024-09-12,MFG05,108.09
2024-09-13,MFG05,106.08
2024-09-16,MFG05,105.49
2024-09-17,MFG05,106.01
2024-09-18,MFG05,102.26
2024-09-19,MFG05,99.96
2024-09-20,MFG05,99.08
2024-09-23,MFG05,99.02
2024-09-24,MFG05,98.17
2024-09-25,MFG05,97.72
2024-09-26,MFG05,96.51
2024-09-27,MFG05,94.02
2024-09-30,MFG05,93.14
2024-10-01,MFG05,92.81
2024-10-02,MFG05,92.32
2024-10-03,MFG05,92.53
2024-10-04,MFG05,93.26
2024-10-07,MFG05,94.43
2024-10-08,MFG05,93.38
2024-10-09,MFG05,90.76
2024-10-10,MFG05,92.87
2024-10-11,MFG05,93.54
2024-10-14,MFG05,91.96
2024-10-15,MFG05,92.45
2024-10-16,MFG05,94.25
2024-10-17,MFG05,97.21
2024-10-18,MFG05,97.68
2024-10-21,MFG05,99.57
2024-10-22,MFG05,97.44
2024-10-23,MFG05,97.4
2024-10-24,MFG05,96.84
2024-10-25,MFG05,97.47
2024-10-28,MFG05,100.33
2024-10-29,MFG05,100.81
2024-10-30,MFG05,99.14
2024-10-31,MFG05,96.91
2024-11-01,MFG05,99.81
2024-11-04,MFG05,100.76
2024-11-05,MFG05,101.61
2024-11-06,MFG05,101.01
2024-11-07,MFG05,101.53
2024-11-08,MFG05,99.75
2024-11-11,MFG05,100.48
2024-11-12,MFG05,98.38
2024-11-13,MFG05,97.78
2024-11-14,MFG05,96.67
2024-11-15,MFG05,91.03
2024-11-18,MFG05,90.49
2024-11-19,MFG05,89.06
2024-11-20,MFG05,88.75
2024-11-21,MFG05,88.78
2024-11-22,MFG05,91.63
2024-11-25,MFG05,92.16
2024-11-26,MFG05,92.74
2024-11-27,MFG05,93.59
2024-11-28,MFG05,95.09
2024-11-29,MFG05,95.9
2024-12-02,MFG05,96.41
2024-12-03,MFG05,97.68
2024-12-04,MFG05,93.44
2024-12-05,MFG05,96.98
2024-12-06,MFG05,99.78
2024-12-09,MFG05,100.2
2024-12-10,MFG05,97.69
2024-12-11,MFG05,99.84
2024-12-12,MFG05,98.63
2024-12-13,MFG05,99.6
2024-12-16,MFG05,97.33
2024-12-17,MFG05,101.26
2024-12-18,MFG05,98.66
2024-12-19,MFG05,98.82
2024-12-20,MFG05,95.07
2024-12-23,MFG05,95.03
2024-12-24,MFG05,94.33
2024-12-25,MFG05,96.29
2024-12-26,MFG05,95.58
2024-12-27,MFG05,97.57
2024-12-30,MFG05,95.8
2024-12-31,MFG05,95.34
2025-01-01,MFG05,94.92
2025-01-02,MFG05,95.8
2025-01-03,MFG05,96.46
2025-01-06,MFG05,97.74
2025-01-07,MFG05,98.24
2025-01-08,MFG05,99.44
2025-01-09,MFG05,97.86
2025-01-10,MFG05,98.58
2025-01-13,MFG05,101.46
2025-01-14,MFG05,98.42
2025-01-15,MFG05,99.32
2025-01-16,MFG05,100.56
2025-01-17,MFG05,103.23
2025-01-20,MFG05,104.61
2025-01-21,MFG05,104.83
2025-01-22,MFG05,105.68
2025-01-23,MFG05,104.31
2025-01-24,MFG05,103.61
2025-01-27,MFG05,101.15
2025-01-28,MFG05,103.89
2025-01-29,MFG05,104.77
2025-01-30,MFG05,103.07
2025-01-31,MFG05,103.6
2025-02-03,MFG05,105.8
2025-02-04,MFG05,107.72
2025-02-05,MFG05,105.95
2025-02-06,MFG05,100.01
2025-02-07,MFG05,100.75
2025-02-10,MFG05,99.17
2025-02-11,MFG05,100.31
2025-02-12,MFG05,102.06
2025-02-13,MFG05,104.13
2025-02-14,MFG05,107.44
2025-02-17,MFG05,109.86
2025-02-18,MFG05,113.35
2025-02-19,MFG05,116.2
2025-02-20,MFG05,119.3
2025-02-21,MFG05,119.25
2025-02-24,MFG05,116.52
2025-02-25,MFG05,121.76
2025-02-26,MFG05,121.93
2025-02-27,MFG05,124.67
2025-02-28,MFG05,123.47
2025-03-03,MFG05,125.65
2025-03-04,MFG05,120.16
2025-03-05,MFG05,119.3
2025-03-06,MFG05,119.13
2025-03-07,MFG05,120.16
2025-03-10,MFG05,122.51
2025-03-11,MFG05,120.14
2025-03-12,MFG05,121.6
2025-03-13,MFG05,124.32
2025-03-14,MFG05,129.61
2025-03-17,MFG05,131.29
2025-03-18,MFG05,130.25
2025-03-19,MFG05,127.3
2025-03-20,MFG05,131.53
2025-03-21,MFG05,133.32
2025-03-24,MFG05,133.31
2025-03-25,MFG05,129.46
2025-03-26,MFG05,127.33
2025-03-27,MFG05,128.81
2025-03-28,MFG05,129.67
2025-03-31,MFG05,125.17
2025-04-01,MFG05,126.63
2025-04-02,MFG05,123.1
2025-04-03,MFG05,126.13
2025-04-04,MFG05,126.64
2025-04-07,MFG05,125.62
2025-04-08,MFG05,127.9
2025-04-09,MFG05,128.75
2025-04-10,MFG05,131.86
2025-04-11,MFG05,132.09
2025-04-14,MFG05,132.46
2025-04-15,MFG05,131.82
2025-04-16,MFG05,132.49
2025-04-17,MFG05,136.58
2025-04-18,MFG05,135.38
2025-04-21,MFG05,137.0
2025-04-22,MFG05,134.87
2025-04-23,MFG05,129.89
2025-04-24,MFG05,130.42
2025-04-25,MFG05,131.33
2025-04-28,MFG05,131.1
2025-04-29,MFG05,127.61
2025-04-30,MFG05,128.35
2025-05-01,MFG05,129.01
2025-05-02,MFG05,126.98
2025-05-05,MFG05,123.92
2025-05-06,MFG05,123.4
2025-05-07,MFG05,124.89
2025-05-08,MFG05,125.86
2025-05-09,MFG05,123.9
2025-05-12,MFG05,124.24
2025-05-13,MFG05,126.27
2025-05-14,MFG05,123.64
2025-05-15,MFG05,123.82
2025-05-16,MFG05,126.84
2025-05-19,MFG05,123.97
2025-05-20,MFG05,126.58
2025-05-21,MFG05,130.31
2025-05-22,MFG05,129.83
2025-05-23,MFG05,129.06
2025-05-26,MFG05,131.5
2025-05-27,MFG05,131.1
2025-05-28,MFG05,125.59
2025-05-29,MFG05,125.4
2025-05-30,MFG05,126.5
2025-06-02,MFG05,128.23
2025-06-03,MFG05,126.23
2025-06-04,MFG05,125.66
2025-06-05,MFG05,127.9
2025-06-06,MFG05,127.8
2025-06-09,MFG05,124.33
2025-06-10,MFG05,127.13
2025-06-11,MFG05,126.68
2025-06-12,MFG05,129.21
2025-06-13,MFG05,126.0
2025-06-16,MFG05,125.76
2025-06-17,MFG05,126.95
2025-06-18,MFG05,126.79
2025-06-19,MFG05,124.13
2025-06-20,MFG05,118.84
2025-06-23,MFG05,122.13
2025-06-24,MFG05,122.71
2025-06-25,MFG05,125.33
2025-06-26,MFG05,127.46
2025-06-27,MFG05,128.87
2025-06-30,MFG05,128.16
2025-07-01,MFG05,129.33
2025-07-02,MFG05,132.7
2025-07-03,MFG05,132.94
2025-07-04,MFG05,137.53
2025-07-07,MFG05,133.86
2025-07-08,MFG05,130.03
2025-07-09,MFG05,132.38
2025-07-10,MFG05,130.47
2025-07-11,MFG05,135.31
2025-07-14,MFG05,138.6
2025-07-15,MFG05,142.61
2025-07-16,MFG05,144.92
2025-07-17,MFG05,142.56
2025-07-18,MFG05,138.34
2025-07-21,MFG05,142.11
2025-07-22,MFG05,138.32
2025-07-23,MFG05,142.3
2025-07-24,MFG05,144.06
2025-07-25,MFG05,143.91
2025-07-28,MFG05,145.09
2025-07-29,MFG05,146.35
2025-07-30,MFG05,145.86
2025-07-31,MFG05,149.65
2025-08-01,MFG05,153.44
2025-08-04,MFG05,153.92
2025-08-05,MFG05,152.3
2025-08-06,MFG05,155.93
2025-08-07,MFG05,150.3
2025-08-08,MFG05,151.55
2025-08-11,MFG05,153.61
2025-08-12,MFG05,151.36
2025-08-13,MFG05,154.06
2025-08-14,MFG05,154.04
2025-08-15,MFG05,152.57
2025-08-18,MFG05,155.26
2025-08-19,MFG05,152.27
2025-08-20,MFG05,154.7
2025-08-21,MFG05,149.23
2025-08-22,MFG05,150.04
2025-08-25,MFG05,150.2
2025-08-26,MFG05,148.79
2025-08-27,MFG05,149.88
2025-08-28,MFG05,149.71
2025-08-29,MFG05,152.59
2025-09-01,MFG05,154.18
2025-09-02,MFG05,155.48
2025-09-03,MFG05,156.34
2025-09-04,MFG05,155.06
2025-09-05,MFG05,154.27
2025-09-08,MFG05,155.0
2025-09-09,MFG05,154.56
2025-09-10,MFG05,157.7
2025-09-11,MFG05,158.02
2025-09-12,MFG05,159.13
2025-09-15,MFG05,155.16
2025-09-16,MFG05,157.84
2025-09-17,MFG05,156.24
2025-09-18,MFG05,153.35
2025-09-19,MFG05,157.94
2025-09-22,MFG05,159.97
2025-09-23,MFG05,162.84
2025-09-24,MFG05,164.22
2025-09-25,MFG05,163.99
2025-09-26,MFG05,163.22
2025-09-29,MFG05,165.55
2025-09-30,MFG05,168.98
2025-10-01,MFG05,168.82
2025-10-02,MFG05,175.17
2025-10-03,MFG05,174.6
2025-10-06,MFG05,170.27
2025-10-07,MFG05,165.05
2025-10-08,MFG05,160.08
2025-10-09,MFG05,158.94
2025-10-10,MFG05,158.32
2025-10-13,MFG05,160.31
2025-10-14,MFG05,160.28
2025-10-15,MFG05,162.76
2025-10-16,MFG05,162.94
2025-10-17,MFG05,163.03
2025-10-20,MFG05,161.38
2025-10-21,MFG05,165.56
2025-10-22,MFG05,161.05
2025-10-23,MFG05,161.97
2025-10-24,MFG05,161.49
2025-10-27,MFG05,163.81
2025-10-28,MFG05,163.8
2025-10-29,MFG05,163.87
2025-10-30,MFG05,163.14
2025-10-31,MFG05,167.28
2025-11-03,MFG05,167.33
2025-11-04,MFG05,173.32
2025-11-05,MFG05,174.22
2025-11-06,MFG05,174.34
2025-11-07,MFG05,173.94
2025-11-10,MFG05,175.75
2025-11-11,MFG05,173.95
2025-11-12,MFG05,174.45
2025-11-13,MFG05,174.53
2025-11-14,MFG05,175.61
2025-11-17,MFG05,176.76
2025-11-18,MFG05,178.1
2025-11-19,MFG05,178.45
2025-11-20,MFG05,183.55
2025-11-21,MFG05,185.0
2025-11-24,MFG05,193.73
2025-11-25,MFG05,193.96
2025-11-26,MFG05,197.37
2025-11-27,MFG05,194.85
2025-11-28,MFG05,199.82
2025-12-01,MFG05,197.35
2025-12-02,MFG05,199.03
2025-12-03,MFG05,198.14
2025-12-04,MFG05,199.81
2025-12-05,MFG05,199.03
2025-12-08,MFG05,196.26
2025-12-09,MFG05,195.36
2025-12-10,MFG05,200.84
2025-12-11,MFG05,202.59
2025-12-12,MFG05,197.95
2025-12-15,MFG05,201.91
2025-12-16,MFG05,198.73
2025-12-17,MFG05,201.45
2025-12-18,MFG05,203.52
2025-12-19,MFG05,205.83
2025-12-22,MFG05,212.76
2025-12-23,MFG05,209.65
2025-12-24,MFG05,212.02
2025-12-25,MFG05,216.89
2025-12-26,MFG05,214.44
2025-12-29,MFG05,211.63
2025-12-30,MFG05,210.6
2025-12-31,MFG05,211.89
2026-01-01,MFG05,206.58
2026-01-02,MFG05,208.69
2026-01-05,MFG05,203.46
2026-01-06,MFG05,208.26
2026-01-07,MFG05,210.25
2026-01-08,MFG05,217.55
2026-01-09,MFG05,220.24
2026-01-12,MFG05,219.09
2026-01-13,MFG05,216.01
2026-01-14,MFG05,217.0
2026-01-15,MFG05,216.95
2026-01-16,MFG05,221.65
2026-01-19,MFG05,218.01
2026-01-20,MFG05,226.0
2026-01-21,MFG05,231.26
2026-01-22,MFG05,230.48
2026-01-23,MFG05,238.01
2026-01-26,MFG05,234.72
2026-01-27,MFG05,235.66
2026-01-28,MFG05,230.32
2026-01-29,MFG05,238.04
2026-01-30,MFG05,231.06
2026-02-02,MFG05,225.14
2026-02-03,MFG05,222.63
2026-02-04,MFG05,228.0
2026-02-05,MFG05,231.98
2026-02-06,MFG05,232.56
2026-02-09,MFG05,236.9
2026-02-10,MFG05,236.48
2026-02-11,MFG05,238.35
2026-02-12,MFG05,245.5
2026-02-13,MFG05,244.49
2026-02-16,MFG05,241.19
2026-02-17,MFG05,243.3
2026-02-18,MFG05,246.62
2026-02-19,MFG05,247.18
2026-02-20,MFG05,251.72
2026-02-23,MFG05,250.88
2026-02-24,MFG05,251.54
2026-02-25,MFG05,253.31
2026-02-26,MFG05,254.69
2026-02-27,MFG05,262.17
2026-03-02,MFG05,263.99
